{
"type": "FeatureCollection",
"name": "anu_bulidings",
"features": [
{ "type": "Feature", "properties": { "fid": 1, "Layer": "TPX_BUILDINGS_HATCH", "PaperSpace": null, "SubClasses": "AcDbEntity:AcDbHatch", "Linetype": null, "EntityHandle": "534D", "Text": "SOLID" }, "geometry": { "type": "Polygon", "coordinates": [ [ [ -0.000000242027454, 703.272274590097368, 0.0421 ], [ -0.000000242027454, 689.536711311899126, 0.0421 ], [ 6.6962745153578, 698.060305214487016, 0.0421 ], [ -0.000000242027454, 703.272274590097368, 0.0421 ] ] ] } },
{ "type": "Feature", "properties": { "fid": 2, "Layer": "TPX_BUILDINGS_HATCH", "PaperSpace": null, "SubClasses": "AcDbEntity:AcDbHatch", "Linetype": null, "EntityHandle": "5355", "Text": "SOLID" }, "geometry": { "type": "Polygon", "coordinates": [ [ [ 0.000000184052624, 518.238628006540239, 0.0421 ], [ 0.000000184052624, 476.542864418588579, 0.0421 ], [ 15.304323380463757, 496.241330719552934, 0.0421 ], [ 1.023814385407604, 507.233790970407426, 0.0421 ], [ 6.910443490021862, 513.122911072336137, 0.0421 ], [ 0.000000184052624, 518.238628006540239, 0.0421 ] ] ] } },
{ "type": "Feature", "properties": { "fid": 3, "Layer": "TPX_BUILDINGS_HATCH", "PaperSpace": null, "SubClasses": "AcDbEntity:AcDbHatch", "Linetype": null, "EntityHandle": "535D", "Text": "SOLID" }, "geometry": { "type": "Polygon", "coordinates": [ [ [ 43.829142448608764, 477.675214386545122, 0.0421 ], [ 34.472859260742553, 464.868732071481645, 0.0421 ], [ 44.348736641113646, 457.288633919321001, 0.0421 ], [ 50.757643577759154, 465.896602249704301, 0.0421 ], [ 48.436645385925658, 474.39162693079561, 0.0421 ], [ 43.829142448608764, 477.675214386545122, 0.0421 ] ] ] } },
{ "type": "Feature", "properties": { "fid": 4, "Layer": "TPX_BUILDINGS_HATCH", "PaperSpace": null, "SubClasses": "AcDbEntity:AcDbHatch", "Linetype": null, "EntityHandle": "5370", "Text": "SOLID" }, "geometry": { "type": "Polygon", "coordinates": [ [ [ 391.945194122497924, 480.988839722238481, 0.0421 ], [ 371.678561088745482, 455.099077797494829, 0.0421 ], [ 387.74791609973181, 442.669353104196489, 0.0421 ], [ 399.489145157043822, 440.187154388986528, 0.0421 ], [ 398.673626777832396, 435.25501689966768, 0.0421 ], [ 415.757258293335326, 422.170933342538774, 0.0421 ], [ 418.425722000305541, 437.129052734933794, 0.0421 ], [ 427.857739326660521, 435.606313324533403, 0.0421 ], [ 430.978442070190795, 455.104830360971391, 0.0421 ], [ 421.968881485168822, 456.807181931100786, 0.0421 ], [ 429.107594368164428, 498.182110405527055, 0.0421 ], [ 415.699621078674681, 509.101073837839067, 0.0421 ], [ 413.625226852600463, 507.003648377023637, 0.0421 ], [ 404.002603408996947, 460.554756737314165, 0.0421 ], [ 393.143772003357299, 462.596339798532426, 0.0421 ], [ 396.020077583496459, 480.035913086496294, 0.0421 ], [ 391.945194122497924, 480.988839722238481, 0.0421 ] ] ] } },
{ "type": "Feature", "properties": { "fid": 5, "Layer": "TPX_BUILDINGS_HATCH", "PaperSpace": null, "SubClasses": "AcDbEntity:AcDbHatch", "Linetype": null, "EntityHandle": "5387", "Text": "SOLID" }, "geometry": { "type": "Polygon", "coordinates": [ [ [ 286.757512924377806, 494.483769035898149, 0.0421 ], [ 278.085963127319701, 483.072271919809282, 0.0421 ], [ 285.179222938721068, 477.726639366708696, 0.0421 ], [ 289.477305290405639, 483.372154808603227, 0.0421 ], [ 306.072749969665892, 470.853637314401567, 0.0421 ], [ 301.446783897583373, 464.771238899789751, 0.0421 ], [ 308.808633682434447, 459.220075226388872, 0.0421 ], [ 317.742031929199584, 470.958869553171098, 0.0421 ], [ 316.058262703125365, 472.22678146418184, 0.0421 ], [ 321.592257377807982, 479.488285637460649, 0.0421 ], [ 323.526926872436889, 478.037435150705278, 0.0421 ], [ 332.038903114502318, 489.219256973825395, 0.0421 ], [ 324.650226471130736, 494.793209648691118, 0.0421 ], [ 320.717331764404662, 489.628190613351762, 0.0421 ], [ 303.736657974426635, 502.432427025400102, 0.0421 ], [ 308.193916198913939, 508.285384750925004, 0.0421 ], [ 301.029059288208373, 513.688055611215532, 0.0421 ], [ 292.0580729219364, 501.894560432992876, 0.0421 ], [ 294.637487289612181, 499.952706909738481, 0.0421 ], [ 289.121934768860228, 492.701890564523637, 0.0421 ], [ 286.757512924377806, 494.483769035898149, 0.0421 ] ] ] } },
{ "type": "Feature", "properties": { "fid": 6, "Layer": "TPX_BUILDINGS_HATCH", "PaperSpace": null, "SubClasses": "AcDbEntity:AcDbHatch", "Linetype": null, "EntityHandle": "538E", "Text": "SOLID" }, "geometry": { "type": "Polygon", "coordinates": [ [ [ 176.094724533264525, 502.62342510279268, 0.0421 ], [ 165.178916809265502, 488.39663181360811, 0.0421 ], [ 184.86177336901892, 473.426262474618852, 0.0421 ], [ 195.777359840576537, 487.641940689645708, 0.0421 ], [ 176.094724533264525, 502.62342510279268, 0.0421 ] ] ] } },
{ "type": "Feature", "properties": { "fid": 7, "Layer": "TPX_BUILDINGS_HATCH", "PaperSpace": null, "SubClasses": "AcDbEntity:AcDbHatch", "Linetype": null, "EntityHandle": "53AA", "Text": "SOLID" }, "geometry": { "type": "Polygon", "coordinates": [ [ [ 53.398916122619994, 482.164907074533403, 0.0421 ], [ 48.436645385925658, 474.39162693079561, 0.0421 ], [ 50.757643577759154, 465.896602249704301, 0.0421 ], [ 53.568857071106322, 463.727908707223833, 0.0421 ], [ 49.663345215027221, 458.983911133371294, 0.0421 ], [ 60.235278961365111, 451.610862351022661, 0.0421 ], [ 66.783318397705443, 446.299264526925981, 0.0421 ], [ 73.293407318298705, 455.382257080636919, 0.0421 ], [ 87.014919159119017, 473.999335861764848, 0.0421 ], [ 84.761283752624877, 475.856474495492876, 0.0421 ], [ 87.090371010010131, 477.526807404123247, 0.0421 ], [ 91.841190216247924, 473.285724258981645, 0.0421 ], [ 113.088804123108275, 493.595103836618364, 0.0421 ], [ 102.088526603882201, 505.194522476755083, 0.0421 ], [ 98.171097633545287, 506.277118301950395, 0.0421 ], [ 81.005324241821654, 518.951700783334672, 0.0421 ], [ 70.655768272583373, 506.088811493478715, 0.0421 ], [ 79.288213607971556, 499.090158081613481, 0.0421 ], [ 72.049411651794799, 492.530845261178911, 0.0421 ], [ 77.91579997271765, 485.558059311471879, 0.0421 ], [ 75.813735840027221, 482.162716484628618, 0.0421 ], [ 74.018403885071166, 483.321988678537309, 0.0421 ], [ 68.98680770129431, 478.690865135751665, 0.0421 ], [ 72.2172526094364, 476.124778366647661, 0.0421 ], [ 68.60265528887976, 470.941753006540239, 0.0421 ], [ 53.398916122619994, 482.164907074533403, 0.0421 ] ] ] } },
{ "type": "Feature", "properties": { "fid": 8, "Layer": "TPX_BUILDINGS_HATCH", "PaperSpace": null, "SubClasses": "AcDbEntity:AcDbHatch", "Linetype": null, "EntityHandle": "53B1", "Text": "SOLID" }, "geometry": { "type": "Polygon", "coordinates": [ [ [ 117.299789306824096, 561.112539864145219, 0.0421 ], [ 86.6665934297489, 520.68393478449434, 0.0421 ], [ 118.826793548767455, 497.212294197641313, 0.0421 ], [ 149.22252833575476, 536.746958351694047, 0.0421 ], [ 117.299789306824096, 561.112539864145219, 0.0421 ] ] ] } },
{ "type": "Feature", "properties": { "fid": 9, "Layer": "TPX_BUILDINGS_HATCH", "PaperSpace": null, "SubClasses": "AcDbEntity:AcDbHatch", "Linetype": null, "EntityHandle": "53BC", "Text": "SOLID" }, "geometry": { "type": "Polygon", "coordinates": [ [ [ 145.270295974914916, 592.775310135446489, 0.0421 ], [ 122.337859031860717, 562.214416122995317, 0.0421 ], [ 159.295625564758666, 534.556025124154985, 0.0421 ], [ 182.739115593140014, 564.329050636850297, 0.0421 ], [ 170.569551346008666, 574.022563553415239, 0.0421 ], [ 172.257332679932006, 575.917457199655473, 0.0421 ], [ 158.1141031953739, 586.51881084498018, 0.0421 ], [ 156.487072822754271, 584.911156273446977, 0.0421 ], [ 145.270295974914916, 592.775310135446489, 0.0421 ] ] ] } },
{ "type": "Feature", "properties": { "fid": 10, "Layer": "TPX_BUILDINGS_HATCH", "PaperSpace": null, "SubClasses": "AcDbEntity:AcDbHatch", "Linetype": null, "EntityHandle": "53C6", "Text": "SOLID" }, "geometry": { "type": "Polygon", "coordinates": [ [ [ 148.246434089844115, 667.22196254786104, 0.0421 ], [ 137.315783378784545, 653.583628273569047, 0.0421 ], [ 148.678111908142455, 644.861848450265825, 0.0421 ], [ 185.227951881592162, 692.965393639169633, 0.0421 ], [ 167.339083549682982, 706.310361481271684, 0.0421 ], [ 142.693051216308959, 674.365655518136919, 0.0421 ], [ 141.510716316406615, 671.849566078744829, 0.0421 ], [ 148.246434089844115, 667.22196254786104, 0.0421 ] ] ] } },
{ "type": "Feature", "properties": { "fid": 11, "Layer": "TPX_BUILDINGS_HATCH", "PaperSpace": null, "SubClasses": "AcDbEntity:AcDbHatch", "Linetype": null, "EntityHandle": "53CC", "Text": "SOLID" }, "geometry": { "type": "Polygon", "coordinates": [ [ [ 176.757588264648803, 850.382792781107128, 0.0421 ], [ 171.755510208313353, 850.382792781107128, 0.0421 ], [ 174.856899139587767, 847.967706034891307, 0.0421 ], [ 176.757588264648803, 850.382792781107128, 0.0421 ] ] ] } },
{ "type": "Feature", "properties": { "fid": 12, "Layer": "TPX_BUILDINGS_HATCH", "PaperSpace": null, "SubClasses": "AcDbEntity:AcDbHatch", "Linetype": null, "EntityHandle": "53D3", "Text": "SOLID" }, "geometry": { "type": "Polygon", "coordinates": [ [ [ 257.258533355896361, 850.382792656309903, 0.0421 ], [ 253.029310104553588, 815.831362907774746, 0.0421 ], [ 267.369259712402709, 812.705560867674649, 0.0421 ], [ 272.770873901550658, 850.382792656309903, 0.0421 ], [ 257.258533355896361, 850.382792656309903, 0.0421 ] ] ] } },
{ "type": "Feature", "properties": { "fid": 13, "Layer": "TPX_BUILDINGS_HATCH", "PaperSpace": null, "SubClasses": "AcDbEntity:AcDbHatch", "Linetype": null, "EntityHandle": "54AC", "Text": "SOLID" }, "geometry": { "type": "Polygon", "coordinates": [ [ [ 299.152763244812377, 531.040752983652055, 0.0421 ], [ 297.601646301453002, 529.154053307138383, 0.0421 ], [ 299.384302971069701, 527.82854042109102, 0.0421 ], [ 299.413634178345092, 527.073263741098344, 0.0421 ], [ 298.604966995422728, 525.858727074228227, 0.0421 ], [ 298.711486694519408, 524.458127594552934, 0.0421 ], [ 301.683552620117553, 522.152737236581743, 0.0421 ], [ 304.464643356506713, 522.403921700082719, 0.0421 ], [ 305.229060051147826, 521.976935005746782, 0.0421 ], [ 306.281838295166381, 523.541371918283403, 0.0421 ], [ 308.201890823547728, 522.257305718027055, 0.0421 ], [ 309.700135109131224, 522.524861908517778, 0.0421 ], [ 309.91265284747351, 521.399436569772661, 0.0421 ], [ 311.276083824341185, 520.471319771371782, 0.0421 ], [ 312.189299461548217, 520.618230438791215, 0.0421 ], [ 312.292183754150756, 519.472957230173051, 0.0421 ], [ 314.378654358093627, 517.885685539804399, 0.0421 ], [ 315.785891411011107, 519.853149033151567, 0.0421 ], [ 316.730029937927611, 519.744147873483598, 0.0421 ], [ 318.442285415832885, 518.53111610468477, 0.0421 ], [ 319.909090873901732, 520.730355835519731, 0.0421 ], [ 319.822500106994994, 521.786498642526567, 0.0421 ], [ 320.840598938171752, 521.731402016244829, 0.0421 ], [ 322.332557556335814, 523.830222702585161, 0.0421 ], [ 320.371270057861693, 524.038692093454301, 0.0421 ], [ 320.211264488403685, 524.641398048959672, 0.0421 ], [ 321.302877304260619, 525.894263840280473, 0.0421 ], [ 320.951537010376342, 526.911685562692583, 0.0421 ], [ 322.429450866882689, 527.079794502817094, 0.0421 ], [ 322.427214500610717, 526.125434494577348, 0.0421 ], [ 323.94243514270056, 525.060892677865922, 0.0421 ], [ 325.025872108642943, 525.08208046015352, 0.0421 ], [ 325.115550872986205, 524.170142746530473, 0.0421 ], [ 327.156537887756713, 522.583842850290239, 0.0421 ], [ 328.515683052246459, 524.430258370004594, 0.0421 ], [ 329.399233696167357, 524.466825104318559, 0.0421 ], [ 331.343247291748412, 523.026871300302446, 0.0421 ], [ 332.885917541687377, 525.368755913339555, 0.0421 ], [ 332.770613548462279, 526.358927345834672, 0.0421 ], [ 333.743942138855346, 526.338080978952348, 0.0421 ], [ 335.217711326782592, 528.437289810739458, 0.0421 ], [ 333.175061104004271, 529.945943451486528, 0.0421 ], [ 333.033723709289916, 530.570445633493364, 0.0421 ], [ 334.380992767517455, 531.862226105295122, 0.0421 ], [ 334.208258506958373, 532.720453835092485, 0.0421 ], [ 335.373565551941283, 532.739887810312212, 0.0421 ], [ 335.402892944519408, 531.984611130319536, 0.0421 ], [ 337.087384102051146, 530.74997482355684, 0.0421 ], [ 337.971886512939818, 530.830911255441606, 0.0421 ], [ 338.153241989319213, 529.950302696786821, 0.0421 ], [ 340.32039153308142, 528.305808640085161, 0.0421 ], [ 341.726448890869506, 530.217804527841508, 0.0421 ], [ 342.485024330322631, 530.368024445138872, 0.0421 ], [ 344.103937980835326, 529.04600868280977, 0.0421 ], [ 345.768262741272338, 531.118939018808305, 0.0421 ], [ 345.488746521179564, 532.09043178614229, 0.0421 ], [ 346.765587684814818, 532.218453026376665, 0.0421 ], [ 348.062725898926146, 534.143878555856645, 0.0421 ], [ 346.362655517761596, 535.500925636850297, 0.0421 ], [ 346.117150184814818, 536.360712624154985, 0.0421 ], [ 347.178151962463744, 537.458862877450883, 0.0421 ], [ 347.086575386230834, 538.282059288583696, 0.0421 ], [ 348.129045364563353, 538.514979935251176, 0.0421 ], [ 348.783079025452025, 539.732824898324907, 0.0421 ], [ 349.612290260498412, 539.781651115976274, 0.0421 ], [ 351.372947570984252, 538.279034233652055, 0.0421 ], [ 352.977401611511596, 540.530809975229204, 0.0421 ], [ 352.869769928161986, 541.454229927621782, 0.0421 ], [ 353.752610084717162, 541.457516289316118, 0.0421 ], [ 355.248618957703002, 543.744907951913774, 0.0421 ], [ 353.297883865539916, 545.295987701974809, 0.0421 ], [ 354.948296425049193, 547.568974114023149, 0.0421 ], [ 352.810876724426635, 548.902097321115434, 0.0421 ], [ 351.473208305542357, 548.908552742563188, 0.0421 ], [ 351.466826317016967, 549.885293579660356, 0.0421 ], [ 350.213028785889037, 550.833263016305864, 0.0421 ], [ 349.082679626648314, 550.74649581965059, 0.0421 ], [ 348.992391464416869, 552.479682541452348, 0.0421 ], [ 350.012156364624389, 552.502231216989458, 0.0421 ], [ 350.922082779114135, 553.770084000192583, 0.0421 ], [ 351.752245781128295, 553.863280869089067, 0.0421 ], [ 353.400895950500853, 552.229889488779008, 0.0421 ], [ 355.070453521911986, 554.546857452951372, 0.0421 ], [ 354.901046631042846, 555.560383415780962, 0.0421 ], [ 355.87247836322058, 555.45079383905977, 0.0421 ], [ 357.104757187073119, 557.32211837824434, 0.0421 ], [ 355.509260055725463, 558.887785530649126, 0.0421 ], [ 355.534445640747435, 560.063609695993364, 0.0421 ], [ 356.804841873352416, 561.590087509714067, 0.0421 ], [ 354.79405867785681, 562.887204742990434, 0.0421 ], [ 353.606753227417357, 562.690680122934282, 0.0421 ], [ 353.632175323669799, 563.877597427926958, 0.0421 ], [ 352.413811561767943, 564.780417061410844, 0.0421 ], [ 351.202779648010619, 564.75086650904268, 0.0421 ], [ 351.050477859680541, 566.563066101633012, 0.0421 ], [ 352.10520541400183, 566.518279648385942, 0.0421 ], [ 353.122391578857787, 567.695051766000688, 0.0421 ], [ 353.798864242737181, 567.835931397043169, 0.0421 ], [ 355.544660446350463, 566.48900184687227, 0.0421 ], [ 357.272194740478881, 568.538380241952837, 0.0421 ], [ 357.040061828796752, 569.597640610300004, 0.0421 ], [ 358.056502220337279, 569.464892006479204, 0.0421 ], [ 359.615004417602904, 571.695455170236528, 0.0421 ], [ 357.849589225952514, 572.976219750009477, 0.0421 ], [ 357.810385582153685, 574.120130158029497, 0.0421 ], [ 359.138214943115599, 575.778550720773637, 0.0421 ], [ 357.371373054687865, 576.992759323678911, 0.0421 ], [ 355.876444694702514, 576.880508041940629, 0.0421 ], [ 355.837715980713256, 578.046603775583208, 0.0421 ], [ 354.410129425232299, 578.953904724679887, 0.0421 ], [ 353.434418556396849, 578.863825417123735, 0.0421 ], [ 353.3781412813114, 580.485305405221879, 0.0421 ], [ 354.271507141296752, 580.554953194223344, 0.0421 ], [ 355.071802971069701, 581.802958107553422, 0.0421 ], [ 355.461530563537963, 581.728024101816118, 0.0421 ], [ 356.091095802490599, 581.803321457467973, 0.0421 ], [ 357.810079452698119, 580.479160881601274, 0.0421 ], [ 359.46263777941931, 582.851980782113969, 0.0421 ], [ 359.370110389892943, 583.630806542001665, 0.0421 ], [ 360.278818962280639, 583.566951370798051, 0.0421 ], [ 361.856772300903685, 585.430871582590044, 0.0421 ], [ 359.643890258972533, 587.065251923166215, 0.0421 ], [ 361.252867576782592, 589.527787781320512, 0.0421 ], [ 359.211632606689818, 591.10300216730684, 0.0421 ], [ 358.140915748779662, 590.826296425424516, 0.0421 ], [ 358.102661964599974, 592.014577484689653, 0.0421 ], [ 356.739224312012084, 592.94270000513643, 0.0421 ], [ 355.356540558044799, 592.972316361032426, 0.0421 ], [ 353.763856765930541, 590.420648193918169, 0.0421 ], [ 352.351847526733764, 591.205540276132524, 0.0421 ], [ 348.493533012573607, 590.799876785837114, 0.0421 ], [ 348.580733177368529, 588.922484970651567, 0.0421 ], [ 347.261252281372435, 588.928550339303911, 0.0421 ], [ 346.676899788086303, 587.564941979013383, 0.0421 ], [ 345.587039825622924, 587.244253731332719, 0.0421 ], [ 343.717212555115111, 588.749207115732133, 0.0421 ], [ 342.252460357849486, 587.07152137812227, 0.0421 ], [ 342.463788864319213, 585.890631294809282, 0.0421 ], [ 341.207033035461791, 585.850961304269731, 0.0421 ], [ 339.590322372619994, 583.876889801584184, 0.0421 ], [ 341.669846412842162, 582.389642334543169, 0.0421 ], [ 341.870820877258666, 581.575200653634965, 0.0421 ], [ 340.320637581055053, 579.732878304086626, 0.0421 ], [ 342.319241401855834, 578.291754341684282, 0.0421 ], [ 343.405299064819701, 578.434959984384477, 0.0421 ], [ 343.509606239502318, 577.356241798959672, 0.0421 ], [ 344.727022049133666, 576.409052467904985, 0.0421 ], [ 345.746313926880248, 576.409417725168169, 0.0421 ], [ 346.062048790161498, 575.004335976205766, 0.0421 ], [ 345.087289688293822, 574.958626366220415, 0.0421 ], [ 344.425413963501342, 573.374723053537309, 0.0421 ], [ 343.595249054138549, 573.281525230966508, 0.0421 ], [ 341.77233302325476, 574.852059937082231, 0.0421 ], [ 340.129997131531127, 572.956222153268754, 0.0421 ], [ 340.495253441040404, 571.738742447458208, 0.0421 ], [ 339.068991539184935, 571.85807094629854, 0.0421 ], [ 337.252158996765502, 569.888286209665239, 0.0421 ], [ 339.452310440246947, 568.509432411752641, 0.0421 ], [ 339.859893676941283, 567.568490601144731, 0.0421 ], [ 338.231644508545287, 565.905403709970415, 0.0421 ], [ 340.099092361633666, 564.289524651132524, 0.0421 ], [ 341.443415519897826, 564.59366664942354, 0.0421 ], [ 341.370611068909056, 563.31898174341768, 0.0421 ], [ 342.542542335693724, 562.37276706751436, 0.0421 ], [ 343.797393676941283, 562.32369480188936, 0.0421 ], [ 343.958011505310424, 560.899740791879594, 0.0421 ], [ 343.030161735718139, 560.919612503610551, 0.0421 ], [ 342.40626799792517, 559.834295845590532, 0.0421 ], [ 341.377237198059447, 559.379130936227739, 0.0421 ], [ 339.520143387024291, 560.628561592660844, 0.0421 ], [ 338.110926506225951, 558.994077301584184, 0.0421 ], [ 335.20640170306433, 561.053883171640337, 0.0421 ], [ 332.6637858125614, 557.490463829599321, 0.0421 ], [ 330.074263450806029, 553.86146221216768, 0.0421 ], [ 327.076792595093139, 549.031539536081254, 0.0421 ], [ 330.06420314044226, 546.592637634836137, 0.0421 ], [ 328.891737816040404, 544.964179611764848, 0.0421 ], [ 327.190514442627318, 544.567800140939653, 0.0421 ], [ 325.699501869385131, 542.513350105844438, 0.0421 ], [ 325.960114357178099, 541.508969879709184, 0.0421 ], [ 324.660733101074584, 541.603383637033403, 0.0421 ], [ 323.329352256958373, 539.778567886911333, 0.0421 ], [ 325.074670669739135, 538.409458733163774, 0.0421 ], [ 325.180404541199096, 537.397297478280962, 0.0421 ], [ 324.337722656433471, 536.294468498788774, 0.0421 ], [ 324.502381202881224, 535.059090233407915, 0.0421 ], [ 322.817382690613158, 534.995295143686235, 0.0421 ], [ 322.729842064087279, 536.007067299447954, 0.0421 ], [ 321.169611808960326, 537.094769096933305, 0.0421 ], [ 320.172150489990599, 536.83868560846895, 0.0421 ], [ 320.416122314636596, 538.032020187936723, 0.0421 ], [ 318.279888984863646, 539.420597649179399, 0.0421 ], [ 316.937512275879271, 537.507235146127641, 0.0421 ], [ 315.772205230896361, 537.487799263559282, 0.0421 ], [ 314.245676872436889, 538.874416924081743, 0.0421 ], [ 312.712036010925658, 536.954051590524614, 0.0421 ], [ 312.971462127869017, 535.894208527170122, 0.0421 ], [ 311.931606170837767, 535.78330287989229, 0.0421 ], [ 310.261518356506713, 533.865859604440629, 0.0421 ], [ 312.006125328247435, 532.463473892770708, 0.0421 ], [ 312.163756248657592, 531.749841309152544, 0.0421 ], [ 311.27345549792517, 530.548151588998735, 0.0421 ], [ 311.681821701233275, 529.218772507272661, 0.0421 ], [ 309.77803313464392, 529.137465096078813, 0.0421 ], [ 309.821881172363646, 530.335085487924516, 0.0421 ], [ 308.266708252136596, 531.234014130197465, 0.0421 ], [ 307.262288925354369, 531.077957726083696, 0.0421 ], [ 307.205837127869017, 532.266627884469926, 0.0421 ], [ 305.430614349548705, 533.514299011789262, 0.0421 ], [ 303.971885559265502, 531.692208862863481, 0.0421 ], [ 302.887497780029662, 531.626646614633501, 0.0421 ], [ 301.31382357806433, 532.936587906442583, 0.0421 ], [ 300.399322387878783, 531.879686928354204, 0.0421 ], [ 300.537812111084349, 531.122072792612016, 0.0421 ], [ 299.152763244812377, 531.040752983652055, 0.0421 ] ] ] } },
{ "type": "Feature", "properties": { "fid": 14, "Layer": "TPX_BUILDINGS_HATCH", "PaperSpace": null, "SubClasses": "AcDbEntity:AcDbHatch", "Linetype": null, "EntityHandle": "54B3", "Text": "SOLID" }, "geometry": { "type": "Polygon", "coordinates": [ [ [ 338.214409706299193, 527.707242584787309, 0.0421 ], [ 332.907075760071166, 520.407599068246782, 0.0421 ], [ 336.940168258850463, 517.502387619577348, 0.0421 ], [ 342.247504112427123, 524.802029228769243, 0.0421 ], [ 338.214409706299193, 527.707242584787309, 0.0421 ] ] ] } },
{ "type": "Feature", "properties": { "fid": 15, "Layer": "TPX_BUILDINGS_HATCH", "PaperSpace": null, "SubClasses": "AcDbEntity:AcDbHatch", "Linetype": null, "EntityHandle": "54BB", "Text": "SOLID" }, "geometry": { "type": "Polygon", "coordinates": [ [ [ 63.274568435852416, 813.31026706751436, 0.0421 ], [ 44.431379196350463, 788.85426006373018, 0.0421 ], [ 60.71480071276892, 776.598176575265825, 0.0421 ], [ 74.908917305176146, 766.228970146737993, 0.0421 ], [ 93.74622046679724, 790.407599068246782, 0.0421 ], [ 63.274568435852416, 813.31026706751436, 0.0421 ] ] ] } },
{ "type": "Feature", "properties": { "fid": 16, "Layer": "TPX_BUILDINGS_HATCH", "PaperSpace": null, "SubClasses": "AcDbEntity:AcDbHatch", "Linetype": null, "EntityHandle": "54D5", "Text": "SOLID" }, "geometry": { "type": "Polygon", "coordinates": [ [ [ 11.272556183044799, 726.938673592172563, 0.0421 ], [ 5.036868927185424, 721.756169891916215, 0.0421 ], [ 9.451113578979857, 718.365767098031938, 0.0421 ], [ 6.497598526184447, 713.457122421823442, 0.0421 ], [ 43.582123634521849, 685.297164536081254, 0.0421 ], [ 40.546562072937377, 681.233713722787797, 0.0421 ], [ 46.586397049133666, 676.831927872262895, 0.0421 ], [ 51.01776587695349, 673.81845912989229, 0.0421 ], [ 54.166842338745482, 677.657523727975786, 0.0421 ], [ 59.177467224304564, 674.920205689035356, 0.0421 ], [ 61.78849398822058, 679.558714485727251, 0.0421 ], [ 61.907106277649291, 685.105051613412797, 0.0421 ], [ 59.826072570984252, 689.078157997690141, 0.0421 ], [ 56.524183151428588, 692.988589859567583, 0.0421 ], [ 53.105923530762084, 688.478319740854204, 0.0421 ], [ 51.836492416565306, 689.548654175363481, 0.0421 ], [ 50.862270233337767, 690.379622078500688, 0.0421 ], [ 56.931441185181029, 697.563250160776079, 0.0421 ], [ 55.538925049011596, 698.83597621973604, 0.0421 ], [ 57.444465515320189, 701.125753975473344, 0.0421 ], [ 35.864168045227416, 717.623464203439653, 0.0421 ], [ 19.775180694763549, 730.030719376169145, 0.0421 ], [ 15.242553589050658, 724.478877640329301, 0.0421 ], [ 11.272556183044799, 726.938673592172563, 0.0421 ] ] ] } },
{ "type": "Feature", "properties": { "fid": 17, "Layer": "TPX_BUILDINGS_HATCH", "PaperSpace": null, "SubClasses": "AcDbEntity:AcDbHatch", "Linetype": null, "EntityHandle": "54FC", "Text": "SOLID" }, "geometry": { "type": "Polygon", "coordinates": [ [ [ 0.000000233529136, 630.203936195932329, 0.0421 ], [ 0.000000233529136, 626.464971161447465, 0.0421 ], [ 24.264026875374839, 606.694287872873247, 0.0421 ], [ 28.915511364815757, 602.910377121530473, 0.0421 ], [ 26.751343006966636, 600.015749550424516, 0.0421 ], [ 22.373399014351889, 602.972577667795122, 0.0421 ], [ 20.941215748665854, 601.538298225961626, 0.0421 ], [ 20.200931782601401, 599.689704514108598, 0.0421 ], [ 19.774285549996421, 597.612451172433794, 0.0421 ], [ 19.397795910714194, 594.901553726755083, 0.0421 ], [ 19.653324360726401, 591.955187416635454, 0.0421 ], [ 20.534925694344565, 589.772276497446001, 0.0421 ], [ 21.661896939156577, 587.573021507821977, 0.0421 ], [ 22.939310307381675, 586.025316811166704, 0.0421 ], [ 23.199552769539878, 585.853286362253129, 0.0421 ], [ 24.563732380745932, 584.958492851816118, 0.0421 ], [ 27.99989819037728, 589.457291222177446, 0.0421 ], [ 29.460345501778647, 588.38287506159395, 0.0421 ], [ 31.144648785470054, 587.137204742990434, 0.0421 ], [ 23.571658367989585, 576.867252922616899, 0.0421 ], [ 57.223114247201011, 552.043338394723833, 0.0421 ], [ 69.282198185799643, 568.243398285470903, 0.0421 ], [ 42.459276432869956, 588.526627159677446, 0.0421 ], [ 44.781410450814292, 591.573241806589067, 0.0421 ], [ 49.46032356726937, 588.221544838510454, 0.0421 ], [ 51.308571095345542, 590.812185860238969, 0.0421 ], [ 52.314230198739097, 594.430741882883012, 0.0421 ], [ 52.309540028451011, 597.615895844064653, 0.0421 ], [ 51.818304295418784, 600.178883171640337, 0.0421 ], [ 50.782933468697593, 602.831190682016313, 0.0421 ], [ 49.110965008614585, 604.653683281503618, 0.0421 ], [ 47.122038121102378, 606.549539185129106, 0.0421 ], [ 43.758865589974448, 602.060284233652055, 0.0421 ], [ 40.772633786080405, 604.132834053598344, 0.0421 ], [ 48.31995319831185, 614.90272197779268, 0.0421 ], [ 10.404228443978354, 643.757455444894731, 0.0421 ], [ 0.000000233529136, 630.203936195932329, 0.0421 ] ] ] } },
{ "type": "Feature", "properties": { "fid": 18, "Layer": "TPX_BUILDINGS_HATCH", "PaperSpace": null, "SubClasses": "AcDbEntity:AcDbHatch", "Linetype": null, "EntityHandle": "5504", "Text": "SOLID" }, "geometry": { "type": "Polygon", "coordinates": [ [ [ 21.661896583740599, 587.573021507821977, 0.0421 ], [ 7.446319458191283, 574.792724228464067, 0.0421 ], [ 9.130469200317748, 573.114249802194536, 0.0421 ], [ 23.199553367798217, 585.853286362253129, 0.0421 ], [ 22.939309951965697, 586.025316811166704, 0.0421 ], [ 21.661896583740599, 587.573021507821977, 0.0421 ] ] ] } },
{ "type": "Feature", "properties": { "fid": 19, "Layer": "TPX_BUILDINGS_HATCH", "PaperSpace": null, "SubClasses": "AcDbEntity:AcDbHatch", "Linetype": null, "EntityHandle": "5511", "Text": "SOLID" }, "geometry": { "type": "Polygon", "coordinates": [ [ [ -0.000000194995664, 580.417015648446977, 0.0421 ], [ -0.000000194995664, 548.742333031259477, 0.0421 ], [ 4.976080699474551, 549.920002556405962, 0.0421 ], [ 4.022203250438906, 556.809901810251176, 0.0421 ], [ 13.486023707897402, 569.536432838998735, 0.0421 ], [ 9.130469127208926, 573.114249802194536, 0.0421 ], [ 7.446319385082461, 574.792724228464067, 0.0421 ], [ 3.498360438854434, 578.705854034982622, 0.0421 ], [ 1.229045672924258, 578.554612732492387, 0.0421 ], [ 0.48824290803168, 580.512555695138872, 0.0421 ], [ -0.000000194995664, 580.417015648446977, 0.0421 ] ] ] } },
{ "type": "Feature", "properties": { "fid": 20, "Layer": "TPX_BUILDINGS_HATCH", "PaperSpace": null, "SubClasses": "AcDbEntity:AcDbHatch", "Linetype": null, "EntityHandle": "551A", "Text": "SOLID" }, "geometry": { "type": "Polygon", "coordinates": [ [ [ 0.00000032002572, 374.065604782663286, 0.0421 ], [ 0.00000032002572, 355.247373200021684, 0.0421 ], [ 6.779449782916345, 355.47110805567354, 0.0421 ], [ 13.818060241290368, 370.125004387460649, 0.0421 ], [ 13.764252029010095, 372.290216065011919, 0.0421 ], [ 11.599138579913415, 374.456181145273149, 0.0421 ], [ 0.00000032002572, 374.065604782663286, 0.0421 ] ] ] } },
{ "type": "Feature", "properties": { "fid": 21, "Layer": "TPX_BUILDINGS_HATCH", "PaperSpace": null, "SubClasses": "AcDbEntity:AcDbHatch", "Linetype": null, "EntityHandle": "5524", "Text": "SOLID" }, "geometry": { "type": "Polygon", "coordinates": [ [ [ 0.000000400003046, 327.276136971078813, 0.0421 ], [ 0.000000400003046, 288.833815193735063, 0.0421 ], [ 26.862861079629511, 268.590180969797075, 0.0421 ], [ 37.07729379599914, 260.680999374948442, 0.0421 ], [ 47.64754239981994, 274.515793419443071, 0.0421 ], [ 55.718179149087518, 285.085809326730669, 0.0421 ], [ 28.596339625772089, 305.819362259469926, 0.0421 ], [ 0.000000400003046, 327.276136971078813, 0.0421 ] ] ] } },
{ "type": "Feature", "properties": { "fid": 22, "Layer": "TPX_BUILDINGS_HATCH", "PaperSpace": null, "SubClasses": "AcDbEntity:AcDbHatch", "Linetype": null, "EntityHandle": "552C", "Text": "SOLID" }, "geometry": { "type": "Polygon", "coordinates": [ [ [ 26.044899818603881, 361.839881516061723, 0.0421 ], [ 7.206210014526732, 337.550215340219438, 0.0421 ], [ 31.299426910583861, 319.023370361886919, 0.0421 ], [ 36.567963478271849, 325.802405930124223, 0.0421 ], [ 50.147246238891967, 343.31279335077852, 0.0421 ], [ 26.044899818603881, 361.839881516061723, 0.0421 ] ] ] } },
{ "type": "Feature", "properties": { "fid": 23, "Layer": "TPX_BUILDINGS_HATCH", "PaperSpace": null, "SubClasses": "AcDbEntity:AcDbHatch", "Linetype": null, "EntityHandle": "5532", "Text": "SOLID" }, "geometry": { "type": "Polygon", "coordinates": [ [ [ -0.000000336323865, 142.905883408151567, 0.0421 ], [ -0.000000336323865, 114.311469650827348, 0.0421 ], [ 11.865329406107776, 136.65897140558809, 0.0421 ], [ -0.000000336323865, 142.905883408151567, 0.0421 ] ] ] } },
{ "type": "Feature", "properties": { "fid": 24, "Layer": "TPX_BUILDINGS_HATCH", "PaperSpace": null, "SubClasses": "AcDbEntity:AcDbHatch", "Linetype": null, "EntityHandle": "553D", "Text": "SOLID" }, "geometry": { "type": "Polygon", "coordinates": [ [ [ 44.072672722046264, 130.343630409799516, 0.0421 ], [ 38.817673561279662, 124.618600464425981, 0.0421 ], [ 54.698408958618529, 113.591804123483598, 0.0421 ], [ 55.552112457458861, 107.980274773202837, 0.0421 ], [ 60.386098739807494, 105.934772110544145, 0.0421 ], [ 69.960240242187865, 119.579982376657426, 0.0421 ], [ 44.731278297607787, 138.586274719797075, 0.0421 ], [ 39.113748428528197, 138.462267494760454, 0.0421 ], [ 44.072672722046264, 130.343630409799516, 0.0421 ] ] ] } },
{ "type": "Feature", "properties": { "fid": 25, "Layer": "TPX_BUILDINGS_HATCH", "PaperSpace": null, "SubClasses": "AcDbEntity:AcDbHatch", "Linetype": null, "EntityHandle": "5544", "Text": "SOLID" }, "geometry": { "type": "Polygon", "coordinates": [ [ [ 0.00000001071021, 49.036780930124223, 0.0421 ], [ 0.00000001071021, 37.361132240854204, 0.0421 ], [ 13.793448458891362, 37.0264907842502, 0.0421 ], [ 14.079382907133549, 48.695214844308794, 0.0421 ], [ 0.00000001071021, 49.036780930124223, 0.0421 ] ] ] } },
{ "type": "Feature", "properties": { "fid": 26, "Layer": "TPX_BUILDINGS_HATCH", "PaperSpace": null, "SubClasses": "AcDbEntity:AcDbHatch", "Linetype": null, "EntityHandle": "554D", "Text": "SOLID" }, "geometry": { "type": "Polygon", "coordinates": [ [ [ 101.758062240784056, 24.369019127450883, 0.0421 ], [ 93.085734245483764, 12.890808678232133, 0.0421 ], [ 107.461013672058471, 2.118063545785844, 0.0421 ], [ 114.653223869507201, 11.619234657846391, 0.0421 ], [ 105.114550468628295, 18.770520783029497, 0.0421 ], [ 106.603535530273803, 20.736260986886919, 0.0421 ], [ 101.758062240784056, 24.369019127450883, 0.0421 ] ] ] } },
{ "type": "Feature", "properties": { "fid": 27, "Layer": "TPX_BUILDINGS_HATCH", "PaperSpace": null, "SubClasses": "AcDbEntity:AcDbHatch", "Linetype": null, "EntityHandle": "555C", "Text": "SOLID" }, "geometry": { "type": "Polygon", "coordinates": [ [ [ 93.19317042559851, 97.031737900339067, 0.0421 ], [ 87.803927299682982, 89.711530304513872, 0.0421 ], [ 116.887083885376342, 67.537458992563188, 0.0421 ], [ 121.364146110718139, 64.123435593210161, 0.0421 ], [ 99.166045067016967, 34.223798370920122, 0.0421 ], [ 117.089486000244506, 34.040078735910356, 0.0421 ], [ 118.789025184814818, 35.213370895944536, 0.0421 ], [ 120.718088028137572, 33.929146385751665, 0.0421 ], [ 139.554161903564818, 58.107644653879106, 0.0421 ], [ 142.156211731140502, 61.481174088083208, 0.0421 ], [ 148.183321830932982, 69.26490459498018, 0.0421 ], [ 98.151186821167357, 103.761889076791704, 0.0421 ], [ 93.19317042559851, 97.031737900339067, 0.0421 ] ] ] } },
{ "type": "Feature", "properties": { "fid": 28, "Layer": "TPX_BUILDINGS_HATCH", "PaperSpace": null, "SubClasses": "AcDbEntity:AcDbHatch", "Linetype": null, "EntityHandle": "5563", "Text": "SOLID" }, "geometry": { "type": "Polygon", "coordinates": [ [ [ 156.735108253662474, 67.450523949228227, 0.0421 ], [ 146.362875816528685, 53.511741257272661, 0.0421 ], [ 167.720706817810424, 37.761945343576372, 0.0421 ], [ 178.092957374756224, 51.700705147348344, 0.0421 ], [ 156.735108253662474, 67.450523949228227, 0.0421 ] ] ] } },
{ "type": "Feature", "properties": { "fid": 29, "Layer": "TPX_BUILDINGS_HATCH", "PaperSpace": null, "SubClasses": "AcDbEntity:AcDbHatch", "Linetype": null, "EntityHandle": "5587", "Text": "SOLID" }, "geometry": { "type": "Polygon", "coordinates": [ [ [ 303.176333305542357, 76.81151161249727, 0.0421 ], [ 295.703385231201537, 66.961359596811235, 0.0421 ], [ 298.032014724914916, 65.213530159555376, 0.0421 ], [ 304.587941047851928, 60.289982414804399, 0.0421 ], [ 302.8837565156864, 58.051436043344438, 0.0421 ], [ 307.935057518188842, 54.258789635263383, 0.0421 ], [ 310.079824325744994, 57.098275757394731, 0.0421 ], [ 323.827722427551635, 46.782523727975786, 0.0421 ], [ 316.176008102600463, 36.658773041330278, 0.0421 ], [ 332.521321174805053, 24.400748825632036, 0.0421 ], [ 331.415913459961303, 22.926226234994829, 0.0421 ], [ 337.488446113769896, 18.379232025705278, 0.0421 ], [ 333.489205238525756, 13.082475281320512, 0.0421 ], [ 335.119492408935912, 11.871188736520708, 0.0421 ], [ 348.166403648559935, 29.159494019113481, 0.0421 ], [ 357.105222580139525, 22.475799179635942, 0.0421 ], [ 357.714050171081908, 23.283992386423051, 0.0421 ], [ 359.407057640259154, 22.026966667734087, 0.0421 ], [ 355.454232093994506, 16.773614502511919, 0.0421 ], [ 357.953286049072631, 14.911138153634965, 0.0421 ], [ 357.325554725830443, 14.070057488046587, 0.0421 ], [ 362.654982444946654, 10.093853569589555, 0.0421 ], [ 366.326611396973021, 14.964804268442094, 0.0421 ], [ 367.589662429993041, 14.027726746164262, 0.0421 ], [ 373.11601912707556, 21.367037392221391, 0.0421 ], [ 371.19008147448767, 22.795523262582719, 0.0421 ], [ 373.747208473389037, 26.192148781381547, 0.0421 ], [ 355.851378318970092, 39.559952354989946, 0.0421 ], [ 353.613026497070678, 36.60040435846895, 0.0421 ], [ 352.690392372314818, 37.286037064157426, 0.0421 ], [ 353.823806640808471, 38.793249703012407, 0.0421 ], [ 353.51019751757849, 39.02192363794893, 0.0421 ], [ 311.299607155029662, 70.711321449838579, 0.0421 ], [ 303.176333305542357, 76.81151161249727, 0.0421 ] ] ] } },
{ "type": "Feature", "properties": { "fid": 30, "Layer": "TPX_BUILDINGS_HATCH", "PaperSpace": null, "SubClasses": "AcDbEntity:AcDbHatch", "Linetype": null, "EntityHandle": "5590", "Text": "SOLID" }, "geometry": { "type": "Polygon", "coordinates": [ [ [ 455.399370071594603, 62.51890907343477, 0.0421 ], [ 433.578218338196166, 33.277810669504106, 0.0421 ], [ 448.045785782043822, 22.580206490121782, 0.0421 ], [ 459.542097923462279, 37.992779350839555, 0.0421 ], [ 478.067610618774779, 24.289426422677934, 0.0421 ], [ 488.392491218750365, 38.11789760645479, 0.0421 ], [ 455.399370071594603, 62.51890907343477, 0.0421 ] ] ] } },
{ "type": "Feature", "properties": { "fid": 31, "Layer": "TPX_BUILDINGS_HATCH", "PaperSpace": null, "SubClasses": "AcDbEntity:AcDbHatch", "Linetype": null, "EntityHandle": "5597", "Text": "SOLID" }, "geometry": { "type": "Polygon", "coordinates": [ [ [ 459.519863960449584, 21.246690551750362, 0.0421 ], [ 449.774928924744017, 8.14931086730212, 0.0421 ], [ 460.820843574707396, -0.000000198371708, 0.0421 ], [ 488.318493721191771, -0.000000198371708, 0.0421 ], [ 459.519863960449584, 21.246690551750362, 0.0421 ] ] ] } },
{ "type": "Feature", "properties": { "fid": 32, "Layer": "TPX_BUILDINGS_HATCH", "PaperSpace": null, "SubClasses": "AcDbEntity:AcDbHatch", "Linetype": null, "EntityHandle": "559E", "Text": "SOLID" }, "geometry": { "type": "Polygon", "coordinates": [ [ [ 67.422712204162963, 420.028306580148637, 0.0421 ], [ 55.209526893799193, 410.656666374765337, 0.0421 ], [ 71.206263420288451, 399.072508431039751, 0.0421 ], [ 79.794888374512084, 410.452664948068559, 0.0421 ], [ 67.422712204162963, 420.028306580148637, 0.0421 ] ] ] } },
{ "type": "Feature", "properties": { "fid": 33, "Layer": "TPX_BUILDINGS_HATCH", "PaperSpace": null, "SubClasses": "AcDbEntity:AcDbHatch", "Linetype": null, "EntityHandle": "55B6", "Text": "SOLID" }, "geometry": { "type": "Polygon", "coordinates": [ [ [ 434.993160125915892, 429.260850525461137, 0.0421 ], [ 431.341312286560424, 407.909288979135454, 0.0421 ], [ 445.639065620605834, 397.326350784860551, 0.0421 ], [ 450.569793579285033, 426.119309998117387, 0.0421 ], [ 464.74235141009558, 423.706994629465044, 0.0421 ], [ 458.573865768616088, 387.69371376093477, 0.0421 ], [ 468.753136512939818, 379.851371384225786, 0.0421 ], [ 482.075765487854369, 395.957248306833208, 0.0421 ], [ 486.320173141662963, 420.747508621774614, 0.0421 ], [ 498.887880203430541, 418.613688088022172, 0.0421 ], [ 502.360997078125365, 438.837090111337602, 0.0421 ], [ 488.315296051208861, 441.224548912607133, 0.0421 ], [ 490.259808418457396, 452.547001457773149, 0.0421 ], [ 475.408251640503295, 463.61908111628145, 0.0421 ], [ 472.007186767761596, 443.782551384530962, 0.0421 ], [ 455.277480003540404, 446.627003288827837, 0.0421 ], [ 459.968365547363646, 473.993485069833696, 0.0421 ], [ 443.841373321716674, 486.280304527841508, 0.0421 ], [ 437.444304344360717, 448.940181351266801, 0.0421 ], [ 436.555703994934447, 449.092396355234087, 0.0421 ], [ 433.20686614245642, 429.565475082956254, 0.0421 ], [ 434.993160125915892, 429.260850525461137, 0.0421 ] ] ] } },
{ "type": "Feature", "properties": { "fid": 34, "Layer": "TPX_BUILDINGS_HATCH", "PaperSpace": null, "SubClasses": "AcDbEntity:AcDbHatch", "Linetype": null, "EntityHandle": "55D2", "Text": "SOLID" }, "geometry": { "type": "Polygon", "coordinates": [ [ [ 236.649824974243529, 396.730928040109575, 0.0421 ], [ 234.090759155456908, 393.24552211817354, 0.0421 ], [ 240.699411270325072, 388.221032715402544, 0.0421 ], [ 247.184401390259154, 396.549798584543169, 0.0421 ], [ 248.597141143982299, 398.35068569239229, 0.0421 ], [ 253.191238281433471, 404.222931480966508, 0.0421 ], [ 256.673181411926635, 408.731765366159379, 0.0421 ], [ 280.285570022766478, 392.41189060267061, 0.0421 ], [ 288.229684707825072, 401.730381584726274, 0.0421 ], [ 315.28108489245642, 436.786043739877641, 0.0421 ], [ 301.559749481384642, 450.497087097726762, 0.0421 ], [ 293.489462730591185, 439.538836098276079, 0.0421 ], [ 272.948978302185424, 461.197579956613481, 0.0421 ], [ 258.91017424792517, 445.206625557504594, 0.0421 ], [ 267.541875717346556, 438.607314682565629, 0.0421 ], [ 268.635966179077514, 437.851437187753618, 0.0421 ], [ 270.561776039307006, 436.411885834299028, 0.0421 ], [ 283.441514846985228, 426.747401810251176, 0.0421 ], [ 274.113565323059447, 414.428844070993364, 0.0421 ], [ 265.872160789673217, 420.553701019845903, 0.0421 ], [ 261.207733986084349, 424.149362183175981, 0.0421 ], [ 259.300831672851928, 425.621800041757524, 0.0421 ], [ 249.503063080017455, 413.035832977853715, 0.0421 ], [ 246.554577705566771, 409.214736557565629, 0.0421 ], [ 241.998056289856322, 403.397172546945512, 0.0421 ], [ 236.649824974243529, 396.730928040109575, 0.0421 ] ] ] } },
{ "type": "Feature", "properties": { "fid": 35, "Layer": "TPX_BUILDINGS_HATCH", "PaperSpace": null, "SubClasses": "AcDbEntity:AcDbHatch", "Linetype": null, "EntityHandle": "55DA", "Text": "SOLID" }, "geometry": { "type": "Polygon", "coordinates": [ [ [ 356.797126648132689, 426.119722939096391, 0.0421 ], [ 330.573933479492553, 391.923162079416215, 0.0421 ], [ 371.622847435181029, 360.735873795114458, 0.0421 ], [ 397.837026474182494, 394.932514763437212, 0.0421 ], [ 389.526986000244506, 401.247624016366899, 0.0421 ], [ 356.797126648132689, 426.119722939096391, 0.0421 ] ] ] } },
{ "type": "Feature", "properties": { "fid": 36, "Layer": "TPX_BUILDINGS_HATCH", "PaperSpace": null, "SubClasses": "AcDbEntity:AcDbHatch", "Linetype": null, "EntityHandle": "55EB", "Text": "SOLID" }, "geometry": { "type": "Polygon", "coordinates": [ [ [ 327.889820930664428, 368.153728104196489, 0.0421 ], [ 311.529828903381713, 346.186479187570512, 0.0421 ], [ 314.531019088928588, 343.969237900339067, 0.0421 ], [ 322.594194290344603, 338.025710678659379, 0.0421 ], [ 332.493834373657592, 330.72220668848604, 0.0421 ], [ 336.082507011597045, 335.539461708627641, 0.0421 ], [ 340.833105919067748, 341.91881141718477, 0.0421 ], [ 328.415871498291381, 351.07408485468477, 0.0421 ], [ 336.127403137390502, 361.429609871469438, 0.0421 ], [ 348.553504821960814, 352.26303920801729, 0.0421 ], [ 356.546031830017455, 362.989854431711137, 0.0421 ], [ 328.746453163330443, 383.505798912607133, 0.0421 ], [ 323.077553627197631, 375.892060852609575, 0.0421 ], [ 321.063153145019896, 373.194053268991411, 0.0421 ], [ 327.889820930664428, 368.153728104196489, 0.0421 ] ] ] } },
{ "type": "Feature", "properties": { "fid": 37, "Layer": "TPX_BUILDINGS_HATCH", "PaperSpace": null, "SubClasses": "AcDbEntity:AcDbHatch", "Linetype": null, "EntityHandle": "55F4", "Text": "SOLID" }, "geometry": { "type": "Polygon", "coordinates": [ [ [ 310.693997261230834, 373.449411964975297, 0.0421 ], [ 299.637216446106322, 358.593220329843462, 0.0421 ], [ 303.736766693298705, 355.819769478403032, 0.0421 ], [ 310.130605575744994, 350.966291046701372, 0.0421 ], [ 311.274984237854369, 350.00957069452852, 0.0421 ], [ 322.331775543396361, 364.865748978219926, 0.0421 ], [ 310.693997261230834, 373.449411964975297, 0.0421 ] ] ] } },
{ "type": "Feature", "properties": { "fid": 38, "Layer": "TPX_BUILDINGS_HATCH", "PaperSpace": null, "SubClasses": "AcDbEntity:AcDbHatch", "Linetype": null, "EntityHandle": "560E", "Text": "SOLID" }, "geometry": { "type": "Polygon", "coordinates": [ [ [ 239.416262504761107, 296.825090981088579, 0.0421 ], [ 231.189567444031127, 286.203076935373247, 0.0421 ], [ 269.072669861023314, 257.203685379587114, 0.0421 ], [ 277.505920288269408, 268.120884514413774, 0.0421 ], [ 276.315117714111693, 269.034204102121294, 0.0421 ], [ 275.052495834534056, 269.993452644906938, 0.0421 ], [ 278.590883133118041, 274.589849091134965, 0.0421 ], [ 280.399826881592162, 273.219381905160844, 0.0421 ], [ 308.95282447070349, 310.41805515345186, 0.0421 ], [ 306.776865837280639, 312.073831177316606, 0.0421 ], [ 310.971032020752318, 317.543995476327837, 0.0421 ], [ 313.585583564941771, 315.545891380868852, 0.0421 ], [ 321.683630821411498, 326.104007340036333, 0.0421 ], [ 302.341283676330931, 340.80107460077852, 0.0421 ], [ 310.130605575744994, 350.966291046701372, 0.0421 ], [ 303.736766693298705, 355.819769478403032, 0.0421 ], [ 296.256417152588256, 346.058548546396196, 0.0421 ], [ 290.954277870361693, 350.045209503732622, 0.0421 ], [ 282.695911285583861, 339.224154091440141, 0.0421 ], [ 301.384704467956908, 325.029428101144731, 0.0421 ], [ 303.685640213196166, 323.259998894296587, 0.0421 ], [ 266.956129905884154, 275.660206413827837, 0.0421 ], [ 264.735404846374877, 277.350225067697465, 0.0421 ], [ 239.416262504761107, 296.825090981088579, 0.0421 ] ] ] } },
{ "type": "Feature", "properties": { "fid": 39, "Layer": "TPX_BUILDINGS_HATCH", "PaperSpace": null, "SubClasses": "AcDbEntity:AcDbHatch", "Linetype": null, "EntityHandle": "5622", "Text": "SOLID" }, "geometry": { "type": "Polygon", "coordinates": [ [ [ 409.003107902710326, 386.847144699655473, 0.0421 ], [ 359.252443191711791, 320.671545601449907, 0.0421 ], [ 373.181455490295775, 310.296375847421587, 0.0421 ], [ 391.031593200867064, 334.273585892282426, 0.0421 ], [ 394.453872558777221, 331.747654533945024, 0.0421 ], [ 391.708555099670775, 328.066520310007036, 0.0421 ], [ 397.943823692505248, 323.460524178110063, 0.0421 ], [ 400.220779297058471, 326.519117928110063, 0.0421 ], [ 402.935376045410521, 324.518843269906938, 0.0421 ], [ 385.506913063232787, 301.109706497751176, 0.0421 ], [ 399.525402900879271, 290.665988541208208, 0.0421 ], [ 449.407620308105834, 357.027221298776567, 0.0421 ], [ 435.33330714434851, 367.416720009408891, 0.0421 ], [ 406.40691268176306, 328.539542770944536, 0.0421 ], [ 394.419728157226928, 337.374960518442094, 0.0421 ], [ 423.27118384570349, 376.153899765573442, 0.0421 ], [ 411.412722465698607, 385.053164101205766, 0.0421 ], [ 409.003107902710326, 386.847144699655473, 0.0421 ] ] ] } },
{ "type": "Feature", "properties": { "fid": 40, "Layer": "TPX_BUILDINGS_HATCH", "PaperSpace": null, "SubClasses": "AcDbEntity:AcDbHatch", "Linetype": null, "EntityHandle": "562E", "Text": "SOLID" }, "geometry": { "type": "Polygon", "coordinates": [ [ [ 442.752217170898803, 294.467370606027544, 0.0421 ], [ 411.240819809143431, 255.135118103586137, 0.0421 ], [ 464.05682837695349, 214.661596870981157, 0.0421 ], [ 483.051027176086791, 200.30454311426729, 0.0421 ], [ 499.481227752869017, 187.755861855112016, 0.0421 ], [ 510.255590316955931, 201.741149521432817, 0.0421 ], [ 515.533063766662963, 208.497539139352739, 0.0421 ], [ 511.931559440796264, 216.243325806222856, 0.0421 ], [ 525.250367996399291, 233.026180840097368, 0.0421 ], [ 442.752217170898803, 294.467370606027544, 0.0421 ] ] ] } },
{ "type": "Feature", "properties": { "fid": 41, "Layer": "TPX_BUILDINGS_HATCH", "PaperSpace": null, "SubClasses": "AcDbEntity:AcDbHatch", "Linetype": null, "EntityHandle": "563E", "Text": "SOLID" }, "geometry": { "type": "Polygon", "coordinates": [ [ [ 402.216973182861693, 240.446344948373735, 0.0421 ], [ 357.05737769335974, 181.241684532724321, 0.0421 ], [ 361.46331202716101, 177.906747437082231, 0.0421 ], [ 402.397832748596556, 146.954743958078325, 0.0421 ], [ 406.358407852356322, 152.141326523385942, 0.0421 ], [ 411.265850898926146, 148.429390526376665, 0.0421 ], [ 424.852315780823119, 166.249833679758012, 0.0421 ], [ 393.455017921631224, 189.98380050715059, 0.0421 ], [ 410.000285026733764, 211.680584526620805, 0.0421 ], [ 439.750072357361205, 189.202626801095903, 0.0421 ], [ 448.776513931457885, 201.039177513681352, 0.0421 ], [ 420.379079696838744, 222.500482178293169, 0.0421 ], [ 422.420057174866088, 225.164605713449419, 0.0421 ], [ 402.216973182861693, 240.446344948373735, 0.0421 ] ] ] } },
{ "type": "Feature", "properties": { "fid": 42, "Layer": "TPX_BUILDINGS_HATCH", "PaperSpace": null, "SubClasses": "AcDbEntity:AcDbHatch", "Linetype": null, "EntityHandle": "5651", "Text": "SOLID" }, "geometry": { "type": "Polygon", "coordinates": [ [ [ 476.55065047473181, 155.175998306833208, 0.0421 ], [ 473.131046173279174, 149.755892372690141, 0.0421 ], [ 473.142580864136107, 149.444906807504594, 0.0421 ], [ 473.254410621826537, 149.142869568429887, 0.0421 ], [ 473.537641403381713, 148.770571327768266, 0.0421 ], [ 473.924496528808959, 148.562518692575395, 0.0421 ], [ 474.304870483581908, 148.476681328378618, 0.0421 ], [ 474.714910385315306, 148.50118503626436, 0.0421 ], [ 475.081372139160521, 148.61540565546602, 0.0421 ], [ 478.456685898010619, 154.091949081979692, 0.0421 ], [ 478.436530945007689, 154.425314522348344, 0.0421 ], [ 478.307221290771849, 154.761020279489458, 0.0421 ], [ 478.075714943115599, 154.999036408029497, 0.0421 ], [ 477.698193428223021, 155.217986679635942, 0.0421 ], [ 477.336011764709838, 155.303434944711626, 0.0421 ], [ 476.953734276001342, 155.300531006418169, 0.0421 ], [ 476.55065047473181, 155.175998306833208, 0.0421 ] ] ] } },
{ "type": "Feature", "properties": { "fid": 43, "Layer": "TPX_BUILDINGS_HATCH", "PaperSpace": null, "SubClasses": "AcDbEntity:AcDbHatch", "Linetype": null, "EntityHandle": "5664", "Text": "SOLID" }, "geometry": { "type": "Polygon", "coordinates": [ [ [ 466.236192581360228, 141.413872337900102, 0.0421 ], [ 464.67423617572058, 135.199295616708696, 0.0421 ], [ 464.786304351990111, 134.908351517282426, 0.0421 ], [ 464.981188652222045, 134.660023308359087, 0.0421 ], [ 465.37571322650183, 134.385219193063676, 0.0421 ], [ 465.801805374328978, 134.309500313363969, 0.0421 ], [ 466.184794304077514, 134.345681763254106, 0.0421 ], [ 466.570160743896849, 134.492790794931352, 0.0421 ], [ 466.893518325989135, 134.718913651071489, 0.0421 ], [ 468.383419868652709, 140.968327141366899, 0.0421 ], [ 468.262731430237181, 141.28165206965059, 0.0421 ], [ 468.031937477295287, 141.552945709787309, 0.0421 ], [ 467.734855529968627, 141.703585243783891, 0.0421 ], [ 467.309239265625365, 141.801490402780473, 0.0421 ], [ 466.944680092041381, 141.776011086069047, 0.0421 ], [ 466.577980873291381, 141.65069732721895, 0.0421 ], [ 466.236192581360228, 141.413872337900102, 0.0421 ] ] ] } },
{ "type": "Feature", "properties": { "fid": 44, "Layer": "TPX_BUILDINGS_HATCH", "PaperSpace": null, "SubClasses": "AcDbEntity:AcDbHatch", "Linetype": null, "EntityHandle": "5677", "Text": "SOLID" }, "geometry": { "type": "Polygon", "coordinates": [ [ [ 462.575441238586791, 126.865450478158891, 0.0421 ], [ 461.013489601318724, 120.650874710641801, 0.0421 ], [ 461.116461631958373, 120.360125160776079, 0.0421 ], [ 461.311345932190306, 120.111795998178422, 0.0421 ], [ 461.705869552795775, 119.836992836557329, 0.0421 ], [ 462.14105689257849, 119.761078453622758, 0.0421 ], [ 462.524044868652709, 119.797260857187212, 0.0421 ], [ 462.909411308472045, 119.944369888864458, 0.0421 ], [ 463.223672744934447, 120.170687294565141, 0.0421 ], [ 464.722665664856322, 126.419906235300004, 0.0421 ], [ 464.592881080810912, 126.733426666818559, 0.0421 ], [ 464.371184227173217, 127.004525757394731, 0.0421 ], [ 464.074102279846556, 127.155164337716997, 0.0421 ], [ 463.648486015503295, 127.253069496713579, 0.0421 ], [ 463.274831649963744, 127.2277847295627, 0.0421 ], [ 462.908132431213744, 127.102470970712602, 0.0421 ], [ 462.575441238586791, 126.865450478158891, 0.0421 ] ] ] } },
{ "type": "Feature", "properties": { "fid": 45, "Layer": "TPX_BUILDINGS_HATCH", "PaperSpace": null, "SubClasses": "AcDbEntity:AcDbHatch", "Linetype": null, "EntityHandle": "5683", "Text": "SOLID" }, "geometry": { "type": "Polygon", "coordinates": [ [ [ 295.736951706116088, 249.130625343881547, 0.0421 ], [ 285.474079963867553, 234.368402100168169, 0.0421 ], [ 317.521875259582885, 209.544422722421587, 0.0421 ], [ 324.39606177539099, 220.75021896418184, 0.0421 ], [ 325.8987711641239, 221.228531456552446, 0.0421 ], [ 322.092268821899779, 227.058707810007036, 0.0421 ], [ 318.901669380371459, 222.554758644662797, 0.0421 ], [ 300.497249481384642, 236.843328095041215, 0.0421 ], [ 303.853269455139525, 242.697669601999223, 0.0421 ], [ 295.736951706116088, 249.130625343881547, 0.0421 ] ] ] } },
{ "type": "Feature", "properties": { "fid": 46, "Layer": "TPX_BUILDINGS_HATCH", "PaperSpace": null, "SubClasses": "AcDbEntity:AcDbHatch", "Linetype": null, "EntityHandle": "5692", "Text": "SOLID" }, "geometry": { "type": "Polygon", "coordinates": [ [ [ 318.406276580994017, 266.135235405527055, 0.0421 ], [ 302.183679458801635, 249.725021935068071, 0.0421 ], [ 310.773909446899779, 228.876997566781938, 0.0421 ], [ 320.074329254333861, 230.142717934213579, 0.0421 ], [ 322.092268821899779, 227.058707810007036, 0.0421 ], [ 325.8987711641239, 221.228531456552446, 0.0421 ], [ 327.167762634460814, 219.292534447275102, 0.0421 ], [ 343.14222991198767, 224.543654060922563, 0.0421 ], [ 339.432405349914916, 233.612317658029497, 0.0421 ], [ 354.380480644409545, 247.874604797922075, 0.0421 ], [ 349.096855995361693, 251.872006989084184, 0.0421 ], [ 344.101748344604857, 246.396821594797075, 0.0421 ], [ 318.406276580994017, 266.135235405527055, 0.0421 ] ] ] } },
{ "type": "Feature", "properties": { "fid": 47, "Layer": "TPX_BUILDINGS_HATCH", "PaperSpace": null, "SubClasses": "AcDbEntity:AcDbHatch", "Linetype": null, "EntityHandle": "56A0", "Text": "SOLID" }, "geometry": { "type": "Polygon", "coordinates": [ [ [ 224.574505684082396, 155.313328362070024, 0.0421 ], [ 212.540768501465209, 139.013060188852251, 0.0421 ], [ 250.557833549682982, 111.198299027048051, 0.0421 ], [ 270.979905960266478, 138.871688461862504, 0.0421 ], [ 252.76438510150183, 152.201715088449419, 0.0421 ], [ 274.414249298279174, 181.535675621591508, 0.0421 ], [ 293.777010795776732, 167.381999588571489, 0.0421 ], [ 304.377170440857299, 181.748566246591508, 0.0421 ], [ 263.689647552673705, 211.507341957651079, 0.0421 ], [ 260.508705970947631, 213.828298187814653, 0.0421 ], [ 219.861405250732787, 158.754651642404497, 0.0421 ], [ 224.574505684082396, 155.313328362070024, 0.0421 ] ] ] } },
{ "type": "Feature", "properties": { "fid": 48, "Layer": "TPX_BUILDINGS_HATCH", "PaperSpace": null, "SubClasses": "AcDbEntity:AcDbHatch", "Linetype": null, "EntityHandle": "56A7", "Text": "SOLID" }, "geometry": { "type": "Polygon", "coordinates": [ [ [ 200.778614875976928, 201.723072624765337, 0.0421 ], [ 168.220233795349486, 159.327287293039262, 0.0421 ], [ 193.597006675903685, 140.006736374460161, 0.0421 ], [ 226.15545069903601, 182.402433968149126, 0.0421 ], [ 200.778614875976928, 201.723072624765337, 0.0421 ] ] ] } },
{ "type": "Feature", "properties": { "fid": 49, "Layer": "TPX_BUILDINGS_HATCH", "PaperSpace": null, "SubClasses": "AcDbEntity:AcDbHatch", "Linetype": null, "EntityHandle": "56B1", "Text": "SOLID" }, "geometry": { "type": "Polygon", "coordinates": [ [ [ 141.373771545593627, 160.578755951486528, 0.0421 ], [ 109.222926017944701, 118.495895958505571, 0.0421 ], [ 150.685361740295775, 87.100959396921098, 0.0421 ], [ 179.344455597107299, 124.630643463693559, 0.0421 ], [ 181.694294807617553, 127.698823547922075, 0.0421 ], [ 187.237085220520385, 134.960204697214067, 0.0421 ], [ 145.783389923279174, 166.344015694223344, 0.0421 ], [ 141.373771545593627, 160.578755951486528, 0.0421 ] ] ] } },
{ "type": "Feature", "properties": { "fid": 50, "Layer": "TPX_BUILDINGS_HATCH", "PaperSpace": null, "SubClasses": "AcDbEntity:AcDbHatch", "Linetype": null, "EntityHandle": "56B8", "Text": "SOLID" }, "geometry": { "type": "Polygon", "coordinates": [ [ [ 85.94933211535681, 204.657403565011919, 0.0421 ], [ 53.449956772034056, 163.292067146860063, 0.0421 ], [ 93.237837669556029, 132.29946384485811, 0.0421 ], [ 125.73754298419226, 173.675755119882524, 0.0421 ], [ 85.94933211535681, 204.657403565011919, 0.0421 ] ] ] } },
{ "type": "Feature", "properties": { "fid": 51, "Layer": "TPX_BUILDINGS_HATCH", "PaperSpace": null, "SubClasses": "AcDbEntity:AcDbHatch", "Linetype": null, "EntityHandle": "56BF", "Text": "SOLID" }, "geometry": { "type": "Polygon", "coordinates": [ [ [ 118.550377723877318, 238.851310349069536, 0.0421 ], [ 98.329898712341674, 212.505014992319047, 0.0421 ], [ 118.218342659180053, 197.386084175668657, 0.0421 ], [ 138.429518577759154, 223.721438980661333, 0.0421 ], [ 118.550377723877318, 238.851310349069536, 0.0421 ] ] ] } },
{ "type": "Feature", "properties": { "fid": 52, "Layer": "TPX_BUILDINGS_HATCH", "PaperSpace": null, "SubClasses": "AcDbEntity:AcDbHatch", "Linetype": null, "EntityHandle": "56CB", "Text": "SOLID" }, "geometry": { "type": "Polygon", "coordinates": [ [ [ 128.341809150879271, 240.950151062570512, 0.0421 ], [ 124.954511520569213, 236.605717278085649, 0.0421 ], [ 138.422175285522826, 225.930050469003618, 0.0421 ], [ 148.595631477539428, 238.652350998483598, 0.0421 ], [ 150.157191154663451, 240.605434990487993, 0.0421 ], [ 139.07881438464392, 249.387766457162797, 0.0421 ], [ 133.801614639465697, 242.631167984567583, 0.0421 ], [ 131.31273543566931, 244.548845863901079, 0.0421 ], [ 129.498698112671264, 242.279325104318559, 0.0421 ], [ 128.341809150879271, 240.950151062570512, 0.0421 ] ] ] } },
{ "type": "Feature", "properties": { "fid": 53, "Layer": "TPX_BUILDINGS_HATCH", "PaperSpace": null, "SubClasses": "AcDbEntity:AcDbHatch", "Linetype": null, "EntityHandle": "56D5", "Text": "SOLID" }, "geometry": { "type": "Polygon", "coordinates": [ [ [ 88.336775657837279, 310.734184837900102, 0.0421 ], [ 72.17238127917517, 289.794451332651079, 0.0421 ], [ 131.31273543566931, 244.548845863901079, 0.0421 ], [ 133.801614639465697, 242.631167984567583, 0.0421 ], [ 139.07881438464392, 249.387766457162797, 0.0421 ], [ 140.201694366638549, 250.828644371591508, 0.0421 ], [ 150.020186302368529, 263.547441101633012, 0.0421 ], [ 88.336775657837279, 310.734184837900102, 0.0421 ] ] ] } },
{ "type": "Feature", "properties": { "fid": 54, "Layer": "TPX_BUILDINGS_HATCH", "PaperSpace": null, "SubClasses": "AcDbEntity:AcDbHatch", "Linetype": null, "EntityHandle": "56DE", "Text": "SOLID" }, "geometry": { "type": "Polygon", "coordinates": [ [ [ 43.847678062622435, 316.83510837610811, 0.0421 ], [ 40.880644676391967, 312.992152786813676, 0.0421 ], [ 61.358141777222045, 297.316981888376176, 0.0421 ], [ 62.68706404895056, 299.030906296335161, 0.0421 ], [ 99.002949592773803, 346.063229179941118, 0.0421 ], [ 78.534253952209838, 361.727195358835161, 0.0421 ], [ 43.847678062622435, 316.83510837610811, 0.0421 ] ] ] } },
{ "type": "Feature", "properties": { "fid": 55, "Layer": "TPX_BUILDINGS_HATCH", "PaperSpace": null, "SubClasses": "AcDbEntity:AcDbHatch", "Linetype": null, "EntityHandle": "56F2", "Text": "SOLID" }, "geometry": { "type": "Polygon", "coordinates": [ [ [ 137.994336006348021, 374.360653496347368, 0.0421 ], [ 129.795228836243041, 363.74905929621309, 0.0421 ], [ 189.337571022217162, 318.139361954294145, 0.0421 ], [ 187.942810890381224, 316.326984024606645, 0.0421 ], [ 192.86743628710974, 312.559321976266801, 0.0421 ], [ 193.40088355273474, 313.247064209543169, 0.0421 ], [ 194.308628914062865, 314.415096855722368, 0.0421 ], [ 226.363606331055053, 289.902062035165727, 0.0421 ], [ 231.189567444031127, 286.203076935373247, 0.0421 ], [ 239.398070213501342, 296.825480080209672, 0.0421 ], [ 234.230958816711791, 300.742631531320512, 0.0421 ], [ 201.389016983215697, 325.905108070932329, 0.0421 ], [ 197.02843367785681, 329.238986588083208, 0.0421 ], [ 189.659436104004271, 334.878999329172075, 0.0421 ], [ 187.042417404358275, 338.464097595773637, 0.0421 ], [ 160.963194725220092, 357.733031845651567, 0.0421 ], [ 150.932563659851439, 364.450958824716508, 0.0421 ], [ 137.994336006348021, 374.360653496347368, 0.0421 ] ] ] } },
{ "type": "Feature", "properties": { "fid": 56, "Layer": "TPX_BUILDINGS_HATCH", "PaperSpace": null, "SubClasses": "AcDbEntity:AcDbHatch", "Linetype": null, "EntityHandle": "5719", "Text": "SOLID" }, "geometry": { "type": "Polygon", "coordinates": [ [ [ 200.155164596741088, 333.311530685983598, 0.0421 ], [ 197.02843367785681, 329.238986588083208, 0.0421 ], [ 201.389016983215697, 325.905108070932329, 0.0421 ], [ 204.353677627746947, 330.058804131112993, 0.0421 ], [ 205.784011718933471, 329.706353760324419, 0.0421 ], [ 207.255954620544799, 329.597163773141801, 0.0421 ], [ 208.724262115661986, 329.743300057016313, 0.0421 ], [ 210.143453476135619, 330.145736313425004, 0.0421 ], [ 211.476666328613646, 330.783064461313188, 0.0421 ], [ 212.668850776855834, 331.634270287118852, 0.0421 ], [ 213.701575157348998, 332.68864784296602, 0.0421 ], [ 214.528407928650267, 333.902801132760942, 0.0421 ], [ 215.139540550415404, 335.243647194467485, 0.0421 ], [ 215.497638580505736, 336.667594528757036, 0.0421 ], [ 215.611084816162474, 338.141169167123735, 0.0421 ], [ 215.460263130371459, 339.598204231821001, 0.0421 ], [ 215.053793785278685, 341.016320801340044, 0.0421 ], [ 214.417778846924193, 342.339471436105669, 0.0421 ], [ 213.551268455688842, 343.523284531198442, 0.0421 ], [ 212.490409729187377, 344.555888748727739, 0.0421 ], [ 211.270402786438353, 345.381041145883501, 0.0421 ], [ 209.927393791382201, 345.986872292123735, 0.0421 ], [ 208.497056839172728, 346.339322662912309, 0.0421 ], [ 207.025111076538451, 346.448512650094926, 0.0421 ], [ 205.556800720398314, 346.302376366220415, 0.0421 ], [ 204.137608406250365, 345.899939156137407, 0.0421 ], [ 202.804392692749389, 345.26260910090059, 0.0421 ], [ 201.612208244507201, 344.411403275094926, 0.0421 ], [ 200.579484817688353, 343.357023811899126, 0.0421 ], [ 199.7526530000614, 342.142868614755571, 0.0421 ], [ 199.14152133197058, 340.802021599374712, 0.0421 ], [ 198.783426162903197, 339.378074265085161, 0.0421 ], [ 198.669982788269408, 337.904499626718462, 0.0421 ], [ 198.820807335083373, 336.447464562021196, 0.0421 ], [ 199.218182441894896, 335.029543495737016, 0.0421 ], [ 199.863295433227904, 333.706199265085161, 0.0421 ], [ 200.155164596741088, 333.311530685983598, 0.0421 ] ] ] } },
{ "type": "Feature", "properties": { "fid": 57, "Layer": "TPX_BUILDINGS_HATCH", "PaperSpace": null, "SubClasses": "AcDbEntity:AcDbHatch", "Linetype": null, "EntityHandle": "5726", "Text": "SOLID" }, "geometry": { "type": "Polygon", "coordinates": [ [ [ 231.502743599121459, 395.209738350473344, 0.0421 ], [ 223.367179748718627, 384.596860504709184, 0.0421 ], [ 225.928141472046264, 382.64432296808809, 0.0421 ], [ 232.616994735901244, 377.540438271127641, 0.0421 ], [ 269.534958717529662, 349.349675751291215, 0.0421 ], [ 282.800008651916869, 339.410586929880083, 0.0421 ], [ 290.954277870361693, 350.045209503732622, 0.0421 ], [ 277.383744117920287, 360.168414688669145, 0.0421 ], [ 240.699411270325072, 388.221032715402544, 0.0421 ], [ 234.090759155456908, 393.24552211817354, 0.0421 ], [ 231.502743599121459, 395.209738350473344, 0.0421 ] ] ] } },
{ "type": "Feature", "properties": { "fid": 58, "Layer": "TPX_BUILDINGS_HATCH", "PaperSpace": null, "SubClasses": "AcDbEntity:AcDbHatch", "Linetype": null, "EntityHandle": "573A", "Text": "SOLID" }, "geometry": { "type": "Polygon", "coordinates": [ [ [ 159.377696869079955, 375.501182175241411, 0.0421 ], [ 150.932563659851439, 364.450958824716508, 0.0421 ], [ 160.963194725220092, 357.733031845651567, 0.0421 ], [ 176.671993133728392, 379.481413460336626, 0.0421 ], [ 191.691099998657592, 399.191446877084672, 0.0421 ], [ 191.341800567810424, 399.454170799814165, 0.0421 ], [ 192.109784004394896, 400.46982631739229, 0.0421 ], [ 196.005469200317748, 405.602398491464555, 0.0421 ], [ 223.367179748718627, 384.596860504709184, 0.0421 ], [ 231.502743599121459, 395.209738350473344, 0.0421 ], [ 190.084365722839721, 424.894959068857133, 0.0421 ], [ 182.311336395447142, 413.78598556574434, 0.0421 ], [ 186.190733787720092, 410.928521729074419, 0.0421 ], [ 182.714361068909056, 406.253078079782426, 0.0421 ], [ 181.935081360046752, 406.835740662179887, 0.0421 ], [ 166.695374366943724, 386.597720718942583, 0.0421 ], [ 158.715009567444213, 376.0036636358127, 0.0421 ], [ 159.377696869079955, 375.501182175241411, 0.0421 ] ] ] } },
{ "type": "Feature", "properties": { "fid": 59, "Layer": "TPX_BUILDINGS_HATCH", "PaperSpace": null, "SubClasses": "AcDbEntity:AcDbHatch", "Linetype": null, "EntityHandle": "5747", "Text": "SOLID" }, "geometry": { "type": "Polygon", "coordinates": [ [ [ 121.366348144714721, 422.791900253854692, 0.0421 ], [ 94.354617950622924, 382.31915435846895, 0.0421 ], [ 114.419778701965697, 367.784660912118852, 0.0421 ], [ 114.84975993365515, 367.464725113473833, 0.0421 ], [ 169.476981994812377, 443.436415291391313, 0.0421 ], [ 153.834345695679076, 458.80860576685518, 0.0421 ], [ 138.911782142822631, 475.086473084054887, 0.0421 ], [ 111.052212593262084, 453.69785080011934, 0.0421 ], [ 120.369879600708373, 437.895069695077837, 0.0421 ], [ 122.861103889648803, 431.405073738656938, 0.0421 ], [ 121.366348144714721, 422.791900253854692, 0.0421 ] ] ] } },
{ "type": "Feature", "properties": { "fid": 60, "Layer": "TPX_BUILDINGS_HATCH", "PaperSpace": null, "SubClasses": "AcDbEntity:AcDbHatch", "Linetype": null, "EntityHandle": "5752", "Text": "SOLID" }, "geometry": { "type": "Polygon", "coordinates": [ [ [ 106.564737198059447, 450.253664589487016, 0.0421 ], [ 74.828437683288939, 425.884891129098833, 0.0421 ], [ 87.588201400940306, 416.134482956491411, 0.0421 ], [ 88.170213577453978, 415.68922100123018, 0.0421 ], [ 96.201236602966674, 415.040226555429399, 0.0421 ], [ 103.177548286621459, 418.264709091745317, 0.0421 ], [ 105.530434486572631, 429.556281662546098, 0.0421 ], [ 114.809430000488646, 440.022721863351762, 0.0421 ], [ 106.564737198059447, 450.253664589487016, 0.0421 ] ] ] } },
{ "type": "Feature", "properties": { "fid": 61, "Layer": "TPX_BUILDINGS_HATCH", "PaperSpace": null, "SubClasses": "AcDbEntity:AcDbHatch", "Linetype": null, "EntityHandle": "575A", "Text": "SOLID" }, "geometry": { "type": "Polygon", "coordinates": [ [ [ 82.969301101868041, 407.821183777414262, 0.0421 ], [ 74.710280296509154, 396.533860779367387, 0.0421 ], [ 88.699514267151244, 386.402021980844438, 0.0421 ], [ 90.330614921753295, 385.224062538705766, 0.0421 ], [ 98.177304145996459, 395.954207039438188, 0.0421 ], [ 82.969301101868041, 407.821183777414262, 0.0421 ] ] ] } },
{ "type": "Feature", "properties": { "fid": 62, "Layer": "TPX_BUILDINGS_HATCH", "PaperSpace": null, "SubClasses": "AcDbEntity:AcDbHatch", "Linetype": null, "EntityHandle": "5763", "Text": "SOLID" }, "geometry": { "type": "Polygon", "coordinates": [ [ [ 593.070447799866088, 124.577974892221391, 0.0421 ], [ 572.590358612244017, 97.217233276925981, 0.0421 ], [ 589.502393600647338, 84.236317253671587, 0.0421 ], [ 622.532115814392455, 127.730369186960161, 0.0421 ], [ 587.151165840332396, 154.513619995675981, 0.0421 ], [ 575.217753288452514, 138.256032562814653, 0.0421 ], [ 593.070447799866088, 124.577974892221391, 0.0421 ] ] ] } },
{ "type": "Feature", "properties": { "fid": 63, "Layer": "TPX_BUILDINGS_HATCH", "PaperSpace": null, "SubClasses": "AcDbEntity:AcDbHatch", "Linetype": null, "EntityHandle": "579D", "Text": "SOLID" }, "geometry": { "type": "Polygon", "coordinates": [ [ [ 671.978173134033568, 26.977932549081743, 0.0421 ], [ 657.65655982226599, 8.840678787790239, 0.0421 ], [ 658.820240852539428, 7.938983536325395, 0.0421 ], [ 660.010732528869994, 7.014517403207719, 0.0421 ], [ 668.346169349853881, 17.600535965524614, 0.0421 ], [ 670.713161346619017, 20.612740135751665, 0.0421 ], [ 674.185382721130736, 25.088334656320512, 0.0421 ], [ 674.745664474670775, 25.753278351388872, 0.0421 ], [ 675.295898315613158, 26.374045944772661, 0.0421 ], [ 675.91794955462683, 26.948881722055376, 0.0421 ], [ 676.520855781738646, 27.479736900888383, 0.0421 ], [ 677.113714096252806, 27.966416931711137, 0.0421 ], [ 677.770006057922728, 28.440637207590044, 0.0421 ], [ 678.471778747742064, 28.913881874643266, 0.0421 ], [ 679.208984253113158, 29.341973877511919, 0.0421 ], [ 679.954333183472045, 29.725501633249223, 0.0421 ], [ 680.754258033935912, 30.107856369577348, 0.0421 ], [ 681.681766388122924, 30.498571968637407, 0.0421 ], [ 682.534602043335326, 30.802107430063188, 0.0421 ], [ 683.404201385681517, 31.038696861825883, 0.0421 ], [ 684.327662346069701, 31.240835762582719, 0.0421 ], [ 685.222884056274779, 31.399190521799028, 0.0421 ], [ 686.180825111572631, 31.511807060800493, 0.0421 ], [ 687.101192352478392, 31.56974086817354, 0.0421 ], [ 688.011511680786498, 31.583499527536333, 0.0421 ], [ 689.029316780273803, 31.517265892587602, 0.0421 ], [ 690.255140182678588, 31.391079521737993, 0.0421 ], [ 691.534588691894896, 31.219351387582719, 0.0421 ], [ 712.173339721863158, 28.223922348581254, 0.0421 ], [ 712.622510788147338, 31.343865013681352, 0.0421 ], [ 693.4987467500614, 34.118119812570512, 0.0421 ], [ 691.656533119385131, 34.357414818368852, 0.0421 ], [ 690.494380829040892, 34.482234573923051, 0.0421 ], [ 689.53139006823767, 34.558389282785356, 0.0421 ], [ 688.512870666687377, 34.59134445246309, 0.0421 ], [ 687.648269531433471, 34.587702370248735, 0.0421 ], [ 686.746570465271361, 34.551563835702837, 0.0421 ], [ 685.716097709839232, 34.451601601205766, 0.0421 ], [ 684.703342315857299, 34.329063034616411, 0.0421 ], [ 683.771497604553588, 34.160397148691118, 0.0421 ], [ 682.838940498535521, 33.958452797494829, 0.0421 ], [ 681.923146125976928, 33.689561462961137, 0.0421 ], [ 681.025068161194213, 33.398094750009477, 0.0421 ], [ 680.19975936145056, 33.105065918527544, 0.0421 ], [ 679.263630745117553, 32.736731148324907, 0.0421 ], [ 678.325836059753783, 32.290747261606157, 0.0421 ], [ 677.617347595398314, 31.92862472590059, 0.0421 ], [ 676.926098701660521, 31.52174053248018, 0.0421 ], [ 676.150843498413451, 31.016779518686235, 0.0421 ], [ 675.484978553955443, 30.520568466745317, 0.0421 ], [ 674.910312530701049, 30.033499336801469, 0.0421 ], [ 674.288499710266478, 29.469755745492876, 0.0421 ], [ 673.675307151977904, 28.883632279001176, 0.0421 ], [ 673.097784874145873, 28.263449287973344, 0.0421 ], [ 672.538454887573607, 27.642877197824419, 0.0421 ], [ 671.978173134033568, 26.977932549081743, 0.0421 ] ] ] } },
{ "type": "Feature", "properties": { "fid": 64, "Layer": "TPX_BUILDINGS_HATCH", "PaperSpace": null, "SubClasses": "AcDbEntity:AcDbHatch", "Linetype": null, "EntityHandle": "57A5", "Text": "SOLID" }, "geometry": { "type": "Polygon", "coordinates": [ [ [ 709.144677040283568, 7.103203392587602, 0.0421 ], [ 709.070292350952514, 6.605398750863969, 0.0421 ], [ 710.530942794983275, 6.396484947763383, 0.0421 ], [ 713.624897834961303, 28.015204048715532, 0.0421 ], [ 712.173339721863158, 28.223922348581254, 0.0421 ], [ 709.144677040283568, 7.103203392587602, 0.0421 ] ] ] } },
{ "type": "Feature", "properties": { "fid": 65, "Layer": "TPX_BUILDINGS_HATCH", "PaperSpace": null, "SubClasses": "AcDbEntity:AcDbHatch", "Linetype": null, "EntityHandle": "57AE", "Text": "SOLID" }, "geometry": { "type": "Polygon", "coordinates": [ [ [ 599.446563598816283, 52.727226016111672, 0.0421 ], [ 581.637956497375853, 28.993677851743996, 0.0421 ], [ 598.411682960693724, 16.359732386656106, 0.0421 ], [ 620.148920890991576, -0.000000241212547, 0.0421 ], [ 621.542953369324096, -0.000000241212547, 0.0421 ], [ 638.630758163635619, 22.965772387571633, 0.0421 ], [ 599.446563598816283, 52.727226016111672, 0.0421 ] ] ] } },
{ "type": "Feature", "properties": { "fid": 66, "Layer": "TPX_BUILDINGS_HATCH", "PaperSpace": null, "SubClasses": "AcDbEntity:AcDbHatch", "Linetype": null, "EntityHandle": "57B4", "Text": "SOLID" }, "geometry": { "type": "Polygon", "coordinates": [ [ [ 656.841259834473021, 3.076215139590204, 0.0421 ], [ 654.533653137390502, 0.000000349245965, 0.0421 ], [ 660.907908317749389, 0.000000349245965, 0.0421 ], [ 656.841259834473021, 3.076215139590204, 0.0421 ] ] ] } },
{ "type": "Feature", "properties": { "fid": 67, "Layer": "TPX_BUILDINGS_HATCH", "PaperSpace": null, "SubClasses": "AcDbEntity:AcDbHatch", "Linetype": null, "EntityHandle": "57BC", "Text": "SOLID" }, "geometry": { "type": "Polygon", "coordinates": [ [ [ 505.99380290240515, 29.272935415618122, 0.0421 ], [ 495.895530578796752, 15.828047300688922, 0.0421 ], [ 517.174995300476439, -0.000000451691449, 0.0421 ], [ 521.242800590698607, -0.000000451691449, 0.0421 ], [ 529.88307463855017, 11.503655935637653, 0.0421 ], [ 505.99380290240515, 29.272935415618122, 0.0421 ] ] ] } },
{ "type": "Feature", "properties": { "fid": 68, "Layer": "TPX_BUILDINGS_HATCH", "PaperSpace": null, "SubClasses": "AcDbEntity:AcDbHatch", "Linetype": null, "EntityHandle": "57C5", "Text": "SOLID" }, "geometry": { "type": "Polygon", "coordinates": [ [ [ 569.622595665161498, 83.164481735788286, 0.0421 ], [ 548.060278770630248, 53.707224464975297, 0.0421 ], [ 555.981544372742064, 47.95516452845186, 0.0421 ], [ 558.606467125122435, 51.538950539194047, 0.0421 ], [ 561.312560913269408, 49.572096443735063, 0.0421 ], [ 580.259071228210814, 75.445349312387407, 0.0421 ], [ 569.622595665161498, 83.164481735788286, 0.0421 ] ] ] } },
{ "type": "Feature", "properties": { "fid": 69, "Layer": "TPX_BUILDINGS_HATCH", "PaperSpace": null, "SubClasses": "AcDbEntity:AcDbHatch", "Linetype": null, "EntityHandle": "57CE", "Text": "SOLID" }, "geometry": { "type": "Polygon", "coordinates": [ [ [ 533.301929351990111, 64.422324753366411, 0.0421 ], [ 523.327118751709349, 50.797251320444047, 0.0421 ], [ 547.431576606933959, 33.30075893457979, 0.0421 ], [ 557.406408188049681, 46.92580661829561, 0.0421 ], [ 555.981544372742064, 47.95516452845186, 0.0421 ], [ 548.060278770630248, 53.707224464975297, 0.0421 ], [ 533.301929351990111, 64.422324753366411, 0.0421 ] ] ] } },
{ "type": "Feature", "properties": { "fid": 70, "Layer": "TPX_BUILDINGS_HATCH", "PaperSpace": null, "SubClasses": "AcDbEntity:AcDbHatch", "Linetype": null, "EntityHandle": "57D5", "Text": "SOLID" }, "geometry": { "type": "Polygon", "coordinates": [ [ [ 486.465906021301635, 103.192260361276567, 0.0421 ], [ 474.787074920837767, 87.761431313119829, 0.0421 ], [ 504.557564613525756, 65.427047348581254, 0.0421 ], [ 516.236185905640014, 80.846746063791215, 0.0421 ], [ 486.465906021301635, 103.192260361276567, 0.0421 ] ] ] } },
{ "type": "Feature", "properties": { "fid": 71, "Layer": "TPX_BUILDINGS_HATCH", "PaperSpace": null, "SubClasses": "AcDbEntity:AcDbHatch", "Linetype": null, "EntityHandle": "57DC", "Text": "SOLID" }, "geometry": { "type": "Polygon", "coordinates": [ [ [ 500.865766403381713, 116.500553703866899, 0.0421 ], [ 491.82297885150183, 105.174902535043657, 0.0421 ], [ 498.659392234985717, 100.178610420785844, 0.0421 ], [ 507.69504916400183, 111.17147312220186, 0.0421 ], [ 500.865766403381713, 116.500553703866899, 0.0421 ] ] ] } },
{ "type": "Feature", "properties": { "fid": 72, "Layer": "TPX_BUILDINGS_HATCH", "PaperSpace": null, "SubClasses": "AcDbEntity:AcDbHatch", "Linetype": null, "EntityHandle": "57E3", "Text": "SOLID" }, "geometry": { "type": "Polygon", "coordinates": [ [ [ 526.380980369751342, 111.736351585946977, 0.0421 ], [ 515.389687416260131, 96.967794037424028, 0.0421 ], [ 545.768127319519408, 74.553648567758501, 0.0421 ], [ 556.759448883240111, 89.322169876657426, 0.0421 ], [ 526.380980369751342, 111.736351585946977, 0.0421 ] ] ] } },
{ "type": "Feature", "properties": { "fid": 73, "Layer": "TPX_BUILDINGS_HATCH", "PaperSpace": null, "SubClasses": "AcDbEntity:AcDbHatch", "Linetype": null, "EntityHandle": "57F1", "Text": "SOLID" }, "geometry": { "type": "Polygon", "coordinates": [ [ [ 513.186232444946654, 138.509686089120805, 0.0421 ], [ 504.769318458740599, 127.514659500680864, 0.0421 ], [ 517.350565788452514, 117.967170334421098, 0.0421 ], [ 525.645908233826049, 128.80942306574434, 0.0421 ], [ 529.522067901794799, 133.875690079294145, 0.0421 ], [ 548.738875267212279, 119.302846527658403, 0.0421 ], [ 557.417904731933959, 130.636246300302446, 0.0421 ], [ 538.165413734619506, 145.243164635263383, 0.0421 ], [ 541.601462242309935, 149.730681038461626, 0.0421 ], [ 529.065195915405639, 159.255042648874223, 0.0421 ], [ 521.116371032898314, 148.871470070444047, 0.0421 ], [ 513.186232444946654, 138.509686089120805, 0.0421 ] ] ] } },
{ "type": "Feature", "properties": { "fid": 74, "Layer": "TPX_BUILDINGS_HATCH", "PaperSpace": null, "SubClasses": "AcDbEntity:AcDbHatch", "Linetype": null, "EntityHandle": "57F8", "Text": "SOLID" }, "geometry": { "type": "Polygon", "coordinates": [ [ [ 547.250635978882201, 183.158181763254106, 0.0421 ], [ 535.837475654785521, 168.243320084176958, 0.0421 ], [ 565.267507431213744, 145.727383232675493, 0.0421 ], [ 576.680693504516967, 160.642208672128618, 0.0421 ], [ 547.250635978882201, 183.158181763254106, 0.0421 ] ] ] } },
{ "type": "Feature", "properties": { "fid": 75, "Layer": "TPX_BUILDINGS_HATCH", "PaperSpace": null, "SubClasses": "AcDbEntity:AcDbHatch", "Linetype": null, "EntityHandle": "580B", "Text": "SOLID" }, "geometry": { "type": "Polygon", "coordinates": [ [ [ 483.485825416748412, 166.247203445993364, 0.0421 ], [ 480.066213485901244, 160.82709941919893, 0.0421 ], [ 480.077748176758178, 160.5161148076877, 0.0421 ], [ 480.180481788818724, 160.21427211817354, 0.0421 ], [ 480.472808716003783, 159.841778374277055, 0.0421 ], [ 480.859663841431029, 159.633725739084184, 0.0421 ], [ 481.230942604248412, 159.548082924447954, 0.0421 ], [ 481.640983459656127, 159.572586632333696, 0.0421 ], [ 482.016541359131224, 159.686611748300493, 0.0421 ], [ 485.391862747375853, 165.163153267465532, 0.0421 ], [ 485.371707794372924, 165.496518707834184, 0.0421 ], [ 485.2423990938114, 165.832224464975297, 0.0421 ], [ 485.010891792480834, 166.070240593515337, 0.0421 ], [ 484.633370277588256, 166.289191818796098, 0.0421 ], [ 484.271187660400756, 166.374640083871782, 0.0421 ], [ 483.888911125366576, 166.371736145578325, 0.0421 ], [ 483.485825416748412, 166.247203445993364, 0.0421 ] ] ] } },
{ "type": "Feature", "properties": { "fid": 76, "Layer": "TPX_BUILDINGS_HATCH", "PaperSpace": null, "SubClasses": "AcDbEntity:AcDbHatch", "Linetype": null, "EntityHandle": "5814", "Text": "SOLID" }, "geometry": { "type": "Polygon", "coordinates": [ [ [ 483.051027176086791, 200.30454311426729, 0.0421 ], [ 482.208590385620482, 199.212822533212602, 0.0421 ], [ 499.569812652771361, 185.945023155771196, 0.0421 ], [ 511.195710060303099, 201.021833992563188, 0.0421 ], [ 510.255590316955931, 201.741149521432817, 0.0421 ], [ 499.481227752869017, 187.755861855112016, 0.0421 ], [ 483.051027176086791, 200.30454311426729, 0.0421 ] ] ] } },
{ "type": "Feature", "properties": { "fid": 77, "Layer": "TPX_BUILDINGS_HATCH", "PaperSpace": null, "SubClasses": "AcDbEntity:AcDbHatch", "Linetype": null, "EntityHandle": "581B", "Text": "SOLID" }, "geometry": { "type": "Polygon", "coordinates": [ [ [ 602.032290336792357, 247.526931381784379, 0.0421 ], [ 596.388972160522826, 209.715697861276567, 0.0421 ], [ 617.62125766009558, 207.218282318674028, 0.0421 ], [ 623.253480789368041, 244.508149719797075, 0.0421 ], [ 602.032290336792357, 247.526931381784379, 0.0421 ] ] ] } },
{ "type": "Feature", "properties": { "fid": 78, "Layer": "TPX_BUILDINGS_HATCH", "PaperSpace": null, "SubClasses": "AcDbEntity:AcDbHatch", "Linetype": null, "EntityHandle": "5823", "Text": "SOLID" }, "geometry": { "type": "Polygon", "coordinates": [ [ [ 848.833436664077453, 208.814484215341508, 0.0421 ], [ 835.235051806899719, 121.833276367746294, 0.0421 ], [ 840.19271438929718, 114.535420036874712, 0.0421 ], [ 854.041789706679992, 112.382949448190629, 0.0421 ], [ 854.041789706679992, 212.511560059152544, 0.0421 ], [ 848.833436664077453, 208.814484215341508, 0.0421 ] ] ] } },
{ "type": "Feature", "properties": { "fid": 79, "Layer": "TPX_BUILDINGS_HATCH", "PaperSpace": null, "SubClasses": "AcDbEntity:AcDbHatch", "Linetype": null, "EntityHandle": "583F", "Text": "SOLID" }, "geometry": { "type": "Polygon", "coordinates": [ [ [ 738.352072593872435, 148.506098366342485, 0.0421 ], [ 735.537253257934935, 130.144151306711137, 0.0421 ], [ 768.177326080505736, 125.348404503427446, 0.0421 ], [ 772.436376449768431, 128.319967842660844, 0.0421 ], [ 775.771763679687865, 130.656587219797075, 0.0421 ], [ 788.366085884277709, 217.947948074899614, 0.0421 ], [ 782.736625549499877, 225.326777077279985, 0.0421 ], [ 750.629963752930053, 230.399645424447954, 0.0421 ], [ 747.789914009277709, 212.55983982142061, 0.0421 ], [ 748.911134597961791, 210.527069664560258, 0.0421 ], [ 763.607261535828002, 208.358268356882036, 0.0421 ], [ 763.127684471313842, 205.094709015451372, 0.0421 ], [ 754.672860977356322, 206.341592407785356, 0.0421 ], [ 752.630926010315306, 204.909414864145219, 0.0421 ], [ 745.383921501343139, 158.554050064645708, 0.0421 ], [ 753.538050529663451, 157.29143104609102, 0.0421 ], [ 752.588193771545775, 151.196926689706743, 0.0421 ], [ 754.990868446533568, 150.357405281625688, 0.0421 ], [ 754.615830299560912, 147.724176979623735, 0.0421 ], [ 751.867072937195189, 148.127214050851762, 0.0421 ], [ 751.638431427185424, 146.378668404184282, 0.0421 ], [ 746.0774821016239, 147.197199440561235, 0.0421 ], [ 746.352556106750853, 148.989140129648149, 0.0421 ], [ 743.458736297790892, 149.417483902536333, 0.0421 ], [ 743.241573211853392, 147.779669380746782, 0.0421 ], [ 738.352072593872435, 148.506098366342485, 0.0421 ] ] ] } },
{ "type": "Feature", "properties": { "fid": 80, "Layer": "TPX_BUILDINGS_HATCH", "PaperSpace": null, "SubClasses": "AcDbEntity:AcDbHatch", "Linetype": null, "EntityHandle": "5846", "Text": "SOLID" }, "geometry": { "type": "Polygon", "coordinates": [ [ [ 738.027964470093139, 183.859580612741411, 0.0421 ], [ 737.377906677429564, 179.012693024240434, 0.0421 ], [ 741.252697822754271, 178.496708489023149, 0.0421 ], [ 741.902994987671264, 183.354689217172563, 0.0421 ], [ 738.027964470093139, 183.859580612741411, 0.0421 ] ] ] } },
{ "type": "Feature", "properties": { "fid": 81, "Layer": "TPX_BUILDINGS_HATCH", "PaperSpace": null, "SubClasses": "AcDbEntity:AcDbHatch", "Linetype": null, "EntityHandle": "5863", "Text": "SOLID" }, "geometry": { "type": "Polygon", "coordinates": [ [ [ 703.836008903686889, 229.151110268197954, 0.0421 ], [ 690.525372383301146, 143.639608002267778, 0.0421 ], [ 695.830668327515014, 136.844879723154008, 0.0421 ], [ 728.918443557922728, 131.706736183725297, 0.0421 ], [ 731.755300399963744, 149.824060059152544, 0.0421 ], [ 710.540305969421752, 153.120424843393266, 0.0421 ], [ 711.268166420166381, 157.776981926523149, 0.0421 ], [ 709.780679580871947, 158.008665657602251, 0.0421 ], [ 710.055507538025267, 159.789514160715044, 0.0421 ], [ 722.300351020996459, 157.895339584909379, 0.0421 ], [ 723.799851295654662, 167.551543808542192, 0.0421 ], [ 710.938120720093139, 169.536643601022661, 0.0421 ], [ 712.500280258362181, 179.568830109201372, 0.0421 ], [ 724.681714889709838, 177.68711147364229, 0.0421 ], [ 726.433335182373412, 188.91379318293184, 0.0421 ], [ 714.623639938537963, 190.732045746408403, 0.0421 ], [ 716.101609108154662, 200.233342743478715, 0.0421 ], [ 728.26511752337683, 198.363104439340532, 0.0421 ], [ 730.049984810058959, 209.866516686044633, 0.0421 ], [ 724.263017532532103, 210.756470299325883, 0.0421 ], [ 725.286531326477416, 217.31550273951143, 0.0421 ], [ 730.937535164062865, 216.450664139352739, 0.0421 ], [ 730.747137901489623, 215.211795425973833, 0.0421 ], [ 741.305393097107299, 213.597950554452837, 0.0421 ], [ 744.012606498901732, 231.185359573923051, 0.0421 ], [ 712.809347030823119, 235.950156784616411, 0.0421 ], [ 703.836008903686889, 229.151110268197954, 0.0421 ] ] ] } },
{ "type": "Feature", "properties": { "fid": 82, "Layer": "TPX_BUILDINGS_HATCH", "PaperSpace": null, "SubClasses": "AcDbEntity:AcDbHatch", "Linetype": null, "EntityHandle": "586D", "Text": "SOLID" }, "geometry": { "type": "Polygon", "coordinates": [ [ [ 726.466912147705443, 377.897631264291704, 0.0421 ], [ 719.09971224993933, 334.419168091379106, 0.0421 ], [ 724.821657058899291, 333.464032745920122, 0.0421 ], [ 723.238322136108764, 324.142563438974321, 0.0421 ], [ 742.824761268799193, 320.847856140695512, 0.0421 ], [ 748.068864700500853, 324.342084503732622, 0.0421 ], [ 756.300252792541869, 372.884778595529497, 0.0421 ], [ 726.466912147705443, 377.897631264291704, 0.0421 ] ] ] } },
{ "type": "Feature", "properties": { "fid": 83, "Layer": "TPX_BUILDINGS_HATCH", "PaperSpace": null, "SubClasses": "AcDbEntity:AcDbHatch", "Linetype": null, "EntityHandle": "5880", "Text": "SOLID" }, "geometry": { "type": "Polygon", "coordinates": [ [ [ 717.274500724975951, 299.833184815011919, 0.0421 ], [ 711.812068817322142, 264.537313080392778, 0.0421 ], [ 789.140084144775756, 253.999223328195512, 0.0421 ], [ 796.019649383728392, 259.06749305780977, 0.0421 ], [ 803.912423011963256, 308.78270301874727, 0.0421 ], [ 809.809390899841674, 346.921349144540727, 0.0421 ], [ 812.261050102417357, 362.771875000558794, 0.0421 ], [ 775.089547035400756, 368.486239052377641, 0.0421 ], [ 771.560105201904662, 345.667223549447954, 0.0421 ], [ 770.652327415649779, 339.838164902292192, 0.0421 ], [ 769.742882606689818, 333.931457138620317, 0.0421 ], [ 768.834629890625365, 328.080213165841997, 0.0421 ], [ 768.019961235229857, 322.349035835824907, 0.0421 ], [ 767.196576950256713, 317.483674622140825, 0.0421 ], [ 766.868871566955931, 315.359929657541215, 0.0421 ], [ 763.371272918884642, 292.75108680780977, 0.0421 ], [ 717.274500724975951, 299.833184815011919, 0.0421 ] ] ] } },
{ "type": "Feature", "properties": { "fid": 84, "Layer": "TPX_BUILDINGS_HATCH", "PaperSpace": null, "SubClasses": "AcDbEntity:AcDbHatch", "Linetype": null, "EntityHandle": "588C", "Text": "SOLID" }, "geometry": { "type": "Polygon", "coordinates": [ [ [ 797.341112968628295, 449.055849648080766, 0.0421 ], [ 794.795647499267943, 433.074162102304399, 0.0421 ], [ 800.235977050964721, 424.933647728525102, 0.0421 ], [ 798.698574897949584, 421.570724106393754, 0.0421 ], [ 803.672501442139037, 414.172674751840532, 0.0421 ], [ 808.610590812866576, 416.974280930124223, 0.0421 ], [ 819.213589546387084, 422.095770454965532, 0.0421 ], [ 819.081118461792357, 438.390203095041215, 0.0421 ], [ 815.402552482788451, 445.083481407724321, 0.0421 ], [ 797.341112968628295, 449.055849648080766, 0.0421 ] ] ] } },
{ "type": "Feature", "properties": { "fid": 85, "Layer": "TPX_BUILDINGS_HATCH", "PaperSpace": null, "SubClasses": "AcDbEntity:AcDbHatch", "Linetype": null, "EntityHandle": "5895", "Text": "SOLID" }, "geometry": { "type": "Polygon", "coordinates": [ [ [ 737.747321960632689, 447.660488701425493, 0.0421 ], [ 734.066992637817748, 424.167737579904497, 0.0421 ], [ 744.953210708801635, 408.141913033090532, 0.0421 ], [ 787.301947471802123, 402.372029877267778, 0.0421 ], [ 788.299520370666869, 414.502715683542192, 0.0421 ], [ 759.868469116394408, 443.301460838876665, 0.0421 ], [ 737.747321960632689, 447.660488701425493, 0.0421 ] ] ] } },
{ "type": "Feature", "properties": { "fid": 86, "Layer": "TPX_BUILDINGS_HATCH", "PaperSpace": null, "SubClasses": "AcDbEntity:AcDbHatch", "Linetype": null, "EntityHandle": "589C", "Text": "SOLID" }, "geometry": { "type": "Polygon", "coordinates": [ [ [ 670.289654609863646, 469.5501724248752, 0.0421 ], [ 662.236785766785033, 419.128073311410844, 0.0421 ], [ 703.01463973254431, 412.67093715723604, 0.0421 ], [ 711.067498085205443, 463.081917381845415, 0.0421 ], [ 670.289654609863646, 469.5501724248752, 0.0421 ] ] ] } },
{ "type": "Feature", "properties": { "fid": 87, "Layer": "TPX_BUILDINGS_HATCH", "PaperSpace": null, "SubClasses": "AcDbEntity:AcDbHatch", "Linetype": null, "EntityHandle": "58A5", "Text": "SOLID" }, "geometry": { "type": "Polygon", "coordinates": [ [ [ 639.733787414734252, 461.260860062204301, 0.0421 ], [ 633.898589966003783, 424.696713066659868, 0.0421 ], [ 637.07306372851599, 424.195803261362016, 0.0421 ], [ 658.795264122192748, 420.755599594675004, 0.0421 ], [ 659.100706932251342, 422.691161728464067, 0.0421 ], [ 664.630562660400756, 457.319734192453325, 0.0421 ], [ 639.733787414734252, 461.260860062204301, 0.0421 ] ] ] } },
{ "type": "Feature", "properties": { "fid": 88, "Layer": "TPX_BUILDINGS_HATCH", "PaperSpace": null, "SubClasses": "AcDbEntity:AcDbHatch", "Linetype": null, "EntityHandle": "58B0", "Text": "SOLID" }, "geometry": { "type": "Polygon", "coordinates": [ [ [ 664.107481834595092, 383.308631516061723, 0.0421 ], [ 659.225605842773803, 350.885716057382524, 0.0421 ], [ 663.697025177185424, 346.361761665903032, 0.0421 ], [ 683.602664825622924, 342.671915627084672, 0.0421 ], [ 691.924742576782592, 347.531748390756547, 0.0421 ], [ 696.171229240600951, 379.602060890756547, 0.0421 ], [ 693.301881668274291, 382.870895958505571, 0.0421 ], [ 669.195043441955931, 386.717482185922563, 0.0421 ], [ 664.107481834595092, 383.308631516061723, 0.0421 ] ] ] } },
{ "type": "Feature", "properties": { "fid": 89, "Layer": "TPX_BUILDINGS_HATCH", "PaperSpace": null, "SubClasses": "AcDbEntity:AcDbHatch", "Linetype": null, "EntityHandle": "58BC", "Text": "SOLID" }, "geometry": { "type": "Polygon", "coordinates": [ [ [ 633.788548347656615, 338.535770035348833, 0.0421 ], [ 624.012847778503783, 281.181186295114458, 0.0421 ], [ 674.60009181231726, 273.437225914560258, 0.0421 ], [ 674.799474594299681, 275.519334412179887, 0.0421 ], [ 669.655820724670775, 280.945545769296587, 0.0421 ], [ 671.061157104675658, 287.063575363717973, 0.0421 ], [ 674.815001365845092, 289.391254997812212, 0.0421 ], [ 683.946257469360717, 295.06606540735811, 0.0421 ], [ 689.71119963855017, 330.04471645411104, 0.0421 ], [ 633.788548347656615, 338.535770035348833, 0.0421 ] ] ] } },
{ "type": "Feature", "properties": { "fid": 90, "Layer": "TPX_BUILDINGS_HATCH", "PaperSpace": null, "SubClasses": "AcDbEntity:AcDbHatch", "Linetype": null, "EntityHandle": "58C5", "Text": "SOLID" }, "geometry": { "type": "Polygon", "coordinates": [ [ [ 599.816041824524291, 400.901622391305864, 0.0421 ], [ 581.042439338867553, 292.734520531259477, 0.0421 ], [ 614.340045807068236, 287.592339134775102, 0.0421 ], [ 623.472810623352416, 344.250461197458208, 0.0421 ], [ 645.293927070801146, 340.763764000497758, 0.0421 ], [ 653.607210037414916, 392.301165199838579, 0.0421 ], [ 599.816041824524291, 400.901622391305864, 0.0421 ] ] ] } },
{ "type": "Feature", "properties": { "fid": 91, "Layer": "TPX_BUILDINGS_HATCH", "PaperSpace": null, "SubClasses": "AcDbEntity:AcDbHatch", "Linetype": null, "EntityHandle": "58CD", "Text": "SOLID" }, "geometry": { "type": "Polygon", "coordinates": [ [ [ 478.215520736877806, 341.960478401742876, 0.0421 ], [ 454.059478637878783, 308.263740158639848, 0.0421 ], [ 529.697110054199584, 254.516047096811235, 0.0421 ], [ 536.671585914795287, 261.047379112802446, 0.0421 ], [ 540.104906913940795, 295.965103722177446, 0.0421 ], [ 478.215520736877806, 341.960478401742876, 0.0421 ] ] ] } },
{ "type": "Feature", "properties": { "fid": 92, "Layer": "TPX_BUILDINGS_HATCH", "PaperSpace": null, "SubClasses": "AcDbEntity:AcDbHatch", "Linetype": null, "EntityHandle": "58D8", "Text": "SOLID" }, "geometry": { "type": "Polygon", "coordinates": [ [ [ 750.553059456055053, 485.872830010019243, 0.0421 ], [ 746.695282814209349, 462.594750023446977, 0.0421 ], [ 761.078260299866088, 460.232941246591508, 0.0421 ], [ 759.165027496521361, 448.687898254953325, 0.0421 ], [ 781.564732429687865, 445.010901070199907, 0.0421 ], [ 785.422833320801146, 468.300063706003129, 0.0421 ], [ 773.73317229480017, 470.21567306574434, 0.0421 ], [ 775.646187660400756, 481.749621010385454, 0.0421 ], [ 750.553059456055053, 485.872830010019243, 0.0421 ] ] ] } },
{ "type": "Feature", "properties": { "fid": 93, "Layer": "TPX_BUILDINGS_HATCH", "PaperSpace": null, "SubClasses": "AcDbEntity:AcDbHatch", "Linetype": null, "EntityHandle": "58ED", "Text": "SOLID" }, "geometry": { "type": "Polygon", "coordinates": [ [ [ 610.244845268432982, 475.133055306039751, 0.0421 ], [ 603.452564117615111, 432.55222377832979, 0.0421 ], [ 608.295792457764037, 431.782480812631547, 0.0421 ], [ 607.581115600769408, 427.314299202524126, 0.0421 ], [ 622.473696586792357, 424.952877617441118, 0.0421 ], [ 623.156807777588256, 429.221974945627153, 0.0421 ], [ 628.362939712707885, 428.400044060312212, 0.0421 ], [ 630.560335037414916, 442.169666863046587, 0.0421 ], [ 632.401444313232787, 441.874924278818071, 0.0421 ], [ 633.735867378418334, 450.202941513620317, 0.0421 ], [ 636.66546046466101, 449.74057827051729, 0.0421 ], [ 638.894443390076049, 463.709282494150102, 0.0421 ], [ 635.964846489136107, 464.171645737253129, 0.0421 ], [ 637.122029182617553, 471.449173546396196, 0.0421 ], [ 630.092713234131224, 472.554365730844438, 0.0421 ], [ 631.017646667663939, 478.338673210702837, 0.0421 ], [ 619.399297592346556, 480.185964203439653, 0.0421 ], [ 618.389464256470092, 473.83748874720186, 0.0421 ], [ 610.244845268432982, 475.133055306039751, 0.0421 ] ] ] } },
{ "type": "Feature", "properties": { "fid": 94, "Layer": "TPX_BUILDINGS_HATCH", "PaperSpace": null, "SubClasses": "AcDbEntity:AcDbHatch", "Linetype": null, "EntityHandle": "5906", "Text": "SOLID" }, "geometry": { "type": "Polygon", "coordinates": [ [ [ 729.695075866882689, 832.81601772364229, 0.0421 ], [ 728.193615791504271, 823.071076965890825, 0.0421 ], [ 735.072415229980834, 821.724904633127153, 0.0421 ], [ 734.144335624878295, 817.494363403879106, 0.0421 ], [ 747.026382324402221, 815.564344025216997, 0.0421 ], [ 747.387095329468139, 817.953727341257036, 0.0421 ], [ 750.217692253296264, 817.537850952707231, 0.0421 ], [ 750.924187538330443, 819.076381302438676, 0.0421 ], [ 752.384306785766967, 818.412470436654985, 0.0421 ], [ 753.205201027099974, 820.192697144113481, 0.0421 ], [ 754.769859192078002, 820.159117317758501, 0.0421 ], [ 757.316049453918822, 815.820721245370805, 0.0421 ], [ 757.157694694702514, 814.803122139535844, 0.0421 ], [ 755.606658813660033, 815.047268486581743, 0.0421 ], [ 755.290901062195189, 813.056440926156938, 0.0421 ], [ 753.286213752930053, 813.365811920724809, 0.0421 ], [ 752.855393287842162, 810.678291893564165, 0.0421 ], [ 750.261316177551635, 811.089093781076372, 0.0421 ], [ 748.082603332703002, 797.352384186349809, 0.0421 ], [ 764.055683014099486, 794.845502472482622, 0.0421 ], [ 767.612761375610717, 817.253302193246782, 0.0421 ], [ 758.288518783752806, 829.328068352304399, 0.0421 ], [ 729.695075866882689, 832.81601772364229, 0.0421 ] ] ] } },
{ "type": "Feature", "properties": { "fid": 95, "Layer": "TPX_BUILDINGS_HATCH", "PaperSpace": null, "SubClasses": "AcDbEntity:AcDbHatch", "Linetype": null, "EntityHandle": "5923", "Text": "SOLID" }, "geometry": { "type": "Polygon", "coordinates": [ [ [ 457.311774131958373, 564.907956696115434, 0.0421 ], [ 448.95557105273474, 511.318281746469438, 0.0421 ], [ 455.086845276062377, 506.52581939753145, 0.0421 ], [ 462.661961433594115, 516.873077965341508, 0.0421 ], [ 468.151034233276732, 516.511287308298051, 0.0421 ], [ 472.514299270813353, 512.877581215463579, 0.0421 ], [ 463.360673782532103, 501.065959549508989, 0.0421 ], [ 522.214854118530639, 452.672134972177446, 0.0421 ], [ 533.838005897705443, 554.200760460458696, 0.0421 ], [ 517.977393028442748, 556.416306114755571, 0.0421 ], [ 516.945581314270385, 545.218563652597368, 0.0421 ], [ 513.997284767334349, 545.659090614877641, 0.0421 ], [ 510.187192794983275, 546.229068375192583, 0.0421 ], [ 511.154130813782103, 557.372712708078325, 0.0421 ], [ 457.311774131958373, 564.907956696115434, 0.0421 ] ] ] } },
{ "type": "Feature", "properties": { "fid": 96, "Layer": "TPX_BUILDINGS_HATCH", "PaperSpace": null, "SubClasses": "AcDbEntity:AcDbHatch", "Linetype": null, "EntityHandle": "5932", "Text": "SOLID" }, "geometry": { "type": "Polygon", "coordinates": [ [ [ 547.141828415100463, 669.166050530038774, 0.0421 ], [ 544.677225944702514, 649.720079994760454, 0.0421 ], [ 554.407208320801146, 648.501572228036821, 0.0421 ], [ 553.717818138306029, 643.089534378610551, 0.0421 ], [ 572.551047203247435, 640.710316277109087, 0.0421 ], [ 573.163452026550658, 645.50252780970186, 0.0421 ], [ 582.766312477295287, 644.297811127267778, 0.0421 ], [ 586.567720291321166, 674.302401161752641, 0.0421 ], [ 558.403951523010619, 677.858307457529008, 0.0421 ], [ 557.866647598450072, 673.59717998560518, 0.0421 ], [ 551.413408157532103, 674.412504768930376, 0.0421 ], [ 550.690784332458861, 668.723735428415239, 0.0421 ], [ 547.141828415100463, 669.166050530038774, 0.0421 ] ] ] } },
{ "type": "Feature", "properties": { "fid": 97, "Layer": "TPX_BUILDINGS_HATCH", "PaperSpace": null, "SubClasses": "AcDbEntity:AcDbHatch", "Linetype": null, "EntityHandle": "593A", "Text": "SOLID" }, "geometry": { "type": "Polygon", "coordinates": [ [ [ 537.985780594055541, 630.508999443612993, 0.0421 ], [ 534.416048881714232, 612.152106857858598, 0.0421 ], [ 540.521076080505736, 603.586905098520219, 0.0421 ], [ 566.974747535889037, 599.657089806161821, 0.0421 ], [ 571.546801445190795, 625.283728218637407, 0.0421 ], [ 537.985780594055541, 630.508999443612993, 0.0421 ] ] ] } },
{ "type": "Feature", "properties": { "fid": 98, "Layer": "TPX_BUILDINGS_HATCH", "PaperSpace": null, "SubClasses": "AcDbEntity:AcDbHatch", "Linetype": null, "EntityHandle": "5941", "Text": "SOLID" }, "geometry": { "type": "Polygon", "coordinates": [ [ [ 577.125079986755736, 613.799977875314653, 0.0421 ], [ 574.573983070557006, 597.962647057138383, 0.0421 ], [ 606.862056610290892, 592.797824478708208, 0.0421 ], [ 609.413210746948607, 608.635148621164262, 0.0421 ], [ 577.125079986755736, 613.799977875314653, 0.0421 ] ] ] } },
{ "type": "Feature", "properties": { "fid": 99, "Layer": "TPX_BUILDINGS_HATCH", "PaperSpace": null, "SubClasses": "AcDbEntity:AcDbHatch", "Linetype": null, "EntityHandle": "5948", "Text": "SOLID" }, "geometry": { "type": "Polygon", "coordinates": [ [ [ 619.420885917847045, 610.606774902902544, 0.0421 ], [ 616.330017921631224, 592.09536228235811, 0.0421 ], [ 651.90608489245642, 586.205085373483598, 0.0421 ], [ 654.997024414245971, 604.716489410959184, 0.0421 ], [ 619.420885917847045, 610.606774902902544, 0.0421 ] ] ] } },
{ "type": "Feature", "properties": { "fid": 100, "Layer": "TPX_BUILDINGS_HATCH", "PaperSpace": null, "SubClasses": "AcDbEntity:AcDbHatch", "Linetype": null, "EntityHandle": "594F", "Text": "SOLID" }, "geometry": { "type": "Polygon", "coordinates": [ [ [ 606.436686393921264, 665.897000885568559, 0.0421 ], [ 601.934191581909545, 638.426648712716997, 0.0421 ], [ 629.169129249756224, 634.002696610055864, 0.0421 ], [ 633.671706077759154, 661.473039246164262, 0.0421 ], [ 606.436686393921264, 665.897000885568559, 0.0421 ] ] ] } },
{ "type": "Feature", "properties": { "fid": 101, "Layer": "TPX_BUILDINGS_HATCH", "PaperSpace": null, "SubClasses": "AcDbEntity:AcDbHatch", "Linetype": null, "EntityHandle": "595A", "Text": "SOLID" }, "geometry": { "type": "Polygon", "coordinates": [ [ [ 665.108253357117064, 689.996996498666704, 0.0421 ], [ 662.56212794512976, 671.42951641138643, 0.0421 ], [ 675.556464073364623, 669.652546501718462, 0.0421 ], [ 676.440183517639525, 676.059211350046098, 0.0421 ], [ 683.881150123779662, 675.045041657052934, 0.0421 ], [ 682.5760172578739, 665.540034866891801, 0.0421 ], [ 698.800908920471556, 663.327493286691606, 0.0421 ], [ 701.777620193664916, 684.993112183175981, 0.0421 ], [ 665.108253357117064, 689.996996498666704, 0.0421 ] ] ] } },
{ "type": "Feature", "properties": { "fid": 102, "Layer": "TPX_BUILDINGS_HATCH", "PaperSpace": null, "SubClasses": "AcDbEntity:AcDbHatch", "Linetype": null, "EntityHandle": "5963", "Text": "SOLID" }, "geometry": { "type": "Polygon", "coordinates": [ [ [ 658.984636184875853, 648.056620216928422, 0.0421 ], [ 657.612339851562865, 637.964870071969926, 0.0421 ], [ 663.719399330322631, 637.134698486886919, 0.0421 ], [ 662.465484497253783, 627.894938088022172, 0.0421 ], [ 686.358412620727904, 624.652283287607133, 0.0421 ], [ 688.984681007568724, 643.983789063058794, 0.0421 ], [ 658.984636184875853, 648.056620216928422, 0.0421 ] ] ] } },
{ "type": "Feature", "properties": { "fid": 103, "Layer": "TPX_BUILDINGS_HATCH", "PaperSpace": null, "SubClasses": "AcDbEntity:AcDbHatch", "Linetype": null, "EntityHandle": "596F", "Text": "SOLID" }, "geometry": { "type": "Polygon", "coordinates": [ [ [ 665.628078338806517, 614.110215759836137, 0.0421 ], [ 661.011764404480346, 584.311785317026079, 0.0421 ], [ 682.446113464538939, 581.010898209176958, 0.0421 ], [ 683.429182884399779, 587.382138825021684, 0.0421 ], [ 693.606540558044799, 585.809844589792192, 0.0421 ], [ 692.60265242785681, 579.316976166330278, 0.0421 ], [ 713.819141266052611, 576.04288253840059, 0.0421 ], [ 715.477724907104857, 586.749963379465044, 0.0421 ], [ 699.181324836914428, 608.951215363107622, 0.0421 ], [ 665.628078338806517, 614.110215759836137, 0.0421 ] ] ] } },
{ "type": "Feature", "properties": { "fid": 104, "Layer": "TPX_BUILDINGS_HATCH", "PaperSpace": null, "SubClasses": "AcDbEntity:AcDbHatch", "Linetype": null, "EntityHandle": "597B", "Text": "SOLID" }, "geometry": { "type": "Polygon", "coordinates": [ [ [ 614.339960930054076, 531.133474922738969, 0.0421 ], [ 610.612610695068724, 507.131206131540239, 0.0421 ], [ 635.883430359070189, 503.22653732355684, 0.0421 ], [ 637.889214393799193, 516.123542404733598, 0.0421 ], [ 675.578219291870482, 510.321000671945512, 0.0421 ], [ 679.707342979614623, 536.922616577707231, 0.0421 ], [ 671.915532943909056, 538.121883011423051, 0.0421 ], [ 634.045191642944701, 543.961584663949907, 0.0421 ], [ 631.637826797668822, 528.4652114873752, 0.0421 ], [ 614.339960930054076, 531.133474922738969, 0.0421 ] ] ] } },
{ "type": "Feature", "properties": { "fid": 105, "Layer": "TPX_BUILDINGS_HATCH", "PaperSpace": null, "SubClasses": "AcDbEntity:AcDbHatch", "Linetype": null, "EntityHandle": "5982", "Text": "SOLID" }, "geometry": { "type": "Polygon", "coordinates": [ [ [ 676.60097014636267, 507.513509369455278, 0.0421 ], [ 671.333212730591185, 474.49959812220186, 0.0421 ], [ 709.335646507446654, 468.468221283517778, 0.0421 ], [ 714.603779670898803, 501.493210411630571, 0.0421 ], [ 676.60097014636267, 507.513509369455278, 0.0421 ] ] ] } },
{ "type": "Feature", "properties": { "fid": 106, "Layer": "TPX_BUILDINGS_HATCH", "PaperSpace": null, "SubClasses": "AcDbEntity:AcDbHatch", "Linetype": null, "EntityHandle": "598B", "Text": "SOLID" }, "geometry": { "type": "Polygon", "coordinates": [ [ [ 679.707342979614623, 536.922616577707231, 0.0421 ], [ 675.578219291870482, 510.321000671945512, 0.0421 ], [ 715.797737953369506, 504.119963265024126, 0.0421 ], [ 720.307777282898314, 533.199302292428911, 0.0421 ], [ 714.765730735962279, 534.061783409677446, 0.0421 ], [ 680.088129875366576, 539.400354004465044, 0.0421 ], [ 679.707342979614623, 536.922616577707231, 0.0421 ] ] ] } },
{ "type": "Feature", "properties": { "fid": 107, "Layer": "TPX_BUILDINGS_HATCH", "PaperSpace": null, "SubClasses": "AcDbEntity:AcDbHatch", "Linetype": null, "EntityHandle": "5993", "Text": "SOLID" }, "geometry": { "type": "Polygon", "coordinates": [ [ [ 752.79088771075476, 526.109831429086626, 0.0421 ], [ 748.027667877380736, 495.415656662546098, 0.0421 ], [ 784.537331459228881, 489.793331719003618, 0.0421 ], [ 785.096600410644896, 493.37701568659395, 0.0421 ], [ 789.309772369568236, 520.487297630868852, 0.0421 ], [ 752.79088771075476, 526.109831429086626, 0.0421 ] ] ] } },
{ "type": "Feature", "properties": { "fid": 108, "Layer": "TPX_BUILDINGS_HATCH", "PaperSpace": null, "SubClasses": "AcDbEntity:AcDbHatch", "Linetype": null, "EntityHandle": "59A4", "Text": "SOLID" }, "geometry": { "type": "Polygon", "coordinates": [ [ [ 789.309772369568236, 520.487297630868852, 0.0421 ], [ 785.096600410644896, 493.37701568659395, 0.0421 ], [ 804.380783912842162, 490.399425125680864, 0.0421 ], [ 799.44817244738806, 455.214289284311235, 0.0421 ], [ 824.81652247637976, 450.774288750253618, 0.0421 ], [ 832.107200500671752, 498.715658760629594, 0.0421 ], [ 831.656150695984252, 501.444307900033891, 0.0421 ], [ 832.227155563537963, 505.149814224801958, 0.0421 ], [ 829.378942367737181, 505.588296509347856, 0.0421 ], [ 829.865026352112181, 508.729637718759477, 0.0421 ], [ 826.354671356384642, 509.2711196905002, 0.0421 ], [ 826.786935684387572, 512.025192833505571, 0.0421 ], [ 822.115555641357787, 512.746970749460161, 0.0421 ], [ 822.526767608826049, 515.368322945199907, 0.0421 ], [ 789.309772369568236, 520.487297630868852, 0.0421 ] ] ] } },
{ "type": "Feature", "properties": { "fid": 109, "Layer": "TPX_BUILDINGS_HATCH", "PaperSpace": null, "SubClasses": "AcDbEntity:AcDbHatch", "Linetype": null, "EntityHandle": "59B1", "Text": "SOLID" }, "geometry": { "type": "Polygon", "coordinates": [ [ [ 773.464363929932006, 628.553842163644731, 0.0421 ], [ 764.038484451477416, 567.618357277475297, 0.0421 ], [ 828.586678383057006, 557.698431587778032, 0.0421 ], [ 829.200500366394408, 561.702659226022661, 0.0421 ], [ 833.500136253540404, 561.04435024317354, 0.0421 ], [ 842.365046379272826, 618.296267128549516, 0.0421 ], [ 824.205004570190795, 621.083318329416215, 0.0421 ], [ 817.93973910540808, 580.633148766122758, 0.0421 ], [ 788.123726722900756, 585.212974167428911, 0.0421 ], [ 794.336470482056029, 625.342446899972856, 0.0421 ], [ 773.464363929932006, 628.553842163644731, 0.0421 ] ] ] } },
{ "type": "Feature", "properties": { "fid": 110, "Layer": "TPX_BUILDINGS_HATCH", "PaperSpace": null, "SubClasses": "AcDbEntity:AcDbHatch", "Linetype": null, "EntityHandle": "59DA", "Text": "SOLID" }, "geometry": { "type": "Polygon", "coordinates": [ [ [ 782.914569732849486, 670.267398453317583, 0.0421 ], [ 777.569034454529174, 635.346374130807817, 0.0421 ], [ 784.826123115723021, 634.247281647287309, 0.0421 ], [ 785.704728958313353, 639.988182640634477, 0.0421 ], [ 792.526133415405639, 638.942828751169145, 0.0421 ], [ 792.696206924621947, 640.082252121530473, 0.0421 ], [ 797.703516838257201, 639.319987869821489, 0.0421 ], [ 796.623491165344603, 632.251675224862993, 0.0421 ], [ 804.098181602661498, 631.114602661691606, 0.0421 ], [ 805.178212997619994, 638.182915306650102, 0.0421 ], [ 814.811960098450072, 636.722037888132036, 0.0421 ], [ 813.752734062378295, 629.77535495813936, 0.0421 ], [ 821.154886123840697, 628.650923348031938, 0.0421 ], [ 822.223214027588256, 635.597409821115434, 0.0421 ], [ 826.686149475281127, 634.913405037485063, 0.0421 ], [ 826.506022331421264, 633.729806519113481, 0.0421 ], [ 833.463630554382689, 632.670399284921587, 0.0421 ], [ 832.542415497009642, 626.641872978769243, 0.0421 ], [ 839.409290191833861, 625.595506287179887, 0.0421 ], [ 844.798119423096068, 660.82631931360811, 0.0421 ], [ 837.867779609863646, 661.885148621164262, 0.0421 ], [ 837.116163131897338, 656.973860359750688, 0.0421 ], [ 830.040516731445678, 658.046901321969926, 0.0421 ], [ 828.949462768738158, 650.890045738779008, 0.0421 ], [ 836.02510344714392, 649.81700477655977, 0.0421 ], [ 834.480723259155639, 639.77335414942354, 0.0421 ], [ 828.140015480224974, 640.741832352243364, 0.0421 ], [ 828.341432449524291, 642.069244957529008, 0.0421 ], [ 793.425984260742553, 647.368941879831254, 0.0421 ], [ 793.236288902466185, 646.163353539071977, 0.0421 ], [ 786.832135078613646, 647.14426193293184, 0.0421 ], [ 788.377652046387084, 657.243381119333208, 0.0421 ], [ 799.471938965027221, 655.562506294809282, 0.0421 ], [ 800.010881302063353, 659.046745873056352, 0.0421 ], [ 795.856267807190306, 659.67972621973604, 0.0421 ], [ 796.427500602905639, 663.39632663782686, 0.0421 ], [ 789.487820503418334, 664.444221115671098, 0.0421 ], [ 790.207835075561889, 669.156429863534868, 0.0421 ], [ 782.914569732849486, 670.267398453317583, 0.0421 ] ] ] } },
{ "type": "Feature", "properties": { "fid": 111, "Layer": "TPX_BUILDINGS_HATCH", "PaperSpace": null, "SubClasses": "AcDbEntity:AcDbHatch", "Linetype": null, "EntityHandle": "59E2", "Text": "SOLID" }, "geometry": { "type": "Polygon", "coordinates": [ [ [ 711.973095771973021, 653.72270546015352, 0.0421 ], [ 704.861647484009154, 611.137674904428422, 0.0421 ], [ 724.019492027466185, 586.14494667109102, 0.0421 ], [ 730.739368316833861, 585.03522930201143, 0.0421 ], [ 741.391775009338744, 648.852034187875688, 0.0421 ], [ 711.973095771973021, 653.72270546015352, 0.0421 ] ] ] } },
{ "type": "Feature", "properties": { "fid": 112, "Layer": "TPX_BUILDINGS_HATCH", "PaperSpace": null, "SubClasses": "AcDbEntity:AcDbHatch", "Linetype": null, "EntityHandle": "59E9", "Text": "SOLID" }, "geometry": { "type": "Polygon", "coordinates": [ [ [ 716.178215858642943, 686.404272652231157, 0.0421 ], [ 711.875795242493041, 658.519042587839067, 0.0421 ], [ 744.939877388183959, 653.459159470163286, 0.0421 ], [ 749.233302948181517, 681.344574547372758, 0.0421 ], [ 716.178215858642943, 686.404272652231157, 0.0421 ] ] ] } },
{ "type": "Feature", "properties": { "fid": 113, "Layer": "TPX_BUILDINGS_HATCH", "PaperSpace": null, "SubClasses": "AcDbEntity:AcDbHatch", "Linetype": null, "EntityHandle": "59FA", "Text": "SOLID" }, "geometry": { "type": "Polygon", "coordinates": [ [ [ 725.592344162170775, 731.53676853235811, 0.0421 ], [ 724.807919380371459, 727.214361763559282, 0.0421 ], [ 730.950470802490599, 726.338995552621782, 0.0421 ], [ 730.649292823974974, 724.603104210458696, 0.0421 ], [ 746.116160270874389, 722.262479401193559, 0.0421 ], [ 746.974458572571166, 727.482221222482622, 0.0421 ], [ 748.507286903564818, 727.23846588190645, 0.0421 ], [ 748.115100738708861, 723.806564903818071, 0.0421 ], [ 754.308895942871459, 722.774713135324419, 0.0421 ], [ 755.038755294983275, 727.098289108835161, 0.0421 ], [ 753.396765587036498, 727.344387627206743, 0.0421 ], [ 754.892670509521849, 737.677629089914262, 0.0421 ], [ 728.956386444275267, 741.985293007455766, 0.0421 ], [ 727.136412498657592, 731.392656899057329, 0.0421 ], [ 725.592344162170775, 731.53676853235811, 0.0421 ] ] ] } },
{ "type": "Feature", "properties": { "fid": 114, "Layer": "TPX_BUILDINGS_HATCH", "PaperSpace": null, "SubClasses": "AcDbEntity:AcDbHatch", "Linetype": null, "EntityHandle": "5A01", "Text": "SOLID" }, "geometry": { "type": "Polygon", "coordinates": [ [ [ 734.74941813678015, 792.677799797616899, 0.0421 ], [ 731.392266151611693, 770.676320648752153, 0.0421 ], [ 739.511045334045775, 769.436705208383501, 0.0421 ], [ 743.013289329712279, 791.412873840890825, 0.0421 ], [ 734.74941813678015, 792.677799797616899, 0.0421 ] ] ] } },
{ "type": "Feature", "properties": { "fid": 115, "Layer": "TPX_BUILDINGS_HATCH", "PaperSpace": null, "SubClasses": "AcDbEntity:AcDbHatch", "Linetype": null, "EntityHandle": "5A10", "Text": "SOLID" }, "geometry": { "type": "Polygon", "coordinates": [ [ [ 725.955497619812377, 753.125292397104204, 0.0421 ], [ 725.231654045288451, 748.657313919626176, 0.0421 ], [ 734.854763862793334, 747.119074440561235, 0.0421 ], [ 735.589851257507689, 751.686690903268754, 0.0421 ], [ 734.356498596374877, 751.890722847543657, 0.0421 ], [ 736.381170150940306, 764.387786484323442, 0.0421 ], [ 737.270036575500853, 764.246636009775102, 0.0421 ], [ 738.088612434570678, 769.311861610971391, 0.0421 ], [ 728.465478775207885, 770.850103951059282, 0.0421 ], [ 727.667243835632689, 765.884321785531938, 0.0421 ], [ 729.218272087280639, 765.640180206857622, 0.0421 ], [ 727.16179835528601, 752.932939148508012, 0.0421 ], [ 725.955497619812377, 753.125292397104204, 0.0421 ] ] ] } },
{ "type": "Feature", "properties": { "fid": 116, "Layer": "TPX_BUILDINGS_HATCH", "PaperSpace": null, "SubClasses": "AcDbEntity:AcDbHatch", "Linetype": null, "EntityHandle": "5A1C", "Text": "SOLID" }, "geometry": { "type": "Polygon", "coordinates": [ [ [ 746.338215706055053, 755.085007286630571, 0.0421 ], [ 744.93733489245642, 744.938388443551958, 0.0421 ], [ 748.93877303332556, 744.375307655893266, 0.0421 ], [ 758.420137283508666, 743.017649269662797, 0.0421 ], [ 761.502255317871459, 765.346862412057817, 0.0421 ], [ 748.39910304278601, 767.148478127084672, 0.0421 ], [ 747.784409401123412, 762.678159332834184, 0.0421 ], [ 751.096404907410033, 762.218656159006059, 0.0421 ], [ 750.040417549316771, 754.572739220224321, 0.0421 ], [ 746.338215706055053, 755.085007286630571, 0.0421 ] ] ] } },
{ "type": "Feature", "properties": { "fid": 117, "Layer": "TPX_BUILDINGS_HATCH", "PaperSpace": null, "SubClasses": "AcDbEntity:AcDbHatch", "Linetype": null, "EntityHandle": "5A23", "Text": "SOLID" }, "geometry": { "type": "Polygon", "coordinates": [ [ [ 753.676763412659056, 790.429375267587602, 0.0421 ], [ 750.235364792053588, 767.897013283334672, 0.0421 ], [ 761.728860733215697, 766.15213832911104, 0.0421 ], [ 765.179147598450072, 788.673208809457719, 0.0421 ], [ 753.676763412659056, 790.429375267587602, 0.0421 ] ] ] } },
{ "type": "Feature", "properties": { "fid": 118, "Layer": "TPX_BUILDINGS_HATCH", "PaperSpace": null, "SubClasses": "AcDbEntity:AcDbHatch", "Linetype": null, "EntityHandle": "5A50", "Text": "SOLID" }, "geometry": { "type": "Polygon", "coordinates": [ [ [ 796.695346035179682, 737.346350288949907, 0.0421 ], [ 795.869832195458002, 731.959439850412309, 0.0421 ], [ 802.246994175133295, 730.990206337533891, 0.0421 ], [ 802.10921017092187, 730.083144760690629, 0.0421 ], [ 842.856804050621577, 723.848069763742387, 0.0421 ], [ 844.706925548729487, 735.838368034921587, 0.0421 ], [ 843.854211963829584, 735.967655754648149, 0.0421 ], [ 848.052276767906733, 763.211415863595903, 0.0421 ], [ 853.585838474449702, 762.371239281259477, 0.0421 ], [ 854.04179016512353, 765.329616165719926, 0.0421 ], [ 854.04179016512353, 772.696419334970415, 0.0421 ], [ 849.798954166588373, 773.350600815378129, 0.0421 ], [ 852.728928722557612, 792.398112869821489, 0.0421 ], [ 854.04179016512353, 792.197577095590532, 0.0421 ], [ 854.04179016512353, 803.623195267282426, 0.0421 ], [ 843.448785938438959, 805.248875237070024, 0.0421 ], [ 819.083273090538569, 808.968170738779008, 0.0421 ], [ 819.506445087608881, 811.722439385019243, 0.0421 ], [ 808.339905895409174, 813.438171005807817, 0.0421 ], [ 807.916261829552241, 810.661717033945024, 0.0421 ], [ 802.246691860374995, 811.5269790655002, 0.0421 ], [ 800.503304638084956, 800.266839600168169, 0.0421 ], [ 806.209254421410151, 799.400797463022172, 0.0421 ], [ 803.344675220665522, 780.851274109445512, 0.0421 ], [ 797.829293407616206, 781.691029167734087, 0.0421 ], [ 796.117490925011225, 770.629971123300493, 0.0421 ], [ 801.669252552208491, 769.789435959421098, 0.0421 ], [ 797.924638904747553, 745.432456589303911, 0.0421 ], [ 797.22609249514062, 745.536234474740922, 0.0421 ], [ 795.987703479942866, 737.450322723947465, 0.0421 ], [ 796.695346035179682, 737.346350288949907, 0.0421 ] ] ] } },
{ "type": "Feature", "properties": { "fid": 119, "Layer": "TPX_BUILDINGS_HATCH", "PaperSpace": null, "SubClasses": "AcDbEntity:AcDbHatch", "Linetype": null, "EntityHandle": "5A58", "Text": "SOLID" }, "geometry": { "type": "Polygon", "coordinates": [ [ [ 706.615514633362181, 811.215530968271196, 0.0421 ], [ 705.675231811706908, 805.143015480600297, 0.0421 ], [ 724.968964454834349, 802.154338455758989, 0.0421 ], [ 726.186005470459349, 810.096440888009965, 0.0421 ], [ 706.9020670625614, 813.118203735910356, 0.0421 ], [ 706.615514633362181, 811.215530968271196, 0.0421 ] ] ] } },
{ "type": "Feature", "properties": { "fid": 120, "Layer": "TPX_BUILDINGS_HATCH", "PaperSpace": null, "SubClasses": "AcDbEntity:AcDbHatch", "Linetype": null, "EntityHandle": "5A61", "Text": "SOLID" }, "geometry": { "type": "Polygon", "coordinates": [ [ [ 710.720700142090209, 837.118486977182329, 0.0421 ], [ 708.619817611877806, 823.613155937753618, 0.0421 ], [ 727.803475258057006, 820.582444763742387, 0.0421 ], [ 728.193615791504271, 823.071076965890825, 0.0421 ], [ 729.695075866882689, 832.81601772364229, 0.0421 ], [ 729.896479484741576, 834.143431282602251, 0.0421 ], [ 710.720700142090209, 837.118486977182329, 0.0421 ] ] ] } },
{ "type": "Feature", "properties": { "fid": 121, "Layer": "TPX_BUILDINGS_HATCH", "PaperSpace": null, "SubClasses": "AcDbEntity:AcDbHatch", "Linetype": null, "EntityHandle": "5A75", "Text": "SOLID" }, "geometry": { "type": "Polygon", "coordinates": [ [ [ 611.812180397217162, 850.382792585529387, 0.0421 ], [ 609.679124710266478, 836.61134445015341, 0.0421 ], [ 616.908861038391478, 835.501888387836516, 0.0421 ], [ 616.665376541321166, 833.909029119648039, 0.0421 ], [ 620.974011299316771, 833.239539259113371, 0.0421 ], [ 621.217734214966185, 834.843491666950285, 0.0421 ], [ 634.842192527954467, 832.731247060932219, 0.0421 ], [ 634.577894088928588, 831.016758077777922, 0.0421 ], [ 639.086181518738158, 830.32078277412802, 0.0421 ], [ 639.350719330017455, 832.046363943256438, 0.0421 ], [ 653.065900680725463, 829.921047323383391, 0.0421 ], [ 652.811648246948607, 828.250734441913664, 0.0421 ], [ 657.27468669146765, 827.566817396320403, 0.0421 ], [ 657.528702614014037, 829.226037138141692, 0.0421 ], [ 664.223142502014525, 828.194611662067473, 0.0421 ], [ 666.443060753052123, 842.585219495929778, 0.0421 ], [ 615.91869246691931, 850.382792585529387, 0.0421 ], [ 611.812180397217162, 850.382792585529387, 0.0421 ] ] ] } },
{ "type": "Feature", "properties": { "fid": 122, "Layer": "TPX_BUILDINGS_HATCH", "PaperSpace": null, "SubClasses": "AcDbEntity:AcDbHatch", "Linetype": null, "EntityHandle": "5A7C", "Text": "SOLID" }, "geometry": { "type": "Polygon", "coordinates": [ [ [ 623.577174064819701, 804.39604530390352, 0.0421 ], [ 622.789101478760131, 799.052713966928422, 0.0421 ], [ 642.63988387316931, 796.152145958505571, 0.0421 ], [ 643.428206321899779, 801.506568527780473, 0.0421 ], [ 623.577174064819701, 804.39604530390352, 0.0421 ] ] ] } },
{ "type": "Feature", "properties": { "fid": 123, "Layer": "TPX_BUILDINGS_HATCH", "PaperSpace": null, "SubClasses": "AcDbEntity:AcDbHatch", "Linetype": null, "EntityHandle": "5A83", "Text": "SOLID" }, "geometry": { "type": "Polygon", "coordinates": [ [ [ 622.184004661743529, 823.458633041940629, 0.0421 ], [ 621.213870880310424, 817.264676666818559, 0.0421 ], [ 626.030255195801146, 816.506610489450395, 0.0421 ], [ 627.000630256836303, 822.711659050546587, 0.0421 ], [ 622.184004661743529, 823.458633041940629, 0.0421 ] ] ] } },
{ "type": "Feature", "properties": { "fid": 124, "Layer": "TPX_BUILDINGS_HATCH", "PaperSpace": null, "SubClasses": "AcDbEntity:AcDbHatch", "Linetype": null, "EntityHandle": "5A8A", "Text": "SOLID" }, "geometry": { "type": "Polygon", "coordinates": [ [ [ 632.871537086670287, 821.897678948007524, 0.0421 ], [ 631.900206443970092, 815.648260689340532, 0.0421 ], [ 658.396398422424681, 811.550838089548051, 0.0421 ], [ 659.358888504211791, 817.811542130075395, 0.0421 ], [ 632.871537086670287, 821.897678948007524, 0.0421 ] ] ] } },
{ "type": "Feature", "properties": { "fid": 125, "Layer": "TPX_BUILDINGS_HATCH", "PaperSpace": null, "SubClasses": "AcDbEntity:AcDbHatch", "Linetype": null, "EntityHandle": "5A91", "Text": "SOLID" }, "geometry": { "type": "Polygon", "coordinates": [ [ [ 672.29657447070349, 843.08112773951143, 0.0421 ], [ 670.195986625854857, 829.586882210336626, 0.0421 ], [ 689.308079597656615, 826.613278961740434, 0.0421 ], [ 691.408933517639525, 840.118613815866411, 0.0421 ], [ 672.29657447070349, 843.08112773951143, 0.0421 ] ] ] } },
{ "type": "Feature", "properties": { "fid": 126, "Layer": "TPX_BUILDINGS_HATCH", "PaperSpace": null, "SubClasses": "AcDbEntity:AcDbHatch", "Linetype": null, "EntityHandle": "5A98", "Text": "SOLID" }, "geometry": { "type": "Polygon", "coordinates": [ [ [ 691.408933517639525, 840.118613815866411, 0.0421 ], [ 689.308079597656615, 826.613278961740434, 0.0421 ], [ 708.619817611877806, 823.613155937753618, 0.0421 ], [ 710.720700142090209, 837.118486977182329, 0.0421 ], [ 691.408933517639525, 840.118613815866411, 0.0421 ] ] ] } },
{ "type": "Feature", "properties": { "fid": 127, "Layer": "TPX_BUILDINGS_HATCH", "PaperSpace": null, "SubClasses": "AcDbEntity:AcDbHatch", "Linetype": null, "EntityHandle": "5AA0", "Text": "SOLID" }, "geometry": { "type": "Polygon", "coordinates": [ [ [ 668.318983909790404, 818.029953575693071, 0.0421 ], [ 667.250765678589232, 811.083455658517778, 0.0421 ], [ 686.435831901733764, 808.119388199411333, 0.0421 ], [ 687.376102325622924, 814.191904640756547, 0.0421 ], [ 687.504065391723998, 815.065885162912309, 0.0421 ], [ 668.318983909790404, 818.029953575693071, 0.0421 ] ] ] } },
{ "type": "Feature", "properties": { "fid": 128, "Layer": "TPX_BUILDINGS_HATCH", "PaperSpace": null, "SubClasses": "AcDbEntity:AcDbHatch", "Linetype": null, "EntityHandle": "5AA7", "Text": "SOLID" }, "geometry": { "type": "Polygon", "coordinates": [ [ [ 687.376102325622924, 814.191904640756547, 0.0421 ], [ 686.435831901733764, 808.119388199411333, 0.0421 ], [ 705.675231811706908, 805.143015480600297, 0.0421 ], [ 706.615514633362181, 811.215530968271196, 0.0421 ], [ 687.376102325622924, 814.191904640756547, 0.0421 ] ] ] } },
{ "type": "Feature", "properties": { "fid": 129, "Layer": "TPX_BUILDINGS_HATCH", "PaperSpace": null, "SubClasses": "AcDbEntity:AcDbHatch", "Linetype": null, "EntityHandle": "5ABA", "Text": "SOLID" }, "geometry": { "type": "Polygon", "coordinates": [ [ [ 670.168794510071166, 746.864513016305864, 0.0421 ], [ 667.74148356646765, 731.290890312753618, 0.0421 ], [ 704.687120315735228, 725.581916428171098, 0.0421 ], [ 713.85078704089392, 784.492161369882524, 0.0421 ], [ 708.91616618365515, 785.252812958322465, 0.0421 ], [ 709.210862991516478, 787.110919571481645, 0.0421 ], [ 697.110227462952025, 788.979730225168169, 0.0421 ], [ 695.695146438782103, 779.865507698617876, 0.0421 ], [ 675.784539100830443, 782.945044136606157, 0.0421 ], [ 672.470767852966674, 761.686173058114946, 0.0421 ], [ 684.698487159912474, 759.803569412790239, 0.0421 ], [ 685.755001899902709, 766.628242111764848, 0.0421 ], [ 693.274582740967162, 765.457013702951372, 0.0421 ], [ 689.68498885363806, 742.372927284799516, 0.0421 ], [ 681.956677314941771, 743.570829010568559, 0.0421 ], [ 682.178646919433959, 745.008780098520219, 0.0421 ], [ 670.168794510071166, 746.864513016305864, 0.0421 ] ] ] } },
{ "type": "Feature", "properties": { "fid": 130, "Layer": "TPX_BUILDINGS_HATCH", "PaperSpace": null, "SubClasses": "AcDbEntity:AcDbHatch", "Linetype": null, "EntityHandle": "5AC5", "Text": "SOLID" }, "geometry": { "type": "Polygon", "coordinates": [ [ [ 634.543440696899779, 744.121795273385942, 0.0421 ], [ 634.144707557861693, 741.655540085397661, 0.0421 ], [ 635.90832984179724, 739.442545509897172, 0.0421 ], [ 638.912457344238646, 739.056274033151567, 0.0421 ], [ 640.996106979553588, 740.731739616952837, 0.0421 ], [ 641.330927726929076, 743.188267326913774, 0.0421 ], [ 639.50267684191931, 745.358257866464555, 0.0421 ], [ 636.499975082580931, 745.811086273752153, 0.0421 ], [ 634.543440696899779, 744.121795273385942, 0.0421 ] ] ] } },
{ "type": "Feature", "properties": { "fid": 131, "Layer": "TPX_BUILDINGS_HATCH", "PaperSpace": null, "SubClasses": "AcDbEntity:AcDbHatch", "Linetype": null, "EntityHandle": "5ACE", "Text": "SOLID" }, "geometry": { "type": "Polygon", "coordinates": [ [ [ 622.083335754578002, 747.474225617013872, 0.0421 ], [ 619.784176704590209, 731.931139565072954, 0.0421 ], [ 637.529836532776244, 729.33097133692354, 0.0421 ], [ 638.424110290710814, 735.382281876169145, 0.0421 ], [ 630.585451004211791, 736.527017212472856, 0.0421 ], [ 631.990358230774291, 746.018788910470903, 0.0421 ], [ 622.083335754578002, 747.474225617013872, 0.0421 ] ] ] } },
{ "type": "Feature", "properties": { "fid": 132, "Layer": "TPX_BUILDINGS_HATCH", "PaperSpace": null, "SubClasses": "AcDbEntity:AcDbHatch", "Linetype": null, "EntityHandle": "5AE1", "Text": "SOLID" }, "geometry": { "type": "Polygon", "coordinates": [ [ [ 616.03020655841101, 725.785791016183794, 0.0421 ], [ 614.854820129578002, 716.810690498910844, 0.0421 ], [ 616.361309883301146, 716.611914253793657, 0.0421 ], [ 616.920368072693236, 715.94515476282686, 0.0421 ], [ 616.054056999390014, 710.348252869211137, 0.0421 ], [ 625.352033493225463, 708.92807827051729, 0.0421 ], [ 626.206343528931029, 714.813780403696001, 0.0421 ], [ 628.574404594604857, 714.474446869455278, 0.0421 ], [ 629.671978828613646, 723.639877892099321, 0.0421 ], [ 629.944601890747435, 725.742610550485551, 0.0421 ], [ 626.759971496765502, 726.199337578378618, 0.0421 ], [ 625.745907661621459, 728.141005135141313, 0.0421 ], [ 621.319541809265502, 728.835220909677446, 0.0421 ], [ 618.955915329162963, 726.411106682382524, 0.0421 ], [ 616.806172249023803, 726.745753861032426, 0.0421 ], [ 616.774236557190306, 725.681050873361528, 0.0421 ], [ 616.03020655841101, 725.785791016183794, 0.0421 ] ] ] } },
{ "type": "Feature", "properties": { "fid": 133, "Layer": "TPX_BUILDINGS_HATCH", "PaperSpace": null, "SubClasses": "AcDbEntity:AcDbHatch", "Linetype": null, "EntityHandle": "5AEE", "Text": "SOLID" }, "geometry": { "type": "Polygon", "coordinates": [ [ [ 583.854516861145385, 735.36512432154268, 0.0421 ], [ 581.540504333679564, 720.399436569772661, 0.0421 ], [ 586.883259651367553, 719.574612236581743, 0.0421 ], [ 587.020308372681029, 720.448399162851274, 0.0421 ], [ 591.356180069153197, 719.778336144052446, 0.0421 ], [ 591.250464317505248, 719.092540360055864, 0.0421 ], [ 605.927354690735228, 716.835683441720903, 0.0421 ], [ 607.363863823120482, 726.104824638925493, 0.0421 ], [ 601.948569175903685, 726.942314720712602, 0.0421 ], [ 602.794775840942748, 732.450866318307817, 0.0421 ], [ 583.854516861145385, 735.36512432154268, 0.0421 ] ] ] } },
{ "type": "Feature", "properties": { "fid": 134, "Layer": "TPX_BUILDINGS_HATCH", "PaperSpace": null, "SubClasses": "AcDbEntity:AcDbHatch", "Linetype": null, "EntityHandle": "5AF9", "Text": "SOLID" }, "geometry": { "type": "Polygon", "coordinates": [ [ [ 621.394748565857299, 793.023225403390825, 0.0421 ], [ 618.618077156250365, 775.159845924936235, 0.0421 ], [ 649.214481231872924, 770.44181118067354, 0.0421 ], [ 652.435144302551635, 791.181088066659868, 0.0421 ], [ 661.26135718554724, 789.826490974985063, 0.0421 ], [ 662.728789207641967, 799.261429405771196, 0.0421 ], [ 646.709486839477904, 801.735827065072954, 0.0421 ], [ 644.797905800049193, 789.413890457712114, 0.0421 ], [ 621.394748565857299, 793.023225403390825, 0.0421 ] ] ] } },
{ "type": "Feature", "properties": { "fid": 135, "Layer": "TPX_BUILDINGS_HATCH", "PaperSpace": null, "SubClasses": "AcDbEntity:AcDbHatch", "Linetype": null, "EntityHandle": "5B00", "Text": "SOLID" }, "geometry": { "type": "Polygon", "coordinates": [ [ [ 559.465197441284545, 812.251932716928422, 0.0421 ], [ 555.299572822754271, 785.207159615121782, 0.0421 ], [ 608.7200602266239, 777.036788559518754, 0.0421 ], [ 612.886083481018431, 804.092636681161821, 0.0421 ], [ 559.465197441284545, 812.251932716928422, 0.0421 ] ] ] } },
{ "type": "Feature", "properties": { "fid": 136, "Layer": "TPX_BUILDINGS_HATCH", "PaperSpace": null, "SubClasses": "AcDbEntity:AcDbHatch", "Linetype": null, "EntityHandle": "5B09", "Text": "SOLID" }, "geometry": { "type": "Polygon", "coordinates": [ [ [ 552.976926681702025, 723.142654038034379, 0.0421 ], [ 549.387225982849486, 700.03634128626436, 0.0421 ], [ 570.50420558184851, 696.775838471017778, 0.0421 ], [ 573.313055870239623, 714.871591187082231, 0.0421 ], [ 570.782202598755248, 715.258791542612016, 0.0421 ], [ 571.563343879883178, 720.280438042245805, 0.0421 ], [ 552.976926681702025, 723.142654038034379, 0.0421 ] ] ] } },
{ "type": "Feature", "properties": { "fid": 137, "Layer": "TPX_BUILDINGS_HATCH", "PaperSpace": null, "SubClasses": "AcDbEntity:AcDbHatch", "Linetype": null, "EntityHandle": "5B14", "Text": "SOLID" }, "geometry": { "type": "Polygon", "coordinates": [ [ [ 552.766631004516967, 747.717658615671098, 0.0421 ], [ 550.011685249512084, 727.889492607675493, 0.0421 ], [ 578.54393946856726, 723.260334587655962, 0.0421 ], [ 580.513867256348021, 735.336877441965044, 0.0421 ], [ 575.387700912659056, 736.501084900461137, 0.0421 ], [ 575.362435218994506, 737.444938278757036, 0.0421 ], [ 561.040993568603881, 739.727415657602251, 0.0421 ], [ 561.995742675964721, 746.054878807626665, 0.0421 ], [ 552.766631004516967, 747.717658615671098, 0.0421 ] ] ] } },
{ "type": "Feature", "properties": { "fid": 138, "Layer": "TPX_BUILDINGS_HATCH", "PaperSpace": null, "SubClasses": "AcDbEntity:AcDbHatch", "Linetype": null, "EntityHandle": "5B32", "Text": "SOLID" }, "geometry": { "type": "Polygon", "coordinates": [ [ [ 569.32042586535681, 847.853184119798243, 0.0421 ], [ 566.250611183349974, 828.198239699937403, 0.0421 ], [ 571.602528450195678, 827.373232261277735, 0.0421 ], [ 571.759672996704467, 828.335370437242091, 0.0421 ], [ 582.082390663330443, 826.737908736802638, 0.0421 ], [ 581.99724757403601, 826.162649528123438, 0.0421 ], [ 591.766719696228392, 824.654723540879786, 0.0421 ], [ 592.283823845093139, 827.972971335984766, 0.0421 ], [ 593.979939338867553, 827.703546897508204, 0.0421 ], [ 594.582901832764037, 831.630331412889063, 0.0421 ], [ 589.530465957825072, 832.415637389756739, 0.0421 ], [ 588.087036964599974, 831.736330405808985, 0.0421 ], [ 581.57214820117224, 832.652871505357325, 0.0421 ], [ 581.828290817444213, 834.411926642991602, 0.0421 ], [ 577.209885475342162, 835.065843955613673, 0.0421 ], [ 577.87473666400183, 839.757048980332911, 0.0421 ], [ 585.069237587158568, 845.917424575425684, 0.0421 ], [ 591.225495216553099, 845.252723113633692, 0.0421 ], [ 591.748413917724974, 844.597838775254786, 0.0421 ], [ 597.136489746277221, 843.760943786241114, 0.0421 ], [ 596.471807357971556, 839.50254859123379, 0.0421 ], [ 599.011792061035521, 839.115147964097559, 0.0421 ], [ 599.707809326355346, 843.561533347703516, 0.0421 ], [ 604.415522453491576, 842.828005210496485, 0.0421 ], [ 605.597333786194213, 850.382792846299708, 0.0421 ], [ 570.837092277710326, 850.382792846299708, 0.0421 ], [ 571.529063102905639, 849.415007964707911, 0.0421 ], [ 569.32042586535681, 847.853184119798243, 0.0421 ] ] ] } },
{ "type": "Feature", "properties": { "fid": 139, "Layer": "TPX_BUILDINGS_HATCH", "PaperSpace": null, "SubClasses": "AcDbEntity:AcDbHatch", "Linetype": null, "EntityHandle": "5B54", "Text": "SOLID" }, "geometry": { "type": "Polygon", "coordinates": [ [ [ 668.346169349853881, 17.600535894744098, 0.0421 ], [ 660.010732528869994, 7.014517332427204, 0.0421 ], [ 666.847746727173217, 1.629649664275348, 0.0421 ], [ 665.558316108887084, -0.000000451691449, 0.0421 ], [ 709.629546997253783, -0.000000451691449, 0.0421 ], [ 707.07974040240515, 6.292990232817829, 0.0421 ], [ 709.144677040283568, 7.103204275481403, 0.0421 ], [ 712.173339721863158, 28.223922277800739, 0.0421 ], [ 691.534588691894896, 31.219351316802204, 0.0421 ], [ 690.255140182678588, 31.391080404631793, 0.0421 ], [ 689.029316780273803, 31.517265821807086, 0.0421 ], [ 688.011511680786498, 31.583499456755817, 0.0421 ], [ 687.101192352478392, 31.569740797393024, 0.0421 ], [ 686.180825111572631, 31.511806990019977, 0.0421 ], [ 685.222884056274779, 31.399190451018512, 0.0421 ], [ 684.327662346069701, 31.240835691802204, 0.0421 ], [ 683.404201385681517, 31.038696791045368, 0.0421 ], [ 682.534602043335326, 30.802107359282672, 0.0421 ], [ 681.681766388122924, 30.498572851531208, 0.0421 ], [ 680.754258033935912, 30.107857252471149, 0.0421 ], [ 679.954333183472045, 29.725501562468708, 0.0421 ], [ 679.208984253113158, 29.341974760405719, 0.0421 ], [ 678.471778747742064, 28.913881803862751, 0.0421 ], [ 677.770006057922728, 28.440637136809528, 0.0421 ], [ 677.113714096252806, 27.966416860930622, 0.0421 ], [ 676.520855781738646, 27.479736830107868, 0.0421 ], [ 675.91794955462683, 26.94888165127486, 0.0421 ], [ 675.295898315613158, 26.374045873992145, 0.0421 ], [ 674.745664474670775, 25.753278280608356, 0.0421 ], [ 674.185382721130736, 25.088334585539997, 0.0421 ], [ 670.713161346619017, 20.612740064971149, 0.0421 ], [ 668.346169349853881, 17.600535894744098, 0.0421 ] ] ] } },
{ "type": "Feature", "properties": { "fid": 140, "Layer": "TPX_BUILDINGS_HATCH", "PaperSpace": null, "SubClasses": "AcDbEntity:AcDbHatch", "Linetype": null, "EntityHandle": "5B62", "Text": "SOLID" }, "geometry": { "type": "Polygon", "coordinates": [ [ [ 144.76640975207556, 15.480567418970168, 0.0421 ], [ 133.009819862549193, 0.000000440515578, 0.0421 ], [ 183.495469925110228, 0.000000440515578, 0.0421 ], [ 151.488676902954467, 24.281510793603957, 0.0421 ], [ 149.025092003052123, 25.677061521448195, 0.0421 ], [ 147.208736297790892, 25.849104368127882, 0.0421 ], [ 145.066975471680053, 25.273462736047804, 0.0421 ], [ 143.055870887939818, 23.574150525964797, 0.0421 ], [ 142.048330185119994, 21.143104040063918, 0.0421 ], [ 142.343493339722045, 18.35124918166548, 0.0421 ], [ 143.513620254700072, 16.47288175765425, 0.0421 ], [ 144.76640975207556, 15.480567418970168, 0.0421 ] ] ] } },
{ "type": "Feature", "properties": { "fid": 141, "Layer": "TPX_BUILDINGS_HATCH", "PaperSpace": null, "SubClasses": "AcDbEntity:AcDbHatch", "Linetype": null, "EntityHandle": "5B85", "Text": "SOLID" }, "geometry": { "type": "Polygon", "coordinates": [ [ [ 273.986008522217162, 14.068325295113027, 0.0421 ], [ 263.235114929382689, 0.000000252388418, 0.0421 ], [ 331.874318954651244, 0.000000252388418, 0.0421 ], [ 330.053498146240599, 1.381323113106191, 0.0421 ], [ 333.92949568957556, 6.447668327949941, 0.0421 ], [ 336.051745292847045, 4.837420715950429, 0.0421 ], [ 339.019771454040892, 8.724653496406972, 0.0421 ], [ 335.119492408935912, 11.871188416145742, 0.0421 ], [ 333.489205238525756, 13.082474960945547, 0.0421 ], [ 329.561481353943236, 8.150410904549062, 0.0421 ], [ 301.228819725220092, 29.643274559639394, 0.0421 ], [ 295.723799583618529, 22.447736992500722, 0.0421 ], [ 301.687671539490111, 17.925290360115469, 0.0421 ], [ 299.094428894226439, 14.540518059395254, 0.0421 ], [ 298.825587150757201, 14.734937920235097, 0.0421 ], [ 298.98782145709265, 15.086592926643789, 0.0421 ], [ 299.042091247742064, 15.49604822602123, 0.0421 ], [ 298.971393463318236, 16.019157662056386, 0.0421 ], [ 298.745112297241576, 16.501208557747304, 0.0421 ], [ 298.371394989197142, 16.897634758614004, 0.0421 ], [ 297.859335777466185, 17.208240761421621, 0.0421 ], [ 297.279566642944701, 17.331635727547109, 0.0421 ], [ 296.660087463562377, 17.300511612556875, 0.0421 ], [ 296.157193062012084, 17.189206375740469, 0.0421 ], [ 295.733549949829467, 16.954127564094961, 0.0421 ], [ 293.503844139282592, 13.972186340950429, 0.0421 ], [ 289.823346969787963, 16.758864655159414, 0.0421 ], [ 287.754450676147826, 14.062020554207265, 0.0421 ], [ 288.524593231384642, 13.479541077278554, 0.0421 ], [ 286.492082473938353, 10.781916870735586, 0.0421 ], [ 282.883402702515014, 13.522663368843496, 0.0421 ], [ 279.89625823230017, 9.591432823799551, 0.0421 ], [ 273.986008522217162, 14.068325295113027, 0.0421 ] ] ] } },
{ "type": "Feature", "properties": { "fid": 142, "Layer": "TPX_BUILDINGS_HATCH", "PaperSpace": null, "SubClasses": "AcDbEntity:AcDbHatch", "Linetype": null, "EntityHandle": "5B8C", "Text": "SOLID" }, "geometry": { "type": "Polygon", "coordinates": [ [ [ 422.216771003906615, 20.758839122019708, 0.0421 ], [ 407.567553398315795, 0.000000468455255, 0.0421 ], [ 429.642237541382201, 0.000000468455255, 0.0421 ], [ 436.992342827026732, 10.420878878794611, 0.0421 ], [ 422.216771003906615, 20.758839122019708, 0.0421 ] ] ] } }
]
}
