{"type":"FeatureCollection","features":[{"type":"Feature","geometry":{"type":"MultiPolygon","coordinates":[[[[692040.4125677717,6094807.80489336],[692041.9479239235,6094811.483690603],[692045.2266658195,6094812.846391357],[692060.2443883412,6094813.075477765],[692062.8950363141,6094811.809787121],[692064.8792486782,6094809.339727726],[692065.4638037299,6094777.319220369],[692063.7829669523,6094774.331869616],[692061.3344716823,6094772.55151467],[692059.279295207,6094772.046456057],[692056.9301025193,6094772.422041547],[692043.8820482363,6094782.652938055],[692042.2023462392,6094784.735129684],[692041.0797589547,6094787.186841027],[692040.4125677717,6094807.80489336]]]]},"properties":null,"id":"31101069"},{"type":"Feature","geometry":{"type":"MultiPolygon","coordinates":[[[[692020.5603643917,6094636.373733983],[692040.5846459093,6094656.076891639],[692042.7852923033,6094653.7417562865],[692057.8398780614,6094665.7463345835],[692075.9381096306,6094652.310312722],[692077.4038189919,6094614.745660554],[692067.5990842807,6094609.977887224],[692059.2576953616,6094610.164800441],[692020.5603643917,6094636.373733983]]]]},"properties":null,"id":"31101609"},{"type":"Feature","geometry":{"type":"MultiPolygon","coordinates":[[[[691913.3040243078,6095316.889584692],[691916.3851205893,6095370.282333607],[691926.0869042098,6095412.8556134645],[691938.8094907742,6095414.529078379],[691952.4820601619,6095414.238207947],[692040.5805778664,6095286.954547257],[692082.6824329328,6095200.508174216],[692151.0778963516,6095064.908084233],[692080.7307465738,6095014.250049497],[692061.4555884355,6095091.764384096],[692007.3117755824,6095083.745166997],[691987.0220065827,6095082.790983817],[691979.342765605,6095056.397320442],[691952.069910115,6095061.042606963],[691932.847386582,6095088.017963192],[691920.7005451594,6095205.90883776],[691913.3040243078,6095316.889584692]]]]},"properties":null,"id":"4161689"},{"type":"Feature","geometry":{"type":"MultiPolygon","coordinates":[[[[692040.7548978188,6095432.777579628],[692043.2984516689,6095466.25698334],[692062.0665038158,6095470.229414461],[692063.0802109716,6095426.460742915],[692068.8785191554,6095377.734593574],[692081.6746366478,6095336.63589083],[692103.0762571979,6095286.591486844],[692151.761718926,6095188.349205301],[692131.2440066359,6095187.809471266],[692097.5885217444,6095258.52339411],[692075.1355830908,6095304.69265112],[692062.0707115788,6095333.165012107],[692048.5258461961,6095384.967565728],[692040.7548978188,6095432.777579628]]]]},"properties":null,"id":"4161695"},{"type":"Feature","geometry":{"type":"MultiPolygon","coordinates":[[[[693039.861976621,6095176.450537743],[693045.9053528934,6095216.0873757675],[693108.6928037372,6095247.886797119],[693109.1420229853,6095224.677926991],[693119.5864955728,6095222.919530328],[693140.5237547819,6095208.118304184],[693133.2463629893,6095162.173237542],[693039.861976621,6095176.450537743]]]]},"properties":null,"id":"25460608"},{"type":"Feature","geometry":{"type":"MultiPolygon","coordinates":[[[[692946.7476927837,6095165.912597999],[693045.9053528934,6095216.0873757675],[693039.861976621,6095176.450537743],[693133.2463629893,6095162.173237542],[693140.5237547819,6095208.118304184],[693119.5864955728,6095222.919530328],[693109.1420229853,6095224.677926991],[693108.6928037372,6095247.886797119],[693153.6251447238,6095270.598617045],[693154.4646789738,6095270.971328784],[693155.3170755213,6095271.232140724],[693156.5082380984,6095271.281055247],[693157.1313353233,6095271.165392917],[693158.5226735178,6095270.586785587],[693159.3475386844,6095269.917983617],[693160.296921863,6095268.651185776],[693161.5988350606,6095265.321091643],[693162.8170503145,6095260.932357789],[693162.3871134314,6095256.8858776],[693143.6780120488,6095135.587963039],[692946.7476927837,6095165.912597999]]]]},"properties":null,"id":"25460611"},{"type":"Feature","geometry":{"type":"MultiPolygon","coordinates":[[[[693065.4268960159,6095186.461289317],[693069.1634539545,6095209.915450204],[693080.1272367236,6095208.183193377],[693076.3906503563,6095184.729035785],[693065.4268960159,6095186.461289317]]]]},"properties":null,"id":"54545061"},{"type":"Feature","geometry":{"type":"MultiPolygon","coordinates":[[[[693084.1540689976,6095183.530363406],[693087.8904764974,6095206.975220899],[693098.8468271267,6095205.252401989],[693095.1178176065,6095181.798086816],[693084.1540689976,6095183.530363406]]]]},"properties":null,"id":"54545078"},{"type":"Feature","geometry":{"type":"MultiPolygon","coordinates":[[[[692585.8929749456,6094724.429434112],[692655.9574390898,6094816.809122196],[692739.0542359331,6094756.077910161],[692736.8767509486,6094740.924951347],[692675.2274460245,6094733.609705901],[692672.7075473061,6094683.135032313],[692646.0299729855,6094699.518227134],[692585.8929749456,6094724.429434112]]]]},"properties":null,"id":"12011451"},{"type":"Feature","geometry":{"type":"MultiPolygon","coordinates":[[[[692590.1805896178,6094632.982939659],[692593.241337816,6094634.852405637],[692600.1085479541,6094643.505473516],[692600.726208163,6094652.068731381],[692596.3895794431,6094661.184267888],[692641.0999259653,6094644.769593932],[692691.6400600622,6094634.155531988],[692763.6569646148,6094619.398643789],[692868.4081808132,6094598.276370131],[692869.3497825578,6094595.57725472],[692853.5071840896,6094573.526027763],[692860.3733305882,6094567.491043996],[692854.6279536481,6094558.869987039],[692842.5813605208,6094569.862075274],[692824.2791056591,6094581.192520937],[692812.1330721637,6094587.535681086],[692801.7527246943,6094591.190008262],[692782.8085940984,6094601.04576092],[692764.9676911184,6094600.059652559],[692740.2144869933,6094601.881588252],[692722.5247751677,6094600.473575173],[692708.648802764,6094597.61665513],[692711.1976897933,6094616.2313340325],[692706.9109637486,6094616.96475542],[692590.1805896178,6094632.982939659]]]]},"properties":null,"id":"27610311"},{"type":"Feature","geometry":{"type":"MultiPolygon","coordinates":[[[[692952.2353890995,6094840.745443156],[692954.2108766516,6094841.800826733],[692965.629589015,6094844.951813953],[692967.8358233512,6094845.025546315],[692969.3987017395,6094844.26655634],[692971.3193643106,6094842.402273668],[692971.4986588202,6094839.728757411],[692971.5865170606,6094837.773452958],[692971.1791431627,6094835.847346429],[692969.5491050004,6094834.17994527],[692967.0856124086,6094833.135004101],[692964.1369002998,6094832.230669957],[692961.5799158859,6094832.164439689],[692959.381441286,6094832.453318926],[692957.3358619048,6094833.827263845],[692956.6452897026,6094835.423379207],[692956.1862538072,6094837.144770244],[692954.5040911122,6094838.390014608],[692952.5831640527,6094839.528741445],[692952.2353890995,6094840.745443156]]]]},"properties":null,"id":"4752932"},{"type":"Feature","geometry":{"type":"MultiPolygon","coordinates":[[[[692838.9686817081,6094856.906537034],[692839.7107364739,6094862.7137354445],[692859.1537799519,6094907.570991641],[692861.7428815123,6094911.636432246],[692864.9967079534,6094915.036519735],[692868.5685652272,6094916.541497549],[692877.1359558399,6094917.632700719],[692986.5481982452,6094899.916477635],[692992.3005303284,6094897.793481054],[692996.1915996074,6094894.249882955],[692998.9325310821,6094888.293759044],[692998.8455350293,6094881.374913704],[692987.6458607984,6094813.226031559],[692984.099880234,6094808.650880011],[692978.915842474,6094805.599094052],[692888.0164558525,6094818.547516776],[692878.6823530195,6094821.909785852],[692870.2514232816,6094827.196856098],[692847.6318696903,6094842.498558722],[692841.1294889716,6094849.502451438],[692839.4420333377,6094852.998873969],[692838.9686817081,6094856.906537034]]]]},"properties":null,"id":"21665812"},{"type":"Feature","geometry":{"type":"MultiPolygon","coordinates":[[[[692519.690249062,6094587.391687186],[692580.6336945752,6094660.674183082],[692590.5246119351,6094664.816346103],[692593.1564273142,6094651.597822031],[692592.2077903949,6094646.111291436],[692582.3047805544,6094635.327760661],[692563.0707674283,6094604.818538854],[692546.8609935356,6094579.109672159],[692538.003914178,6094570.861822506],[692529.2358994547,6094578.937071949],[692519.690249062,6094587.391687186]]]]},"properties":null,"id":"29512216"},{"type":"Feature","geometry":{"type":"MultiPolygon","coordinates":[[[[692546.8609935356,6094579.109672159],[692563.0707674283,6094604.818538854],[692589.8582408943,6094585.372872764],[692590.5568303092,6094584.864950828],[692590.6038005638,6094569.915629527],[692588.5769089084,6094560.7313196175],[692581.7811921546,6094562.569378899],[692563.2189771234,6094579.244174857],[692552.8341535574,6094573.400963655],[692546.8609935356,6094579.109672159]]]]},"properties":null,"id":"37433857"},{"type":"Feature","geometry":{"type":"MultiPolygon","coordinates":[[[[692563.0707674283,6094604.818538854],[692582.3047805544,6094635.327760661],[692585.639849426,6094611.815511736],[692589.8582408943,6094585.372872764],[692563.0707674283,6094604.818538854]]]]},"properties":null,"id":"37433894"},{"type":"Feature","geometry":{"type":"MultiPolygon","coordinates":[[[[692510.6476868254,6094642.652504106],[692511.1713138128,6094644.669164037],[692513.3722201427,6094646.640725009],[692517.7355984506,6094650.212585932],[692522.4899261707,6094656.0178820975],[692526.1873431699,6094661.269010685],[692530.7227205414,6094668.967281805],[692531.0936252385,6094670.261644801],[692531.2172736384,6094671.765929211],[692530.1055482179,6094674.719787134],[692525.2103161167,6094692.693405595],[692524.0196420768,6094695.165243582],[692522.1164742587,6094697.4941541795],[692517.6058079272,6094703.106507715],[692516.4395629482,6094704.935985349],[692515.7404237096,6094706.848513706],[692515.4724189662,6094708.23092889],[692515.6651706032,6094709.3988666255],[692516.4357467509,6094710.83353218],[692518.1183707403,6094712.825456165],[692521.0903113075,6094710.176072367],[692524.727743095,6094706.182298303],[692527.9649039352,6094702.020327822],[692531.2103878668,6094695.746625001],[692536.3557287332,6094697.711146858],[692536.8787893082,6094697.913928296],[692539.0093739982,6094690.157095583],[692541.3831186888,6094685.92983093],[692543.1912075856,6094683.435509292],[692543.8157543915,6094674.455051882],[692542.2307060051,6094668.81466659],[692540.2533436089,6094665.880234584],[692538.2809871144,6094666.396736607],[692535.425696417,6094666.290246314],[692532.93398911,6094665.348116876],[692531.1209522865,6094663.321771417],[692528.3531441088,6094657.306643371],[692523.1916847591,6094650.654255865],[692519.657830341,6094646.990276915],[692516.7042104397,6094644.420850589],[692511.1770046025,6094641.004055956],[692510.6476868254,6094642.652504106]]]]},"properties":null,"id":"41280250"},{"type":"Feature","geometry":{"type":"MultiPolygon","coordinates":[[[[692562.1600126284,6094294.178993127],[692562.5705770855,6094296.616654826],[692583.8207079933,6094280.461145758],[692582.729124725,6094278.996132931],[692562.1600126284,6094294.178993127]]]]},"properties":null,"id":"23235543"},{"type":"Feature","geometry":{"type":"MultiPolygon","coordinates":[[[[692570.3038508354,6094466.250332322],[692571.2989969987,6094473.559064405],[692583.2903160732,6094489.9815343665],[692591.791081625,6094494.404520687],[692589.9738027614,6094484.67621902],[692577.5885257619,6094469.452825221],[692570.3038508354,6094466.250332322]]]]},"properties":null,"id":"39027519"},{"type":"Feature","geometry":{"type":"MultiPolygon","coordinates":[[[[692413.7850637821,6094367.417544462],[692423.427553328,6094369.230365988],[692443.0557260016,6094377.499654418],[692444.4684270533,6094373.637089796],[692439.8762055337,6094371.130512454],[692446.6197671284,6094354.698832159],[692467.3209130887,6094362.48937545],[692474.9573008319,6094356.084776242],[692475.5122827466,6094352.78002532],[692474.1599696932,6094350.892672224],[692472.9024696572,6094350.231159449],[692464.7141628147,6094357.224258503],[692460.1553872454,6094356.642491357],[692448.0477084988,6094340.110738885],[692443.4622471846,6094337.920287894],[692442.2988784902,6094338.810196083],[692444.9963725747,6094342.966444669],[692413.7850637821,6094367.417544462]]]]},"properties":null,"id":"31101030"},{"type":"Feature","geometry":{"type":"MultiPolygon","coordinates":[[[[692454.5115017141,6094386.715351915],[692464.075268789,6094400.566596003],[692462.7120916814,6094402.102607773],[692468.1424247707,6094408.8516050745],[692469.7330938242,6094410.826893017],[692471.9648069732,6094407.095678749],[692456.6527055608,6094385.534819709],[692454.5115017141,6094386.715351915]]]]},"properties":null,"id":"31101031"},{"type":"Feature","geometry":{"type":"MultiPolygon","coordinates":[[[[692436.3939370862,6094427.798149588],[692439.2701056757,6094432.46219844],[692455.550093905,6094430.384667983],[692454.568866051,6094427.298738183],[692460.6559769905,6094419.783067727],[692459.9140584646,6094418.617545288],[692455.51008487,6094411.707113213],[692452.2153424443,6094409.591445462],[692448.380689564,6094408.984917961],[692439.7291850342,6094416.080892181],[692436.3939370862,6094427.798149588]]]]},"properties":null,"id":"31101051"},{"type":"Feature","geometry":{"type":"MultiPolygon","coordinates":[[[[692416.5765629638,6094372.7624509],[692442.7610906847,6094384.426625935],[692445.8859156072,6094389.662090675],[692445.8795782864,6094395.085289589],[692432.3959556863,6094403.447106812],[692421.5993178621,6094407.249413659],[692436.3939370862,6094427.798149588],[692439.7291850342,6094416.080892181],[692448.380689564,6094408.984917961],[692452.2153424443,6094409.591445462],[692455.51008487,6094411.707113213],[692459.9140584646,6094418.617545288],[692468.1424247707,6094408.8516050745],[692462.7120916814,6094402.102607773],[692464.075268789,6094400.566596003],[692454.5115017141,6094386.715351915],[692450.621335904,6094384.221705189],[692417.5173237352,6094371.449403818],[692416.5765629638,6094372.7624509]]]]},"properties":null,"id":"37433793"},{"type":"Feature","geometry":{"type":"MultiPolygon","coordinates":[[[[692438.4679944282,6094294.047007382],[692440.7832130605,6094302.45312368],[692451.0604196831,6094316.140322002],[692459.8603281964,6094321.36630987],[692457.5666309403,6094311.824894277],[692446.3550508238,6094297.962298151],[692438.4679944282,6094294.047007382]]]]},"properties":null,"id":"39027518"},{"type":"Feature","geometry":{"type":"MultiPolygon","coordinates":[[[[692405.592495901,6094379.219807442],[692407.4564722866,6094385.068206313],[692409.9842586447,6094389.851318756],[692421.5993178621,6094407.249413659],[692432.3959556863,6094403.447106812],[692445.8795782864,6094395.085289589],[692445.8859156072,6094389.662090675],[692442.7610906847,6094384.426625935],[692416.5765629638,6094372.7624509],[692405.592495901,6094379.219807442]]]]},"properties":null,"id":"31101022"},{"type":"Feature","geometry":{"type":"MultiPolygon","coordinates":[[[[692388.8066704134,6094396.91678614],[692389.5433745881,6094402.845045002],[692394.059657085,6094408.943836846],[692401.9708562708,6094419.351446785],[692419.1710491183,6094441.458139012],[692430.3606258869,6094457.144434571],[692434.9702805654,6094461.538951926],[692442.0926562734,6094463.572962072],[692443.730266656,6094465.603065106],[692447.0036359949,6094464.928594455],[692448.0835461813,6094464.05907155],[692442.0515825273,6094450.206871863],[692430.8513879488,6094451.543465929],[692410.1911477911,6094421.362059224],[692397.2555684744,6094398.55975496],[692402.4183351838,6094394.198614316],[692399.1351139719,6094389.403708602],[692396.6977958456,6094389.576625906],[692391.041783329,6094393.343655042],[692388.8066704134,6094396.91678614]]]]},"properties":null,"id":"31101028"},{"type":"Feature","geometry":{"type":"MultiPolygon","coordinates":[[[[692445.440910852,6094378.816156097],[692455.9225269215,6094383.1318810005],[692456.4081252663,6094383.009895393],[692459.1903992756,6094379.341352143],[692446.7787268413,6094374.30404913],[692445.440910852,6094378.816156097]]]]},"properties":null,"id":"31101029"},{"type":"Feature","geometry":{"type":"MultiPolygon","coordinates":[[[[692469.2191341202,6094461.096549858],[692474.4701988401,6094460.872873018],[692478.0833619188,6094458.963276235],[692498.5117882909,6094443.597607102],[692500.0121211867,6094439.909901087],[692498.2316404891,6094436.189893035],[692494.4938311778,6094438.334708934],[692469.2191341202,6094461.096549858]]]]},"properties":null,"id":"37433772"},{"type":"Feature","geometry":{"type":"MultiPolygon","coordinates":[[[[692506.4365996332,6094426.043034198],[692513.0916762997,6094434.7750992775],[692514.077959772,6094435.237752145],[692515.2877102785,6094435.091005222],[692524.0352086421,6094427.490599232],[692523.9988901436,6094425.789108329],[692521.2139759352,6094421.113833919],[692520.1053845936,6094420.2817124985],[692507.9736382467,6094424.075412881],[692506.5351786433,6094424.943294264],[692506.4365996332,6094426.043034198]]]]},"properties":null,"id":"37433773"},{"type":"Feature","geometry":{"type":"MultiPolygon","coordinates":[[[[692518.1970854597,6094439.521772891],[692518.6148689808,6094441.940677582],[692524.7716655177,6094450.199666765],[692526.5731379658,6094449.184504067],[692533.1065448667,6094440.422089731],[692533.441371758,6094438.9545283355],[692532.9148034052,6094437.514656311],[692530.3943144722,6094433.791845957],[692529.4079147126,6094432.96641927],[692526.8514833951,6094433.634919658],[692518.1970854597,6094439.521772891]]]]},"properties":null,"id":"37433774"},{"type":"Feature","geometry":{"type":"MultiPolygon","coordinates":[[[[692481.1458448578,6094476.646133687],[692505.963183217,6094461.047259467],[692510.7524422607,6094457.056806011],[692512.8938771121,6094454.099574377],[692511.77011708,6094452.91429955],[692509.0756930776,6094452.478801781],[692505.8987588524,6094452.667533353],[692482.8591168711,6094471.1399979275],[692481.6754670574,6094472.86752269],[692481.1458448578,6094476.646133687]]]]},"properties":null,"id":"37433775"},{"type":"Feature","geometry":{"type":"MultiPolygon","coordinates":[[[[692467.6876357276,6094463.324501198],[692472.6453586034,6094467.227869546],[692475.920708926,6094471.650840329],[692477.6184751536,6094477.214412892],[692481.1458448578,6094476.646133687],[692481.6754670574,6094472.86752269],[692482.8591168711,6094471.1399979275],[692505.8987588524,6094452.667533353],[692509.0756930776,6094452.478801781],[692511.77011708,6094452.91429955],[692512.8938771121,6094454.099574377],[692514.7784510022,6094451.259448551],[692515.0665305136,6094447.244137915],[692505.1591905018,6094434.81417746],[692502.0888638638,6094433.9216008745],[692498.2316404891,6094436.189893035],[692500.0121211867,6094439.909901087],[692498.5117882909,6094443.597607102],[692478.0833619188,6094458.963276235],[692474.4701988401,6094460.872873018],[692469.2191341202,6094461.096549858],[692467.6876357276,6094463.324501198]]]]},"properties":null,"id":"37433776"},{"type":"Feature","geometry":{"type":"MultiPolygon","coordinates":[[[[692541.3178779319,6094442.367663138],[692541.619031047,6094445.040210897],[692545.1671624228,6094448.303887144],[692549.5342167504,6094449.5501495935],[692549.7011612622,6094445.221154746],[692545.0577950083,6094438.892596025],[692541.3178779319,6094442.367663138]]]]},"properties":null,"id":"37433853"},{"type":"Feature","geometry":{"type":"MultiPolygon","coordinates":[[[[692532.0714285792,6094450.536856269],[692532.1669599604,6094452.153365218],[692532.7787902174,6094453.656531314],[692533.8423492429,6094454.880296765],[692535.2481122196,6094455.6967713395],[692536.8490258516,6094456.00677191],[692538.4689270249,6094455.77685082],[692539.918387885,6094455.066863695],[692541.0529351914,6094453.898498658],[692541.7613735046,6094452.422961515],[692541.9481540194,6094450.809728079],[692541.5865491674,6094449.236106971],[692540.732909505,6094447.84042526],[692539.4752752668,6094446.81614549],[692537.9448546483,6094446.234882662],[692536.3115747467,6094446.195331326],[692534.75823032,6094446.684287441],[692533.4437496185,6094447.642546546],[692532.511216172,6094448.98333648],[692532.0714285792,6094450.536856269]]]]},"properties":null,"id":"37433854"},{"type":"Feature","geometry":{"type":"MultiPolygon","coordinates":[[[[692505.7364341023,6094517.617551876],[692524.5267700017,6094541.652852576],[692530.1884950402,6094542.797076909],[692545.4581963326,6094531.2622223245],[692549.7256544657,6094532.129231097],[692564.9807415134,6094520.269082483],[692545.1695542964,6094493.08367078],[692529.9975390048,6094504.1885525845],[692526.7257227905,6094499.932959748],[692519.6727330667,6094502.939215986],[692512.8907959666,6094504.349039469],[692505.7364341023,6094517.617551876]]]]},"properties":null,"id":"37433856"},{"type":"Feature","geometry":{"type":"MultiPolygon","coordinates":[[[[692434.5706923653,6094276.558689354],[692438.8872369103,6094282.950081538],[692449.4636913275,6094289.570679243],[692463.4705200887,6094308.238568441],[692467.3473943961,6094320.8344622385],[692555.8459632408,6094436.122844085],[692570.675702847,6094454.7265133],[692581.0697397965,6094461.006694617],[692597.8398654559,6094482.238570295],[692597.4767152839,6094489.16701602],[692612.899886088,6094508.046316183],[692640.9620395903,6094487.940713549],[692641.401965401,6094483.894246511],[692629.4515347542,6094481.535608429],[692623.4654214972,6094473.059092276],[692615.2703131696,6094479.019949267],[692603.562688185,6094463.3821312105],[692619.1686815274,6094452.602719437],[692614.7832295394,6094448.352334786],[692608.9599518692,6094452.857933811],[692597.5958779982,6094437.231377883],[692606.9521392994,6094430.278330715],[692605.2508815182,6094425.626448644],[692594.0147154684,6094410.629695119],[692655.0637680138,6094365.30879873],[692653.9076693231,6094363.324258791],[692661.1091996806,6094354.780017937],[692666.8163166929,6094351.625651864],[692675.8489912832,6094363.097418938],[692672.8043243252,6094368.7622706145],[692670.0021420454,6094375.780034715],[692658.2216215457,6094384.226749266],[692659.2265769361,6094385.5633765785],[692655.5267911939,6094388.414403598],[692670.4639326922,6094399.1833315715],[692663.7274875056,6094409.503628969],[692665.4856689554,6094411.819481393],[692667.2440498902,6094414.144631269],[692675.6399659056,6094407.946880627],[692679.8725348618,6094405.7542087985],[692669.9611794656,6094392.431509314],[692688.2777220341,6094378.924384471],[692707.1970314556,6094404.342568085],[692688.8730338211,6094417.859190503],[692689.1014016896,6094426.049384013],[692681.6053475518,6094431.520970381],[692689.1458053429,6094442.410673508],[692681.8215305179,6094447.711153086],[692686.5186498222,6094453.694325137],[692709.7411218414,6094483.429735368],[692730.4216583167,6094468.095342597],[692708.063969315,6094439.20659369],[692737.7089131919,6094416.797152171],[692756.3502705916,6094440.621238038],[692782.0223530021,6094422.5661727935],[692796.0293277325,6094439.056924203],[692812.2679753449,6094428.979893523],[692817.0786420039,6094433.490856374],[692819.1253443597,6094436.098178405],[692814.6684041612,6094439.57008972],[692836.2407896647,6094467.03357292],[692819.8458443182,6094479.792966215],[692800.2868306332,6094455.160732729],[692786.7478807647,6094465.207940858],[692807.3847688455,6094492.803109524],[692819.8305836915,6094484.788476821],[692823.2083646385,6094488.641720005],[692835.7082323636,6094502.067065185],[692854.0079411938,6094516.670673366],[692861.644400948,6094517.409690881],[692868.1064664224,6094516.0250466],[692887.9873316726,6094504.325867901],[692906.1065187568,6094488.0133066345],[692910.6801258405,6094475.729836574],[692903.1381421824,6094458.7196001075],[692886.4774006594,6094466.536129272],[692885.0856399754,6094467.803061108],[692886.9883638257,6094470.09717952],[692865.4099210668,6094486.595295507],[692849.3202365434,6094499.004040231],[692844.7848216216,6094493.454682535],[692840.8172521301,6094495.911524195],[692834.5808511268,6094490.72409899],[692838.9938516209,6094487.336836869],[692836.043662224,6094482.432631306],[692873.1251064562,6094454.273228688],[692870.0936789135,6094450.207952728],[692876.1325151506,6094445.79988974],[692877.3647596429,6094443.49454356],[692873.9230685504,6094438.079946615],[692870.7182748578,6094433.041665851],[692872.5474247027,6094431.89561129],[692889.8134689358,6094420.996491065],[692891.1630295143,6094423.107095437],[692896.9930283271,6094422.489406971],[692900.2374439421,6094422.959537303],[692902.7565485402,6094394.153099245],[692887.9516542561,6094382.804984154],[692886.6000424601,6094380.954880171],[692884.6358104405,6094378.2806949],[692877.8672343292,6094383.876427567],[692839.9466553221,6094412.732860858],[692827.7762474081,6094396.872656068],[692853.8078544829,6094375.665598353],[692858.4564281445,6094371.8826],[692856.2968183064,6094368.989338307],[692851.9204885053,6094371.947936501],[692850.4861370381,6094370.508885803],[692849.744906516,6094368.664329922],[692849.3189425387,6094366.5804825295],[692848.9406564325,6094363.872380152],[692849.1980714425,6094360.92743692],[692850.0819600878,6094358.741166523],[692851.2020140763,6094356.540544329],[692836.9922532213,6094343.765720598],[692833.040512309,6094347.673340576],[692830.7718147819,6094347.526502366],[692830.0356453101,6094349.486363991],[692818.936033922,6094347.314438451],[692820.2705819887,6094340.160559485],[692807.8639783969,6094330.016824832],[692799.1530825449,6094336.816771936],[692793.3350084489,6094329.425106503],[692800.7197213623,6094324.104629204],[692797.8242012026,6094321.041045978],[692801.3510239364,6094316.882068204],[692796.3148094895,6094311.808498688],[692790.6388352066,6094316.0599239115],[692787.8476270589,6094312.166228361],[692787.9670746273,6094309.903284332],[692765.2115448599,6094280.595293697],[692783.9729420478,6094266.148238886],[692790.2007665996,6094274.154384701],[692800.7821016753,6094266.002873075],[692789.849164119,6094250.925452741],[692822.0255672929,6094226.722084028],[692824.9694670597,6094224.556886975],[692838.3093586459,6094214.495243899],[692828.8831183935,6094202.101844925],[692822.9024674431,6094194.2392736515],[692820.43196266,6094191.07359217],[692818.2708706701,6094188.8221954],[692815.7748262509,6094186.959342139],[692812.9903715542,6094185.5212451825],[692810.0256410106,6094184.5707066655],[692806.9414315994,6094184.097124631],[692803.8149818673,6094184.1453578435],[692800.7448137184,6094184.685394015],[692797.7999448376,6094185.734361809],[692795.0630519257,6094187.2346818205],[692792.6252313809,6094189.165802837],[692790.5236118811,6094191.480421313],[692794.8099574136,6094197.518826591],[692765.0320460079,6094220.089494919],[692761.5395638631,6094215.503828259],[692751.227723901,6094222.70073065],[692760.0536139677,6094226.995675087],[692760.0225706602,6094234.465859995],[692720.5264892715,6094260.257916105],[692713.2973096312,6094253.221928595],[692716.9510999144,6094249.292821534],[692710.346750367,6094229.016014457],[692704.5063082655,6094233.066256763],[692710.5521476538,6094250.05278548],[692713.311216415,6094253.872772548],[692709.6773568172,6094250.880752476],[692673.3466469412,6094279.525785692],[692656.919025096,6094294.676209401],[692624.2438972564,6094319.131447233],[692617.9449697889,6094326.363403499],[692600.8429876602,6094338.877042392],[692596.5945354045,6094349.255783286],[692583.3273539742,6094328.804905691],[692569.0043557273,6094339.2871178],[692555.2974148737,6094349.328260463],[692539.7519216005,6094328.274824634],[692551.7538597743,6094319.479364977],[692544.2125213603,6094307.464038512],[692529.5205920602,6094318.5307878135],[692511.6923757698,6094328.4737973455],[692492.6605208986,6094303.466936644],[692488.9876494464,6094306.149884234],[692462.861748608,6094270.773806209],[692450.2983522406,6094263.981676562],[692444.4853028307,6094267.891627207],[692434.5706923653,6094276.558689354]]]]},"properties":null,"id":"2797466"},{"type":"Feature","geometry":{"type":"MultiPolygon","coordinates":[[[[692512.6598190228,6094177.602571964],[692517.9653000741,6094184.223972563],[692522.4481840087,6094189.830407698],[692569.0759027152,6094172.937812542],[692578.5372167263,6094196.99542729],[692523.1623441725,6094217.925818916],[692527.6657087689,6094226.992160725],[692533.2845723213,6094240.7880118275],[692545.1404176427,6094255.883219844],[692550.0019721237,6094252.784185251],[692580.8644517451,6094228.1074598115],[692585.0673986203,6094230.603672227],[692590.9490683803,6094226.338683864],[692613.011301903,6094239.290340856],[692612.4068247875,6094247.061125983],[692620.047898466,6094241.242316686],[692630.9099476951,6094238.015081268],[692634.340950197,6094247.225206999],[692637.0571082644,6094254.39485564],[692645.2190290805,6094266.889861912],[692649.2380126612,6094265.771493595],[692650.9133066527,6094240.6388814375],[692676.3172605756,6094229.333775018],[692682.9608714221,6094225.387318766],[692637.4414260448,6094241.317321764],[692627.4657681667,6094214.973146193],[692674.5627867247,6094200.767563844],[692675.4941399969,6094201.873210639],[692681.2900332706,6094199.665737038],[692683.5253901326,6094193.25540222],[692697.6033199881,6094189.884958976],[692734.4803736847,6094178.260116312],[692733.6577923808,6094175.105706751],[692730.5723185288,6094166.362631954],[692729.6565313837,6094162.773019062],[692721.2258011231,6094152.693052264],[692714.0715443444,6094157.013231823],[692708.2773674703,6094147.518754823],[692713.9338433063,6094143.072450133],[692697.1920306568,6094122.08204837],[692685.9033108576,6094107.830700196],[692684.9903164385,6094107.226971476],[692684.4490564307,6094106.885058984],[692681.3588587104,6094103.630261315],[692647.2142513122,6094130.675086804],[692651.2668490532,6094136.132518984],[692659.2476835933,6094146.938411134],[692663.1532237313,6094144.082979623],[692664.959886854,6094146.52802235],[692667.0333311864,6094149.320842091],[692662.7748017746,6094152.434970284],[692669.7898438141,6094161.949902164],[692671.1092931747,6094163.726305278],[692669.7950680465,6094164.693884775],[692639.7903922112,6094186.655040123],[692633.343273544,6094187.657833016],[692606.2599009996,6094207.472819662],[692595.9893049606,6094201.245858246],[692588.8780171606,6094192.579410711],[692581.8602156423,6094165.427871542],[692628.0039136055,6094136.95498523],[692638.5357432936,6094131.130221389],[692595.2455330509,6094146.770571195],[692580.2657591973,6094133.26766661],[692583.0994042277,6094129.867736886],[692590.7141824386,6094117.463684754],[692591.7758481451,6094115.385268964],[692610.1134172608,6094098.956987359],[692604.1543495213,6094089.949678222],[692586.5795195248,6094093.515585197],[692578.9513119155,6094095.28772543],[692569.257479632,6094095.345885783],[692557.2299756608,6094095.425956558],[692535.9704329912,6094108.977071973],[692536.4781784111,6094114.538134039],[692537.7769087283,6094128.565739168],[692551.6270407501,6094148.827480778],[692512.6598190228,6094177.602571964]]]]},"properties":null,"id":"23341309"},{"type":"Feature","geometry":{"type":"MultiPolygon","coordinates":[[[[693010.0987371692,6094148.478253894],[693026.2508358667,6094170.745823282],[693050.7335243038,6094153.133950941],[693034.589213675,6094130.875558164],[693026.1001135596,6094136.973349363],[693022.4268615837,6094139.628631001],[693010.0987371692,6094148.478253894]]]]},"properties":null,"id":"29027133"},{"type":"Feature","geometry":{"type":"MultiPolygon","coordinates":[[[[692985.1368021255,6094159.73767496],[693016.0851060961,6094200.441544961],[693020.777016068,6094196.908679437],[693009.9609937568,6094182.675488628],[693012.1529309537,6094181.019327071],[692996.1565335607,6094159.966968708],[692992.8085308853,6094162.494350469],[692988.6876828363,6094157.066424281],[692985.1368021255,6094159.73767496]]]]},"properties":null,"id":"37423069"},{"type":"Feature","geometry":{"type":"MultiPolygon","coordinates":[[[[693010.0987371692,6094148.478253894],[693026.2508358667,6094170.745823282],[693050.7335243038,6094153.133950941],[693034.589213675,6094130.875558164],[693026.1001135596,6094136.973349363],[693029.0015073704,6094141.022751896],[693031.9844496265,6094138.90315669],[693037.9754085054,6094147.2397829695],[693036.2998231971,6094148.429099914],[693034.593565903,6094146.0470901895],[693029.619781635,6094149.595300248],[693022.4268615837,6094139.628631001],[693010.0987371692,6094148.478253894]]]]},"properties":null,"id":"54458435"},{"type":"Feature","geometry":{"type":"MultiPolygon","coordinates":[[[[692852.2075241175,6094146.711871333],[692857.8916313602,6094152.478506683],[692857.1288006925,6094158.5411364585],[692862.2101322613,6094162.516066089],[692865.3173577806,6094161.212449603],[692866.6534348367,6094161.267595992],[692868.8304479255,6094163.1930702105],[692882.5367705892,6094153.151421752],[692882.9897406161,6094151.504577152],[692882.8574085325,6094151.023701833],[692882.482683522,6094150.622426749],[692865.8133346182,6094144.811670974],[692865.3693249109,6094144.737447856],[692865.0931838728,6094145.022413935],[692864.7545173333,6094145.950556993],[692878.350208864,6094150.710806165],[692878.5138340476,6094151.228220405],[692878.3730634982,6094153.919517122],[692878.1723721116,6094154.165661901],[692866.5757446586,6094159.4181539565],[692859.9701876431,6094154.080517268],[692859.8894388052,6094153.514820376],[692859.8221142782,6094148.939662775],[692859.8916681651,6094148.2684294665],[692858.6170643895,6094146.807361566],[692858.0494722638,6094146.661364579],[692852.2075241175,6094146.711871333]]]]},"properties":null,"id":"37422797"},{"type":"Feature","geometry":{"type":"MultiPolygon","coordinates":[[[[692845.0419671597,6094146.576730087],[692845.513541899,6094148.296823412],[692846.4667917804,6094149.355475333],[692857.1288006925,6094158.5411364585],[692857.8916313602,6094152.478506683],[692852.2075241175,6094146.711871333],[692845.0419671597,6094146.576730087]]]]},"properties":null,"id":"37422791"},{"type":"Feature","geometry":{"type":"MultiPolygon","coordinates":[[[[692830.1755027713,6094150.522392301],[692837.4997145773,6094150.942515982],[692840.2569162766,6094152.176543196],[692848.2357833877,6094158.954548296],[692849.4617467839,6094157.78418429],[692842.5420071554,6094152.378837565],[692840.0766634964,6094150.524636798],[692837.4445650205,6094149.790244013],[692830.2437375439,6094149.4325964395],[692830.1755027713,6094150.522392301]]]]},"properties":null,"id":"48377265"},{"type":"Feature","geometry":{"type":"MultiPolygon","coordinates":[[[[692983.8870372542,6094403.998601105],[693043.3206268236,6094481.803347735],[693091.0174751128,6094445.6858141925],[693031.5914890444,6094367.8905048175],[692983.8870372542,6094403.998601105]]]]},"properties":null,"id":"3386388"},{"type":"Feature","geometry":{"type":"MultiPolygon","coordinates":[[[[692916.2125824279,6094289.654683337],[692946.8423777325,6094330.086542157],[692978.7635028706,6094305.720634169],[692948.3740383534,6094266.18603362],[692916.2125824279,6094289.654683337]]]]},"properties":null,"id":"3728695"},{"type":"Feature","geometry":{"type":"MultiPolygon","coordinates":[[[[692951.8852530953,6094331.187924266],[692974.8132565408,6094361.747573445],[692986.0337618958,6094353.8798315795],[692987.654905924,6094355.491603838],[693001.7995346694,6094344.891589457],[693000.1112247179,6094342.992893881],[693012.2842898066,6094333.300138222],[692988.8390064469,6094303.523716447],[692951.8852530953,6094331.187924266]]]]},"properties":null,"id":"4869655"},{"type":"Feature","geometry":{"type":"MultiPolygon","coordinates":[[[[692818.4815784856,6094297.511827923],[692829.9931506591,6094313.246593672],[692835.1490338133,6094314.996764952],[692837.294286077,6094308.299951905],[692818.4815784856,6094297.511827923]]]]},"properties":null,"id":"23260298"},{"type":"Feature","geometry":{"type":"MultiPolygon","coordinates":[[[[692638.6322741368,6094462.791333256],[692651.3382518484,6094479.096134739],[692680.5242031951,6094458.398971183],[692668.7906206726,6094440.836270028],[692638.6322741368,6094462.791333256]]]]},"properties":null,"id":"23335762"},{"type":"Feature","geometry":{"type":"MultiPolygon","coordinates":[[[[692902.8397522287,6094224.352111008],[692916.5565466008,6094242.969744613],[692914.3079560477,6094244.831737166],[692916.6321204184,6094246.502899239],[692921.3852220003,6094242.261826476],[692942.6290070182,6094262.569520419],[692949.0129788058,6094265.74447114],[692979.30464831,6094304.630019842],[692989.3566851614,6094303.4754312765],[693012.2842898066,6094333.300138222],[693000.1112247179,6094342.992893881],[693001.7995346694,6094344.891589457],[692987.654905924,6094355.491603838],[692986.0337618958,6094353.8798315795],[692974.8132565408,6094361.747573445],[692972.0531105271,6094383.554776311],[692971.7079612493,6094391.31075243],[692976.4271551874,6094404.734937202],[693082.6291216209,6094322.520360532],[693149.8423949882,6094409.515747173],[693044.4146318149,6094490.505241456],[693030.4075432495,6094470.470769973],[692975.8602454885,6094484.13059201],[692974.0650360578,6094480.801665232],[692957.5774219441,6094484.58684426],[692949.8184810972,6094451.377149012],[692949.375849688,6094449.2285472425],[692934.5583731238,6094452.633784682],[692926.2147610884,6094416.692483025],[692945.5180996301,6094412.2424885575],[692946.7499904789,6094409.565057777],[692946.6819671398,6094406.385219082],[692953.6536030035,6094391.027260499],[692948.7904369092,6094394.405610984],[692930.8557399852,6094369.404024464],[692935.8913489347,6094365.52898678],[692932.702858093,6094356.974211265],[692930.5069558043,6094355.951450004],[692921.5379308949,6094365.659273306],[692912.6205867089,6094409.169546356],[692909.7003271456,6094421.715324471],[692908.2631651748,6094434.768898551],[692909.1875432542,6094448.385898115],[692912.7296001215,6094462.058535443],[692928.1820571527,6094483.345936101],[692937.296310741,6094485.057897878],[692959.1542882486,6094505.166405378],[692993.3711957808,6094547.781806637],[692998.6912051019,6094547.212177368],[693016.3045882414,6094538.993677018],[693150.6000481389,6094434.922003269],[693154.0384201899,6094432.336820325],[693166.9441574614,6094419.456168017],[693169.2967628456,6094417.108178682],[693176.5665811017,6094411.771242006],[693155.1167254223,6094392.212623239],[693147.6103516442,6094373.322788216],[693144.7351897075,6094367.654299983],[693120.7981304795,6094347.7116752695],[693102.4579060653,6094329.797938639],[693101.8451152367,6094323.978679137],[693097.7781451555,6094317.154335667],[693088.2079691441,6094309.461791247],[693080.1885527828,6094307.931197812],[693075.0803557201,6094310.905578425],[693067.7172350923,6094317.583926456],[693057.0430622268,6094317.114759991],[693034.2294090095,6094310.4404883655],[693026.2292671978,6094305.532796134],[693000.4126384638,6094289.704394704],[692947.4950125151,6094253.265713504],[692933.6877666657,6094240.408013936],[692907.0805391604,6094221.480099176],[692902.8397522287,6094224.352111008]]]]},"properties":null,"id":"23345065"},{"type":"Feature","geometry":{"type":"MultiPolygon","coordinates":[[[[693020.3704323454,6094236.720795659],[693030.097669717,6094250.688917513],[693081.423427818,6094215.247142136],[693081.10141443,6094211.607635973],[693090.4229456048,6094204.840831226],[693076.8927966722,6094186.405486207],[693020.4168250597,6094227.482880672],[693020.3704323454,6094236.720795659]]]]},"properties":null,"id":"30508211"},{"type":"Feature","geometry":{"type":"MultiPolygon","coordinates":[[[[692741.3471002135,6094204.745049639],[692745.5408099105,6094213.231887025],[692750.9249939992,6094219.600326242],[692760.9276757087,6094212.214689146],[692751.261883957,6094199.31472498],[692744.7207941199,6094204.486910221],[692741.3471002135,6094204.745049639]]]]},"properties":null,"id":"27647464"},{"type":"Feature","geometry":{"type":"MultiPolygon","coordinates":[[[[692607.5186008717,6094423.940870138],[692624.7408138921,6094445.981619393],[692642.6326136128,6094432.223214178],[692655.0982820587,6094422.63634793],[692648.5980786964,6094417.947445032],[692639.7582848916,6094411.578333604],[692642.8426640148,6094407.056794604],[692637.9755903947,6094401.328386892],[692625.946092933,6094410.264076976],[692607.5186008717,6094423.940870138]]]]},"properties":null,"id":"23260248"},{"type":"Feature","geometry":{"type":"MultiPolygon","coordinates":[[[[692877.982319906,6094243.36686793],[692882.9389705375,6094251.139682397],[692898.145675959,6094239.912480161],[692901.7579093376,6094245.100169459],[692898.5326375277,6094247.66209534],[692903.5593348884,6094252.289316004],[692905.3577452422,6094251.134607287],[692907.4594642969,6094254.531404784],[692901.5900325477,6094261.50323577],[692908.8321060867,6094268.064403137],[692900.2017657536,6094275.058076619],[692910.5460446932,6094287.924782548],[692927.7127732346,6094275.251003384],[692931.633210631,6094274.162521573],[692942.6290070182,6094262.569520419],[692921.3852220003,6094242.261826476],[692916.6321204184,6094246.502899239],[692914.3079560477,6094244.831737166],[692916.5565466008,6094242.969744613],[692902.8397522287,6094224.352111008],[692896.3295510483,6094215.273042108],[692889.7762588724,6094220.585128185],[692879.2088497174,6094227.95508508],[692883.1090797485,6094232.6994265895],[692880.3026308592,6094234.871005787],[692877.982319906,6094243.36686793]]]]},"properties":null,"id":"3728694"},{"type":"Feature","geometry":{"type":"MultiPolygon","coordinates":[[[[692842.67305772,6094200.960514529],[692851.3078356236,6094212.012728341],[692847.8680122045,6094214.88619068],[692860.183554558,6094232.5478492025],[692890.8318873367,6094208.953620245],[692858.7390338997,6094189.966157131],[692842.67305772,6094200.960514529]]]]},"properties":null,"id":"29663418"},{"type":"Feature","geometry":{"type":"MultiPolygon","coordinates":[[[[692938.2402266265,6094354.446534837],[692940.5967715351,6094362.265641144],[692945.2124183902,6094359.441408709],[692946.5601289289,6094358.612603502],[692939.14312071,6094353.506319635],[692938.2402266265,6094354.446534837]]]]},"properties":null,"id":"23350073"},{"type":"Feature","geometry":{"type":"MultiPolygon","coordinates":[[[[692706.1655572271,6094116.513745374],[692739.8617702526,6094155.587717489],[692759.667264735,6094166.447784079],[692767.1317379631,6094168.79048586],[692783.1545246969,6094172.903670913],[692790.7445251769,6094174.694851367],[692807.022949907,6094176.849105937],[692820.1438146835,6094181.163795227],[692829.311070807,6094192.148831112],[692841.850929122,6094182.13219019],[692840.1047969647,6094180.7370140385],[692814.688067567,6094169.308731155],[692799.0484976079,6094164.2106969],[692787.8544801322,6094159.752468295],[692777.904259749,6094159.239603404],[692766.9890413496,6094155.333511852],[692757.1742583701,6094149.022571079],[692749.4113123906,6094140.5655121375],[692742.4944617819,6094127.439355329],[692721.296946736,6094106.404689351],[692706.1655572271,6094116.513745374]]]]},"properties":null,"id":"29663204"},{"type":"Feature","geometry":{"type":"MultiPolygon","coordinates":[[[[692691.9168943927,6093936.600898597],[692697.5578076327,6093972.841959849],[692750.1229353875,6094043.948818472],[692841.5982886396,6093978.39529711],[692764.9643930747,6093879.68343463],[692691.9168943927,6093936.600898597]]]]},"properties":null,"id":"3385027"},{"type":"Feature","geometry":{"type":"MultiPolygon","coordinates":[[[[692891.5736068471,6093814.606048627],[692906.0558973805,6093839.4396586865],[692908.0706208085,6093851.610132044],[692926.2364628916,6093879.974107014],[692966.6753025535,6093932.567696571],[692970.9203671571,6093929.546719188],[692938.768924122,6093887.463882534],[692980.2253576217,6093856.075444183],[693008.8849977062,6093893.600458744],[693017.118023291,6093887.66628298],[692977.7308256192,6093838.241004284],[692927.6986482707,6093872.733747871],[692922.733918099,6093866.002964782],[692917.3447558158,6093858.685928874],[692946.4277771404,6093836.510896038],[692950.9084197013,6093833.094199069],[692928.7128849626,6093803.197931847],[692946.633932778,6093803.009846968],[692948.3294949273,6093804.182832884],[692950.26245534,6093802.904302888],[692969.1014399158,6093827.077177613],[692975.9062539489,6093822.485185949],[692997.26238995,6093806.735594629],[693019.7214886378,6093809.733861916],[693043.915659699,6093820.024942528],[693055.6626495791,6093831.084753256],[693068.622625774,6093822.556378832],[693058.1992793169,6093808.835768304],[693043.8637352152,6093802.277753446],[693023.8766635128,6093793.608199369],[693016.373446704,6093792.652557488],[693007.5826140565,6093792.477934105],[692997.5450704664,6093793.213678453],[692989.6051848195,6093795.020764306],[692981.4113924508,6093798.507643934],[692970.6768093169,6093801.602388658],[692955.787740615,6093790.916676428],[692952.7399709853,6093788.219185006],[692946.2628835246,6093780.320812833],[692936.143510622,6093789.709135393],[692931.3013010147,6093793.338206768],[692930.3543785335,6093794.000306446],[692924.2763658228,6093791.562979123],[692920.6092686794,6093794.143679996],[692918.8809662067,6093795.3620129805],[692891.5736068471,6093814.606048627]]]]},"properties":null,"id":"23341432"},{"type":"Feature","geometry":{"type":"MultiPolygon","coordinates":[[[[692644.5212829201,6093942.831916256],[692648.2958939762,6093977.057117581],[692650.1855606271,6093985.174618037],[692672.7820904658,6094053.861673709],[692684.8515680656,6094084.309767645],[692704.6556497521,6094111.178744174],[692722.1265678536,6094099.894151911],[692717.3909190977,6094094.600177847],[692704.4370006246,6094073.100955788],[692681.242528802,6094006.073195422],[692678.6089623426,6093977.776913212],[692671.8636256357,6093960.17277848],[692664.6544433376,6093949.062055606],[692661.0791762315,6093951.3058071695],[692655.1038525049,6093946.177820666],[692649.7738832603,6093938.766352247],[692644.5212829201,6093942.831916256]]]]},"properties":null,"id":"27610292"},{"type":"Feature","geometry":{"type":"MultiPolygon","coordinates":[[[[692697.5578076327,6093972.841959849],[692707.3900820552,6094040.6668309625],[692716.7455413886,6094055.117597243],[692740.8913030264,6094067.773252714],[692760.6318880811,6094072.393037223],[692854.4650591833,6093998.305554777],[692841.5982886396,6093978.39529711],[692750.1229353875,6094043.948818472],[692697.5578076327,6093972.841959849]]]]},"properties":null,"id":"27610297"},{"type":"Feature","geometry":{"type":"MultiPolygon","coordinates":[[[[692921.6520054617,6094080.000794208],[692935.0123517485,6094097.295826919],[692949.9246176032,6094085.870168184],[692953.258500012,6094090.17079612],[692997.9804324643,6094055.921864999],[692981.3013816131,6094034.325979151],[692921.6520054617,6094080.000794208]]]]},"properties":null,"id":"27647233"},{"type":"Feature","geometry":{"type":"MultiPolygon","coordinates":[[[[692940.269320041,6094104.131981831],[692943.2715049657,6094107.54671444],[693040.5674794362,6094032.778513387],[693090.9072878805,6093994.101978399],[693088.3618234056,6093991.356563585],[692940.269320041,6094104.131981831]]]]},"properties":null,"id":"27665517"},{"type":"Feature","geometry":{"type":"MultiPolygon","coordinates":[[[[693038.7206224651,6094125.391946711],[693040.1803689334,6094127.304827977],[693049.6931017115,6094139.807794716],[693054.9987164253,6094146.773076825],[693095.9031844403,6094115.926203451],[693079.6324636055,6094094.535683395],[693038.7206224651,6094125.391946711]]]]},"properties":null,"id":"29027112"},{"type":"Feature","geometry":{"type":"MultiPolygon","coordinates":[[[[692972.045284345,6094020.617497354],[692997.5142037978,6094054.452818432],[693081.2586424936,6093991.992351432],[693075.5980474371,6093984.476564785],[693067.1699998704,6093987.717372283],[693047.832782313,6093980.205990985],[693040.0444595206,6093979.47971102],[693033.7931287726,6093982.85063182],[693021.3275810954,6093983.843004305],[692972.045284345,6094020.617497354]]]]},"properties":null,"id":"30515209"},{"type":"Feature","geometry":{"type":"MultiPolygon","coordinates":[[[[692949.4186966433,6094116.773046075],[692951.0496755062,6094119.203190925],[693156.1390759614,6093963.39430729],[693154.2724207658,6093960.290195279],[693121.9480842915,6093984.981749864],[692956.6462755403,6094111.25113952],[692949.4186966433,6094116.773046075]]]]},"properties":null,"id":"31100294"},{"type":"Feature","geometry":{"type":"MultiPolygon","coordinates":[[[[692815.618112086,6093929.529136369],[692842.9228155315,6093968.6370520815],[692869.8287912327,6093989.4470302295],[692906.3351324124,6094035.781005242],[692941.2428060232,6094009.155994165],[692924.5768976788,6093981.745963862],[692917.0037296525,6093986.084583841],[692878.4898263164,6093931.8310561655],[692846.5154435658,6093918.338571433],[692815.618112086,6093929.529136369]]]]},"properties":null,"id":"31834752"},{"type":"Feature","geometry":{"type":"MultiPolygon","coordinates":[[[[692669.9468381843,6093782.275412945],[692684.8340595909,6093793.249975901],[692698.3542682264,6093792.365744231],[692700.1113468334,6093783.212215561],[692702.0189021442,6093780.743624629],[692708.7437972932,6093781.688251637],[692710.3842539821,6093778.49980892],[692712.4580138861,6093772.744049522],[692712.3099826978,6093765.817205815],[692710.5007096757,6093760.749060331],[692707.4979269456,6093757.297066141],[692698.6292758461,6093759.1888567135],[692696.0468227366,6093758.63010784],[692694.0406006511,6093756.124224361],[692691.4294146755,6093753.863818206],[692688.8599520548,6093753.555944405],[692687.1861159885,6093755.182356755],[692685.4365835887,6093758.97775723],[692683.6691692583,6093761.93635742],[692681.4784537782,6093761.862241045],[692678.1848184152,6093761.932616482],[692674.3540928082,6093760.07034413],[692671.7429007648,6093763.521373311],[692676.6873164508,6093772.168930188],[692669.9468381843,6093782.275412945]]]]},"properties":null,"id":"36890655"},{"type":"Feature","geometry":{"type":"MultiPolygon","coordinates":[[[[692797.7114253736,6094048.856979283],[692802.4899805667,6094055.442977282],[692806.544409391,6094068.1186764585],[692809.7575141549,6094069.984804239],[692851.9999140172,6094036.766346836],[692837.9137281983,6094017.263541491],[692797.7114253736,6094048.856979283]]]]},"properties":null,"id":"37423065"},{"type":"Feature","geometry":{"type":"MultiPolygon","coordinates":[[[[692698.4379112113,6093970.479045321],[692750.973927541,6094041.65163501],[692789.0810455561,6094014.09377162],[692735.5432374116,6093942.096317636],[692698.4379112113,6093970.479045321]]]]},"properties":null,"id":"39112415"},{"type":"Feature","geometry":{"type":"MultiPolygon","coordinates":[[[[693035.4332539062,6094123.267028668],[693037.9991711925,6094127.323608892],[693040.1803689334,6094127.304827977],[693049.6931017115,6094139.807794716],[693047.3654987331,6094144.034233427],[693052.9092316836,6094153.571084823],[693062.1633533883,6094146.508083751],[693061.0920349315,6094143.498551944],[693072.6012402932,6094134.880334159],[693069.6279010896,6094131.390607109],[693072.6464437476,6094129.8655661605],[693076.994164,6094132.349154612],[693108.1285642217,6094107.627475367],[693106.8741447001,6094102.835876236],[693102.8701474749,6094101.442583948],[693093.5863041328,6094103.194801964],[693088.6411304132,6094109.858619517],[693084.8592153164,6094111.0000220835],[693078.4339824893,6094099.482121998],[693071.3531132042,6094099.3825574815],[693068.8209706506,6094101.892504421],[693070.6608630916,6094098.402058739],[693075.6150704944,6094096.435589223],[693077.418646234,6094094.099372622],[693077.2776487032,6094091.432705082],[693085.7935766475,6094095.854896473],[693086.9724629133,6094092.843701024],[693092.2123913771,6094093.178011433],[693098.3073343112,6094094.256779638],[693099.0810450247,6094090.491489992],[693096.3059841299,6094089.136996381],[693095.1834979476,6094087.300621073],[693098.1220149895,6094086.670279896],[693097.7863369449,6094079.542799578],[693095.0871055835,6094077.098343092],[693095.7822025674,6094074.29284731],[693101.5014825086,6094072.077430228],[693100.0156092967,6094066.807079914],[693097.1483458066,6094066.133610375],[693095.230231906,6094058.844668654],[693089.0068716772,6094060.317409258],[693085.7174595761,6094062.015693594],[693079.3949046397,6094059.211611359],[693073.8032106307,6094062.75447531],[693070.9094259191,6094065.830288468],[693076.5984485167,6094073.95940627],[693055.549055757,6094079.83311484],[693042.1510829433,6094118.165251146],[693035.4332539062,6094123.267028668]]]]},"properties":null,"id":"54458446"},{"type":"Feature","geometry":{"type":"MultiPolygon","coordinates":[[[[692742.8302206242,6093844.780944616],[692745.7994586537,6093846.661604192],[692747.7131443113,6093838.7697927],[692747.5783566511,6093812.122373209],[692744.1543516486,6093808.949151518],[692743.0053157337,6093814.787476123],[692742.8302206242,6093844.780944616]]]]},"properties":null,"id":"27608540"},{"type":"Feature","geometry":{"type":"MultiPolygon","coordinates":[[[[692724.2309079107,6093769.692538379],[692724.4437789508,6093773.585536911],[692730.4731432752,6093781.958725668],[692743.6840510714,6093777.667192148],[692744.7973267091,6093761.234624287],[692730.888126774,6093755.3367647035],[692724.2309079107,6093769.692538379]]]]},"properties":null,"id":"36890644"},{"type":"Feature","geometry":{"type":"MultiPolygon","coordinates":[[[[692899.5194244013,6093813.431462809],[692908.5107679914,6093842.233567394],[692919.5230093333,6093805.050301381],[692915.9946542629,6093800.567786389],[692899.5194244013,6093813.431462809]]]]},"properties":null,"id":"27610159"},{"type":"Feature","geometry":{"type":"MultiPolygon","coordinates":[[[[693020.891247895,6093785.272356724],[693021.4306797917,6093788.023517158],[693022.4810088451,6093791.479999226],[693023.8766635128,6093793.608199369],[693043.8637352152,6093802.277753446],[693055.2829510138,6093795.177685879],[693053.1526314814,6093772.628624277],[693051.3988351873,6093770.517397575],[693049.3159455028,6093768.710881264],[693046.9512998378,6093767.282478098],[693044.1350373942,6093765.780023925],[693039.6672556114,6093764.805931473],[693036.903523911,6093764.68835529],[693034.164594193,6093765.016745483],[693031.5114594258,6093765.789796422],[693029.0354102764,6093766.996251972],[693026.7890195531,6093768.597778734],[693024.8401085573,6093770.555716958],[693023.2480784856,6093772.79437899],[693022.0426300594,6093775.275921112],[693021.2751425774,6093777.906223289],[693020.9598696489,6093780.6384703405],[693020.891247895,6093785.272356724]]]]},"properties":null,"id":"23341406"},{"type":"Feature","geometry":{"type":"MultiPolygon","coordinates":[[[[692725.3635410353,6093922.26801595],[692780.487280426,6093994.957176087],[692819.6641097204,6093966.427489391],[692764.2856839068,6093893.250992559],[692725.3635410353,6093922.26801595]]]]},"properties":null,"id":"39112414"},{"type":"Feature","geometry":{"type":"MultiPolygon","coordinates":[[[[692748.1509355169,6093955.96593177],[692760.1892839303,6093974.601033915],[692761.5533903096,6093973.827714873],[692749.7785127877,6093955.028848736],[692748.1509355169,6093955.96593177]]]]},"properties":null,"id":"39112417"},{"type":"Feature","geometry":{"type":"MultiPolygon","coordinates":[[[[692736.6034152354,6094095.566306506],[692739.7336157473,6094098.550472934],[692749.401377443,6094103.339039719],[692764.2606501306,6094116.546588499],[692778.1434914286,6094126.537883334],[692764.8026455259,6094109.428259615],[692747.676112196,6094087.571779802],[692736.6034152354,6094095.566306506]]]]},"properties":null,"id":"29019345"},{"type":"Feature","geometry":{"type":"MultiPolygon","coordinates":[[[[692736.8346928558,6094100.677474709],[692744.5490666351,6094109.0053518545],[692752.3235194073,6094120.8574049035],[692762.6254741186,6094128.906716365],[692771.0892260785,6094136.604623182],[692777.6305568819,6094140.725128815],[692783.0071540269,6094143.8845129255],[692790.0582770727,6094139.38044012],[692790.6677991855,6094137.562818179],[692782.7510774767,6094133.332191659],[692772.2721088552,6094127.351734163],[692762.0237164437,6094119.31059044],[692746.4240766148,6094106.081653057],[692736.8346928558,6094100.677474709]]]]},"properties":null,"id":"29019367"},{"type":"Feature","geometry":{"type":"MultiPolygon","coordinates":[[[[692790.0582770727,6094139.38044012],[692796.4710843444,6094142.126980773],[692797.1310992532,6094146.596446479],[692801.4124516576,6094148.476950371],[692805.6095420702,6094145.345463064],[692815.5892137955,6094149.02035514],[692820.9106436634,6094154.236644661],[692823.2304773759,6094154.280066701],[692823.2511770052,6094153.107569044],[692824.7084489244,6094153.122922275],[692824.7287507666,6094151.931829054],[692827.0407606853,6094151.966115331],[692827.0464096001,6094150.803241448],[692819.0469987018,6094150.555679366],[692818.4371369346,6094148.075775523],[692815.5367219998,6094147.635475785],[692811.7452504811,6094146.191002422],[692790.6677991855,6094137.562818179],[692790.0582770727,6094139.38044012]]]]},"properties":null,"id":"37422792"},{"type":"Feature","geometry":{"type":"MultiPolygon","coordinates":[[[[692783.0071540269,6094143.8845129255],[692810.6265369783,6094158.800557439],[692816.1349305876,6094159.20370643],[692817.1661246651,6094156.772435844],[692819.1117623415,6094156.79595303],[692819.1232477725,6094155.549236225],[692820.893521859,6094155.576502236],[692820.9106436634,6094154.236644661],[692815.8737052364,6094149.125897174],[692815.5892137955,6094149.02035514],[692805.6095420702,6094145.345463064],[692801.4124516576,6094148.476950371],[692797.1310992532,6094146.596446479],[692796.4710843444,6094142.126980773],[692790.0582770727,6094139.38044012],[692783.0071540269,6094143.8845129255]]]]},"properties":null,"id":"37422800"},{"type":"Feature","geometry":{"type":"MultiPolygon","coordinates":[[[[692860.4670452457,6094136.293718444],[692860.6051862682,6094139.899950949],[692880.3959146107,6094146.853224147],[692893.0754618724,6094141.233376161],[692892.7799998118,6094132.412069602],[692892.7558698399,6094131.640517248],[692892.5284226079,6094124.9293165915],[692886.3539026072,6094116.20584381],[692860.4670452457,6094136.293718444]]]]},"properties":null,"id":"27647228"},{"type":"Feature","geometry":{"type":"MultiPolygon","coordinates":[[[[692880.3959146107,6094146.853224147],[692887.4382108334,6094149.428105195],[692896.4857899209,6094142.332491044],[692893.0754618724,6094141.233376161],[692880.3959146107,6094146.853224147]]]]},"properties":null,"id":"37423071"},{"type":"Feature","geometry":{"type":"MultiPolygon","coordinates":[[[[692886.3539026072,6094116.20584381],[692892.5284226079,6094124.9293165915],[692892.7558698399,6094131.640517248],[692900.3201459092,6094131.515936983],[692900.6352707454,6094130.913866882],[692888.7896226087,6094115.604929868],[692887.6197671435,6094115.1183387395],[692886.3539026072,6094116.20584381]]]]},"properties":null,"id":"37423073"},{"type":"Feature","geometry":{"type":"MultiPolygon","coordinates":[[[[692954.6201239132,6094122.438325871],[692960.2495916435,6094128.857211662],[693016.981728064,6094086.937498648],[693015.5013081153,6094085.127379114],[693046.6498959083,6094061.782308504],[693042.5714794423,6094055.841886362],[692954.6201239132,6094122.438325871]]]]},"properties":null,"id":"27647225"},{"type":"Feature","geometry":{"type":"MultiPolygon","coordinates":[[[[693021.8036892099,6094105.522092465],[693035.4332539062,6094123.267028668],[693042.1510829433,6094118.165251146],[693077.2776487032,6094091.432705082],[693063.6400178749,6094073.66939746],[693055.549055757,6094079.83311484],[693021.8036892099,6094105.522092465]]]]},"properties":null,"id":"29027113"},{"type":"Feature","geometry":{"type":"MultiPolygon","coordinates":[[[[692991.4633248684,6094126.366123183],[693005.2462850704,6094145.577541806],[693024.5115149334,6094131.891228708],[693019.3851391865,6094124.745355779],[693026.2903429907,6094119.844225327],[693017.633529536,6094107.769416387],[692991.4633248684,6094126.366123183]]]]},"properties":null,"id":"29027118"},{"type":"Feature","geometry":{"type":"MultiPolygon","coordinates":[[[[692970.3001711412,6094142.260346832],[692981.2083104283,6094156.882293325],[692990.3617129719,6094150.100585861],[692979.4461398701,6094135.488110931],[692970.3001711412,6094142.260346832]]]]},"properties":null,"id":"37423066"},{"type":"Feature","geometry":{"type":"MultiPolygon","coordinates":[[[[692990.5094056807,6094126.7028053105],[693006.2950368857,6094147.88990923],[693025.3233771223,6094133.827280687],[693019.3859458519,6094125.852281028],[693026.4372719978,6094120.650357959],[693016.5890412409,6094107.438293094],[692990.5094056807,6094126.7028053105]]]]},"properties":null,"id":"54458437"},{"type":"Feature","geometry":{"type":"MultiPolygon","coordinates":[[[[692326.2728509712,6093786.783941909],[692384.3472468092,6093831.720291788],[692401.6401589599,6093842.848624711],[692422.2709683649,6093849.543064659],[692439.0530789889,6093856.74748262],[692466.5994566602,6093866.168565916],[692499.722079365,6093904.548612852],[692505.6121839209,6093904.618222177],[692527.4922534737,6093896.2165130265],[692536.2093167958,6093889.360865039],[692543.6789152616,6093874.0949192345],[692546.3245387673,6093870.466459496],[692549.7787645331,6093867.555592503],[692554.2412126439,6093865.423169039],[692559.0958287909,6093864.510234803],[692568.3116659891,6093866.369189108],[692586.062494661,6093871.422496234],[692605.016918494,6093880.329003426],[692616.0395940406,6093886.428246999],[692627.5005308555,6093894.118063292],[692637.6942818426,6093903.546506172],[692644.6513406168,6093912.141786377],[692650.072936133,6093918.844346213],[692651.5771206068,6093920.700522082],[692665.8709670136,6093909.604812928],[692643.9330159508,6093884.58595396],[692604.8618530803,6093848.426405259],[692637.0969438276,6093818.808591415],[692643.6215343913,6093821.087735651],[692649.7131215566,6093821.664554437],[692678.3600516532,6093844.74475961],[692693.4870599356,6093855.156069836],[692700.579358179,6093847.590808361],[692705.3179450118,6093840.178160331],[692705.657880893,6093820.748274696],[692655.8497656878,6093820.779989645],[692629.4231432254,6093801.652159838],[692624.6251246851,6093804.498745102],[692618.3255783695,6093808.112259607],[692613.9536546606,6093814.837980043],[692604.576054135,6093816.117309069],[692590.6022874867,6093816.480869265],[692547.711326234,6093817.527009998],[692545.2608974888,6093652.0407143235],[692363.2285999838,6093663.7766948305],[692361.9899504413,6093734.433213063],[692361.811829091,6093746.464499384],[692326.2728509712,6093786.783941909]]]]},"properties":null,"id":"10907268"},{"type":"Feature","geometry":{"type":"MultiPolygon","coordinates":[[[[692475.1903759718,6093959.5447776085],[692494.757958988,6093961.796800838],[692501.357956093,6093961.888470536],[692511.1202241399,6093950.750222634],[692508.9634549946,6093940.833813522],[692534.9499593623,6093934.697839674],[692530.205627227,6093918.269459531],[692585.8251178709,6093905.668275369],[692594.1286591728,6093941.954834817],[692610.2301502756,6093939.062200053],[692622.4164552737,6093940.355351619],[692641.0929348761,6093927.314972987],[692623.1152306406,6093909.504246835],[692602.30786787,6093899.558313746],[692574.0973170731,6093895.4818651695],[692555.5412842217,6093896.659468504],[692540.3028274196,6093900.31495225],[692523.424770119,6093906.489049356],[692516.3437826028,6093910.305207902],[692510.1216611271,6093926.483998119],[692500.1208354125,6093938.594747908],[692475.1903759718,6093959.5447776085]]]]},"properties":null,"id":"27610296"},{"type":"Feature","geometry":{"type":"MultiPolygon","coordinates":[[[[692258.5715967279,6094095.630486118],[692268.2216334703,6094120.354090814],[692286.6992585693,6094172.7210321035],[692293.5576757131,6094188.14633389],[692296.9954766651,6094194.472803637],[692302.9909009809,6094193.749642278],[692306.1369812678,6094190.687319409],[692306.4219297626,6094185.090747559],[692300.5632806164,6094173.625388702],[692306.5686762496,6094163.711645004],[692319.2559440921,6094156.650653391],[692327.7022066289,6094157.465851646],[692336.52139755,6094166.468144234],[692346.0020045677,6094159.27085542],[692345.9660529396,6094148.285968291],[692340.2405341533,6094143.422208449],[692329.8349409522,6094144.444091285],[692317.6546332254,6094137.718039749],[692316.126396202,6094122.569778022],[692312.0968750548,6094112.460720921],[692303.0053544545,6094090.683279624],[692298.0392953954,6094074.213021468],[692282.7001787111,6094069.944894606],[692267.2795815689,6094080.4593405165],[692258.5715967279,6094095.630486118]]]]},"properties":null,"id":"29051932"},{"type":"Feature","geometry":{"type":"MultiPolygon","coordinates":[[[[692366.0619173988,6094061.209269015],[692372.7761673178,6094058.7870611325],[692380.5707676077,6094058.378939539],[692390.6895310989,6094058.218894139],[692399.8351616445,6094055.707588691],[692405.4360907587,6094054.732312974],[692412.773957302,6094055.440845393],[692425.393434958,6094055.580882748],[692485.2997840435,6094054.014110927],[692492.3985390624,6094057.099693598],[692491.3510293538,6094037.327386631],[692464.5100182043,6093999.864357757],[692470.9237614088,6093974.072549539],[692466.9474872927,6093973.255117675],[692456.6355376849,6093971.149688645],[692444.1355844646,6093970.88622579],[692391.5447584663,6093982.817256484],[692384.8472951343,6093984.950762496],[692381.5617230507,6093988.620725654],[692380.8095633981,6093990.90645851],[692378.8197759126,6093995.9626818765],[692370.047022097,6094017.739753587],[692365.7773627114,6094029.9885377735],[692366.1948573452,6094047.058097493],[692366.0619173988,6094061.209269015]]]]},"properties":null,"id":"23341298"},{"type":"Feature","geometry":{"type":"MultiPolygon","coordinates":[[[[692364.6204378032,6094088.039065158],[692366.3838804718,6094098.4754978325],[692382.3393848486,6094096.591021894],[692388.4627051124,6094096.860384535],[692394.4764440675,6094098.071582474],[692400.2341524547,6094100.153324367],[692405.6058195618,6094103.089780478],[692410.4752945588,6094106.799711635],[692414.7037510356,6094111.211664581],[692418.8960127664,6094116.787137827],[692453.088348581,6094162.372216947],[692464.4948833209,6094154.99416963],[692436.3825258384,6094116.227994606],[692443.8407119929,6094110.776013625],[692449.6463136644,6094106.522040846],[692466.0788066521,6094128.775234463],[692494.9938804895,6094107.219307389],[692499.8815340666,6094100.3431242835],[692494.4374820336,6094093.659559816],[692487.8671112773,6094084.953591407],[692498.7768728589,6094076.107076025],[692498.5477353862,6094065.014675621],[692498.5381394003,6094043.480739597],[692498.5470394897,6094038.894661215],[692491.3510293538,6094037.327386631],[692492.3985390624,6094057.099693598],[692492.8214098227,6094065.118297368],[692493.2021575004,6094072.23550575],[692493.5301808434,6094078.312014986],[692485.8866830934,6094083.656372024],[692425.5845730164,6094085.631565288],[692413.3606177269,6094085.083101016],[692409.454753541,6094080.059635723],[692408.5752805211,6094080.310949083],[692391.8482507821,6094085.00253166],[692370.4720919197,6094086.658478937],[692364.6204378032,6094088.039065158]]]]},"properties":null,"id":"23341305"},{"type":"Feature","geometry":{"type":"MultiPolygon","coordinates":[[[[692050.5358206884,6093965.9378148075],[692165.2657525047,6094115.9626094205],[692174.3352269644,6094111.304404928],[692191.1875071013,6094111.410389919],[692239.3900694833,6094074.28203033],[692238.1739998697,6094072.698708275],[692192.5110434047,6094107.298613798],[692182.7893673352,6094094.594630996],[692189.6280200137,6094089.416525868],[692184.2100682107,6094083.5880157435],[692187.1168799069,6094077.1728165075],[692183.3948913079,6094068.601287454],[692185.5406952697,6094048.667918464],[692194.0478333056,6094041.249680756],[692185.8950777849,6094030.577308901],[692179.6281780145,6094024.28318615],[692170.7891251813,6094009.681386194],[692190.3644611714,6093998.6971804015],[692193.5295965075,6094002.25750143],[692197.1664074777,6094002.179994807],[692200.6686793357,6093988.989553812],[692206.37581036,6093986.914502279],[692208.2331035081,6093981.721616935],[692209.2702527769,6093977.774073404],[692220.0819752034,6093973.627495415],[692214.9089085641,6093966.045012491],[692229.9625017771,6093955.854736025],[692213.278667693,6093931.429855937],[692245.1147054071,6093909.8589707],[692237.1552545363,6093898.23372268],[692218.0491436166,6093866.446805306],[692173.2145777324,6093898.350057688],[692178.3796483318,6093905.56065158],[692171.3088437018,6093910.576269589],[692181.6284920366,6093923.788422908],[692177.3264518655,6093926.652093207],[692144.9133339114,6093948.355946256],[692141.1227895672,6093950.883130137],[692171.3872353178,6093994.078515962],[692123.1230705342,6094027.589369142],[692087.5722342894,6093976.850904109],[692102.4099212345,6093966.544523703],[692096.584541304,6093960.2037361935],[692088.3561334854,6093957.430278787],[692081.0358152543,6093956.823437513],[692073.2382363972,6093957.44531446],[692066.9045205491,6093959.468512272],[692060.3492998276,6093962.194071149],[692050.5358206884,6093965.9378148075]]]]},"properties":null,"id":"23341366"},{"type":"Feature","geometry":{"type":"MultiPolygon","coordinates":[[[[692322.4520983114,6093791.823393594],[692338.775565388,6093811.865223348],[692373.8424048311,6093850.241427935],[692385.8454227598,6093861.901227223],[692399.1588570673,6093870.984306171],[692417.750226062,6093878.6152639035],[692430.8285285461,6093884.540635651],[692439.1668504096,6093883.525523109],[692453.788339499,6093879.911283507],[692463.7546918296,6093883.69844615],[692466.9370641748,6093890.2070441395],[692463.3591850859,6093896.618069934],[692451.9762220494,6093898.293508275],[692444.0542524847,6093904.164694684],[692439.8234995198,6093912.152378373],[692433.0234973012,6093913.767200394],[692431.0122199802,6093904.945309807],[692427.9442602714,6093904.154990751],[692423.7002866068,6093911.16623788],[692415.2467170733,6093915.7185538765],[692416.8038190879,6093920.057271006],[692418.7866687451,6093921.112599246],[692423.211958948,6093916.878784781],[692426.5810370313,6093920.34165702],[692428.1355660646,6093924.559501436],[692430.725895064,6093925.843716813],[692435.2863791817,6093922.583721708],[692442.8057106517,6093925.009221482],[692447.3271063387,6093922.419798364],[692452.4974974999,6093906.635583358],[692472.8592918913,6093907.149826359],[692499.722079365,6093904.548612852],[692466.5994566602,6093866.168565916],[692439.0530789889,6093856.74748262],[692422.2709683649,6093849.543064659],[692401.6401589599,6093842.848624711],[692384.3472468092,6093831.720291788],[692326.2728509712,6093786.783941909],[692322.4520983114,6093791.823393594]]]]},"properties":null,"id":"27610289"},{"type":"Feature","geometry":{"type":"MultiPolygon","coordinates":[[[[692278.8642129129,6093833.867712308],[692279.2417399997,6093837.2641922645],[692280.112065296,6093840.519936754],[692281.693714168,6093843.509360254],[692303.8163302833,6093874.738824405],[692352.4287385704,6093943.44842762],[692355.6504671674,6093947.156319868],[692359.9235590254,6093950.804577287],[692370.1581850438,6093957.869728055],[692376.1172362125,6093964.030761945],[692380.119772332,6093968.940551994],[692382.0302007231,6093971.606679253],[692384.0878001952,6093972.232528947],[692386.9128537683,6093972.004826146],[692448.9326856001,6093959.054031296],[692465.5462427142,6093960.494767641],[692488.1372415955,6093937.148273796],[692499.1788065368,6093928.410555129],[692507.3349078353,6093915.641534293],[692499.6485626646,6093920.400801951],[692479.9884684961,6093928.820169624],[692458.7578187904,6093936.919533827],[692436.0089897345,6093939.6467785],[692414.5484161796,6093935.9001917085],[692393.5316311019,6093925.781519429],[692377.6749426312,6093915.478308728],[692362.5188577281,6093899.755666978],[692352.490809411,6093869.114842961],[692343.8221313516,6093845.700574523],[692326.4040087993,6093819.756724664],[692308.8011038213,6093800.523526348],[692303.3126229057,6093805.691554056],[692283.1512449044,6093823.50690121],[692280.7718787862,6093826.748219298],[692279.4037706743,6093830.55400001],[692278.8642129129,6093833.867712308]]]]},"properties":null,"id":"27610293"},{"type":"Feature","geometry":{"type":"MultiPolygon","coordinates":[[[[692295.7017894838,6094083.71368561],[692303.8861098207,6094123.760983458],[692334.3549989954,6094127.1204068735],[692333.6510784102,6094083.025367722],[692332.3044664898,6094077.110112324],[692323.6431368903,6094077.294822659],[692315.1813213993,6094081.112349113],[692314.147787252,6094089.878261116],[692310.7399776409,6094090.3230091],[692305.0378001652,6094086.19358965],[692295.7017894838,6094083.71368561]]]]},"properties":null,"id":"31101026"},{"type":"Feature","geometry":{"type":"MultiPolygon","coordinates":[[[[692264.306089277,6094081.955238532],[692268.5911363921,6094088.310163995],[692275.0594978924,6094082.581765662],[692289.1430052235,6094079.118818043],[692304.4927391438,6094083.526238572],[692312.5595286853,6094089.8005054835],[692314.0575230357,6094079.564276716],[692323.6066536594,6094075.584033996],[692332.0240005448,6094075.404526847],[692327.8458331332,6094068.340398081],[692315.942771113,6094065.310630534],[692301.4154073864,6094065.127403712],[692286.0705894032,6094066.673149064],[692272.7108349669,6094075.460004892],[692264.306089277,6094081.955238532]]]]},"properties":null,"id":"31101027"},{"type":"Feature","geometry":{"type":"MultiPolygon","coordinates":[[[[692500.0544694131,6093810.77727907],[692501.1767869026,6093841.198794409],[692525.7338746923,6093840.293164872],[692524.6116726461,6093809.880946806],[692500.0544694131,6093810.77727907]]]]},"properties":null,"id":"4140914"},{"type":"Feature","geometry":{"type":"MultiPolygon","coordinates":[[[[692228.1052638245,6093933.495135991],[692238.0256117464,6093948.008719239],[692253.252129614,6093937.703089986],[692243.323943566,6093923.180387472],[692228.1052638245,6093933.495135991]]]]},"properties":null,"id":"3746512"},{"type":"Feature","geometry":{"type":"MultiPolygon","coordinates":[[[[692228.8133462514,6093969.934535572],[692239.2218981185,6093985.163268045],[692255.2678373056,6093974.29135509],[692244.8592681529,6093959.062640267],[692228.8133462514,6093969.934535572]]]]},"properties":null,"id":"23341317"},{"type":"Feature","geometry":{"type":"MultiPolygon","coordinates":[[[[692311.8536826416,6094092.113148946],[692314.1583967587,6094106.472788395],[692325.8454275402,6094104.735246306],[692323.286204699,6094089.888030497],[692311.8536826416,6094092.113148946]]]]},"properties":null,"id":"28752978"},{"type":"Feature","geometry":{"type":"MultiPolygon","coordinates":[[[[692244.2632638945,6094086.400963321],[692244.9223698066,6094088.693806348],[692249.6097456265,6094091.02170512],[692250.9827611176,6094092.452848421],[692259.5252656733,6094080.968825907],[692275.0263556466,6094069.578290727],[692274.0374409669,6094068.631967456],[692264.2391788343,6094073.091869544],[692253.88773451,6094079.870445998],[692244.2632638945,6094086.400963321]]]]},"properties":null,"id":"31101024"},{"type":"Feature","geometry":{"type":"MultiPolygon","coordinates":[[[[692206.2832023784,6094119.646506788],[692206.7995028041,6094120.965687117],[692233.6335058546,6094103.026948968],[692233.9164391638,6094099.123385806],[692240.0579008587,6094095.234473949],[692237.4414883398,6094092.369421111],[692220.2816919025,6094106.464909129],[692215.6562231287,6094112.767918046],[692206.2832023784,6094119.646506788]]]]},"properties":null,"id":"31101025"},{"type":"Feature","geometry":{"type":"MultiPolygon","coordinates":[[[[692546.9546314669,6094117.551567668],[692547.489525104,6094119.381945128],[692548.5834674082,6094120.958534713],[692550.0882192955,6094122.126367044],[692551.8946562237,6094122.7761476785],[692553.810975472,6094122.856159476],[692555.6535941957,6094122.342415959],[692557.4201298355,6094121.123343928],[692558.6719369842,6094119.375745121],[692559.2460421872,6094117.326347621],[692559.0785902119,6094115.199763153],[692558.1901904627,6094113.246705882],[692556.6853211361,6094111.716099118],[692554.7509393702,6094110.789991042],[692552.6183589848,6094110.584368793],[692550.5395832441,6094111.112455875],[692548.7652258821,6094112.322391633],[692547.6077716711,6094113.844726429],[692546.9827563058,6094115.653357795],[692546.9546314669,6094117.551567668]]]]},"properties":null,"id":"37423034"},{"type":"Feature","geometry":{"type":"MultiPolygon","coordinates":[[[[692493.5486566988,6094088.469408904],[692498.646065973,6094095.709190939],[692499.1964972832,6094095.409080032],[692501.2075757995,6094097.784675021],[692503.3779419311,6094099.403407253],[692505.6566057851,6094100.377989049],[692508.0226782943,6094100.8018862335],[692515.1972729383,6094100.648737003],[692515.8878049671,6094100.122386292],[692516.2678021766,6094099.342208236],[692515.8279648514,6094080.524338559],[692504.0773453744,6094080.710053316],[692500.1754614952,6094081.593311941],[692494.2819776561,6094086.016631753],[692493.560864716,6094086.897109684],[692493.5486566988,6094088.469408904]]]]},"properties":null,"id":"37434041"},{"type":"Feature","geometry":{"type":"MultiPolygon","coordinates":[[[[691939.5639370224,6093802.00905157],[691940.908248702,6093803.1710905],[691942.9725025302,6093804.113161828],[691947.2820499652,6093803.035422432],[691950.4240246238,6093800.856995242],[691953.976884377,6093800.78136842],[691955.9917197701,6093802.626780138],[691956.6025993126,6093806.241545999],[691956.117001528,6093808.512262117],[691954.1604110178,6093812.628174997],[691953.2006919833,6093817.708876861],[691954.1228713589,6093821.614679533],[691956.912846734,6093827.982954049],[691960.1898099952,6093832.145595923],[691963.8712790736,6093834.169474187],[691967.0302432212,6093836.371909441],[691970.0800716284,6093840.61379909],[691974.1414935096,6093849.736292776],[691978.2580884171,6093857.508824309],[691981.2068767928,6093857.362330289],[691993.2015674218,6093854.325677013],[692005.1840786192,6093850.359069068],[692015.5561925598,6093845.989541801],[692023.1810149697,6093840.841324631],[692033.8250262899,6093831.3312937645],[692029.8358162716,6093825.602507332],[692027.6371781924,6093825.872573659],[692025.5278357378,6093829.61967738],[692022.3729979534,6093831.193776518],[692023.1535308784,6093832.386413005],[692019.3203365267,6093833.984257725],[692018.160178243,6093832.874120217],[692007.3779630073,6093836.610547187],[692008.4621681771,6093838.810634388],[691978.5496405716,6093852.572571571],[691973.1028888049,6093843.228417543],[691986.0989380572,6093836.710120967],[691974.9482615038,6093822.064350536],[691963.618732499,6093830.547080766],[691956.1316878174,6093822.10213158],[691971.8427741904,6093809.833252101],[691968.0347016205,6093805.08659438],[691962.6669819055,6093797.303484948],[691963.0984164152,6093794.996713398],[691987.6381595974,6093776.447063938],[691980.447080881,6093768.646972605],[691969.1508077523,6093776.180205755],[691966.9268875126,6093780.636684474],[691940.6922290309,6093800.906007321],[691939.5639370224,6093802.00905157]]]]},"properties":null,"id":"50275013"},{"type":"Feature","geometry":{"type":"MultiPolygon","coordinates":[[[[692044.6698054972,6093826.951665218],[692046.9082435399,6093828.5504448],[692064.3431856999,6093810.198398198],[692082.9159350066,6093790.836066801],[692093.5142704921,6093779.18747408],[692091.2776174783,6093777.672385983],[692044.6698054972,6093826.951665218]]]]},"properties":null,"id":"50275193"},{"type":"Feature","geometry":{"type":"MultiPolygon","coordinates":[[[[692031.8010491766,6093778.9112393465],[692036.6995814221,6093789.3739705],[692051.8400762737,6093781.479720182],[692048.1864379402,6093773.957815213],[692044.489628901,6093769.422763782],[692031.8010491766,6093778.9112393465]]]]},"properties":null,"id":"47281917"},{"type":"Feature","geometry":{"type":"MultiPolygon","coordinates":[[[[691994.5092368771,6093809.341391265],[692002.3630521613,6093819.248213466],[692012.2494917242,6093809.624109722],[692002.4097201847,6093800.661872179],[691997.470224679,6093804.394811798],[691994.5092368771,6093809.341391265]]]]},"properties":null,"id":"47281918"},{"type":"Feature","geometry":{"type":"MultiPolygon","coordinates":[[[[692005.7416008862,6093781.968373442],[692011.4965994911,6093789.668797195],[692014.8230216468,6093787.198057577],[692009.0603973144,6093779.497798204],[692005.7416008862,6093781.968373442]]]]},"properties":null,"id":"50274462"},{"type":"Feature","geometry":{"type":"MultiPolygon","coordinates":[[[[692013.5806484476,6093792.973133306],[692024.9699833803,6093808.07887529],[692026.1079773633,6093805.282653285],[692025.238548974,6093799.915322224],[692015.2622256544,6093792.062941427],[692013.5806484476,6093792.973133306]]]]},"properties":null,"id":"50274464"},{"type":"Feature","geometry":{"type":"MultiPolygon","coordinates":[[[[692030.7126378695,6093815.556303972],[692037.1004826707,6093823.959489705],[692036.3427159067,6093824.552349264],[692038.7406611567,6093827.552332652],[692039.8695349346,6093827.909673652],[692041.1677291768,6093826.905319897],[692032.9404870805,6093814.150773393],[692030.7126378695,6093815.556303972]]]]},"properties":null,"id":"50274468"},{"type":"Feature","geometry":{"type":"MultiPolygon","coordinates":[[[[692027.0607272935,6093799.160267785],[692027.8582857472,6093801.152511314],[692029.6885790594,6093801.494916915],[692029.9934536789,6093799.693142971],[692035.0841149627,6093800.552142581],[692034.77181514,6093802.363376858],[692037.2162938501,6093804.683325002],[692055.2168778664,6093785.314634044],[692053.4376795599,6093783.789794156],[692027.0607272935,6093799.160267785]]]]},"properties":null,"id":"50274469"},{"type":"Feature","geometry":{"type":"MultiPolygon","coordinates":[[[[692002.3630521613,6093819.248213466],[692004.3074976313,6093821.727648312],[692015.5664633953,6093816.3811324155],[692018.4876808325,6093822.104759701],[692019.4624892359,6093821.674715709],[692021.5158492533,6093825.686654178],[692010.3733137355,6093831.486494636],[692010.6888705967,6093832.335557455],[692023.0794880379,6093828.1927981],[692025.6653995583,6093822.826304816],[692023.1323087757,6093818.852488484],[692012.2494917242,6093809.624109722],[692002.3630521613,6093819.248213466]]]]},"properties":null,"id":"50274934"},{"type":"Feature","geometry":{"type":"MultiPolygon","coordinates":[[[[692004.7070802014,6093798.938601379],[692018.7141808064,6093812.323559175],[692019.4088734786,6093811.992499514],[692007.2085099717,6093797.127267033],[692004.7070802014,6093798.938601379]]]]},"properties":null,"id":"50275035"},{"type":"Feature","geometry":{"type":"MultiPolygon","coordinates":[[[[691969.8218152313,6093860.730162524],[691971.221559377,6093864.49557003],[691976.0705614783,6093864.392343951],[692006.0313149682,6093856.117556632],[692011.2158892668,6093854.221187117],[692017.6469773338,6093851.042505683],[692027.0729037068,6093844.507147526],[692037.7214674476,6093835.92721297],[692036.578635152,6093834.556253332],[692014.8080048792,6093850.256475888],[691984.9179636487,6093859.701837432],[691969.8218152313,6093860.730162524]]]]},"properties":null,"id":"50275195"},{"type":"Feature","geometry":{"type":"MultiPolygon","coordinates":[[[[692016.9600445083,6093790.482661022],[692025.5273934646,6093795.927925113],[692027.5713660293,6093794.842578329],[692018.6898424601,6093789.329590258],[692016.9600445083,6093790.482661022]]]]},"properties":null,"id":"50274889"},{"type":"Feature","geometry":{"type":"MultiPolygon","coordinates":[[[[692026.5008485196,6093810.120617576],[692029.1508782217,6093813.49661623],[692031.2144615587,6093811.899242504],[692028.5644314664,6093808.523244433],[692026.5008485196,6093810.120617576]]]]},"properties":null,"id":"50274886"},{"type":"Feature","geometry":{"type":"MultiPolygon","coordinates":[[[[691978.0634623256,6093718.30891869],[691989.9322691234,6093734.4463104885],[691996.8755248473,6093724.159325531],[691989.9275636774,6093715.237829654],[691978.0634623256,6093718.30891869]]]]},"properties":null,"id":"47281916"},{"type":"Feature","geometry":{"type":"MultiPolygon","coordinates":[[[[691958.3398136083,6093720.514785428],[691959.455789628,6093721.700285755],[691968.6746756465,6093714.760101702],[691972.4406895468,6093713.591596572],[691975.8710187332,6093715.285942836],[691977.7016690657,6093717.795710497],[691978.0634623256,6093718.30891869],[691989.9275636774,6093715.237829654],[691996.8755248473,6093724.159325531],[691989.9322691234,6093734.4463104885],[691999.8457680308,6093737.202568956],[692002.6474071303,6093733.012838492],[692004.5271079147,6093731.01940003],[692008.8186023413,6093728.379280644],[692008.4416796399,6093723.931659227],[692022.6427058895,6093723.145563262],[692023.1443702924,6093733.450774592],[692025.2544663075,6093733.322123051],[692026.9241459845,6093733.286567471],[692028.3531199227,6093733.767746267],[692029.3821741969,6093734.452782778],[692031.4768175439,6093736.463913997],[692049.9707095998,6093756.022806613],[692091.3708397935,6093732.992978347],[692084.7149815382,6093729.553496336],[692061.5560103239,6093717.656545795],[692039.2751573346,6093706.875680281],[692039.1351544942,6093705.315929245],[692039.0029737734,6093703.765313603],[692028.5522507895,6093699.4205995],[692021.518702737,6093696.5100277],[692017.3989355913,6093695.035023179],[692009.5454505678,6093694.095317729],[692004.7287204254,6093693.9188211635],[692001.859591796,6093694.221763797],[691999.977826817,6093695.043197073],[691996.3835031734,6093697.826602865],[691985.7995426949,6093705.493529407],[691979.141107689,6093709.811876054],[691969.5539517134,6093711.634523396],[691963.9643226768,6093710.265201842],[691958.3398136083,6093720.514785428]]]]},"properties":null,"id":"47281934"},{"type":"Feature","geometry":{"type":"MultiPolygon","coordinates":[[[[692009.3238935245,6093724.526804761],[692009.4365545955,6093727.66847427],[692010.876916079,6093727.609898541],[692010.764452484,6093724.4775267895],[692009.3238935245,6093724.526804761]]]]},"properties":null,"id":"50275185"},{"type":"Feature","geometry":{"type":"MultiPolygon","coordinates":[[[[692011.685780714,6093724.402096838],[692011.7980466529,6093727.525170829],[692013.238606106,6093727.475892482],[692013.133765784,6093724.343358383],[692011.685780714,6093724.402096838]]]]},"properties":null,"id":"50275186"},{"type":"Feature","geometry":{"type":"MultiPolygon","coordinates":[[[[692014.154009317,6093724.256519945],[692014.2662761116,6093727.379593944],[692015.7144596544,6093727.330152855],[692015.5945682586,6093724.207241202],[692014.154009317,6093724.256519945]]]]},"properties":null,"id":"50275187"},{"type":"Feature","geometry":{"type":"MultiPolygon","coordinates":[[[[692016.4857960286,6093724.151055662],[692016.5984596033,6093727.292725189],[692018.0388210556,6093727.234148312],[692017.9263549596,6093724.101776543],[692016.4857960286,6093724.151055662]]]]},"properties":null,"id":"50275188"},{"type":"Feature","geometry":{"type":"MultiPolygon","coordinates":[[[[691975.7959378411,6093650.8527535815],[691977.2909750253,6093658.736906342],[692028.5522507895,6093699.4205995],[692084.7149815382,6093729.553496336],[692097.965757159,6093702.062925076],[692045.5763447082,6093682.202860556],[692022.0731794059,6093669.8945603045],[691983.922979505,6093635.266350212],[691979.7583338239,6093641.35479331],[691977.0152137053,6093647.933880567],[691975.7959378411,6093650.8527535815]]]]},"properties":null,"id":"56021211"},{"type":"Feature","geometry":{"type":"MultiPolygon","coordinates":[[[[692046.630431703,6093767.153998573],[692055.1374740272,6093778.721221565],[692059.8456338337,6093775.58850163],[692052.7550942192,6093762.4841941055],[692046.630431703,6093767.153998573]]]]},"properties":null,"id":"50274887"},{"type":"Feature","geometry":{"type":"MultiPolygon","coordinates":[[[[692054.89599202,6093760.578201871],[692062.3661565363,6093773.600006554],[692065.6976093943,6093771.008213984],[692060.8034071459,6093762.182553049],[692057.3104663352,6093758.98264973],[692054.89599202,6093760.578201871]]]]},"properties":null,"id":"50274888"},{"type":"Feature","geometry":{"type":"MultiPolygon","coordinates":[[[[692028.0659475141,6093742.489815557],[692044.8172799482,6093763.676464717],[692030.2055568745,6093740.881519899],[692028.0659475141,6093742.489815557]]]]},"properties":null,"id":"50274890"},{"type":"Feature","geometry":{"type":"MultiPolygon","coordinates":[[[[692033.8442354407,6093742.3295571245],[692046.7242064464,6093762.603333534],[692050.7683671048,6093759.810328323],[692034.4729790378,6093741.767350843],[692033.8442354407,6093742.3295571245]]]]},"properties":null,"id":"50274894"},{"type":"Feature","geometry":{"type":"MultiPolygon","coordinates":[[[[691999.8457680308,6093737.202568956],[692000.2338010716,6093737.873351285],[692008.4132199171,6093731.550584752],[692015.3499228557,6093740.658347426],[692017.9830979098,6093743.960291248],[692019.511689498,6093742.671974456],[692020.3543271421,6093737.110052327],[692020.1575265783,6093727.868076757],[692008.8186023413,6093728.379280644],[692004.5271079147,6093731.01940003],[692002.6474071303,6093733.012838492],[691999.8457680308,6093737.202568956]]]]},"properties":null,"id":"50275125"},{"type":"Feature","geometry":{"type":"MultiPolygon","coordinates":[[[[691993.9017884923,6093756.807463862],[691996.7663533129,6093760.588189798],[692016.7294673511,6093745.624133896],[692014.6179970868,6093742.822689571],[692012.7783998805,6093744.192043647],[692012.0405491132,6093743.212443307],[691993.9017884923,6093756.807463862]]]]},"properties":null,"id":"50275138"},{"type":"Feature","geometry":{"type":"MultiPolygon","coordinates":[[[[691994.4551021775,6093767.390633853],[692003.8107258257,6093779.767709614],[692007.2118036925,6093777.2209672695],[691997.8638016362,6093764.843732579],[691994.4551021775,6093767.390633853]]]]},"properties":null,"id":"50274463"},{"type":"Feature","geometry":{"type":"MultiPolygon","coordinates":[[[[692023.1443702924,6093733.450774592],[692023.9434039935,6093736.587130176],[692026.215080033,6093739.747938054],[692031.4768175439,6093736.463913997],[692029.3821741969,6093734.452782778],[692028.3531199227,6093733.767746267],[692026.9241459845,6093733.286567471],[692025.2544663075,6093733.322123051],[692023.1443702924,6093733.450774592]]]]},"properties":null,"id":"50274895"},{"type":"Feature","geometry":{"type":"MultiPolygon","coordinates":[[[[692218.0477015112,6092885.718730664],[692221.0023211053,6092889.795123249],[692228.3165276392,6092885.862549594],[692235.816425864,6092873.470486978],[692235.8229769841,6092856.252334952],[692246.8521312256,6092853.068402879],[692253.9759398317,6092840.209939141],[692262.5003290274,6092823.647304327],[692273.4825535123,6092809.683309099],[692283.1361753814,6092797.79407936],[692295.9052157686,6092785.363978932],[692320.6150790172,6092764.586365549],[692331.5178156252,6092757.628400124],[692333.679202653,6092748.475613859],[692348.9883940705,6092742.149165282],[692345.503863149,6092735.042361053],[692341.2029443957,6092732.566774216],[692333.0442010207,6092736.229107942],[692319.2745130301,6092745.006322707],[692302.0107624491,6092759.457863007],[692284.6980818755,6092771.975592012],[692270.9758295519,6092787.272422727],[692258.5184735705,6092801.444615664],[692248.6464520416,6092811.319938736],[692240.6720882955,6092823.275639411],[692232.9965600853,6092841.020108664],[692227.5755480335,6092855.404981464],[692221.7034767062,6092870.813385863],[692218.0477015112,6092885.718730664]]]]},"properties":null,"id":"39779234"},{"type":"Feature","geometry":{"type":"MultiPolygon","coordinates":[[[[692654.7930218971,6092987.0620722715],[692660.8992618239,6093014.047002621],[692671.4067992258,6093035.700825816],[692683.7528358528,6093054.515434334],[692705.444143913,6093074.497678718],[692733.4355393103,6093089.843011847],[692766.42822168,6093100.4489165675],[692890.814462252,6093128.782918457],[692923.3639504339,6093140.402373407],[692958.4152981486,6093158.79587474],[692985.2426544522,6093173.886321133],[692997.457870356,6093180.136280125],[693043.719082344,6093189.154883033],[693079.5679515906,6093190.275550544],[693131.3131482321,6093186.469656409],[693197.6558188818,6093184.043646734],[693240.5648771913,6093179.347423688],[693300.8601267289,6093172.696896523],[693390.6909939821,6093162.640447281],[693421.3200112105,6093157.93699326],[693436.0798186662,6093151.239103154],[693448.8826893448,6093143.271583686],[693456.7836855084,6093135.772009937],[693451.4755476466,6093124.769921064],[693381.9647223845,6093146.958280101],[693324.3716476187,6093155.123472068],[693294.3342799608,6093147.935165506],[693270.3188502126,6093134.887597021],[693261.4565892377,6093117.83153682],[693252.1087863913,6093104.097413866],[693216.4199581828,6093118.973575911],[693109.890894721,6093129.255758265],[693088.28584846,6093125.104676178],[693052.8500294052,6093112.273229147],[693039.654819722,6093107.272202371],[693037.5517912988,6093105.5870492505],[693036.0584766472,6093104.949275192],[693034.4571784505,6093104.611478688],[693033.5289253411,6093103.291857707],[693021.1284040222,6093095.864558257],[693010.0058621041,6093090.772604981],[692991.2631638356,6093084.578683315],[692978.0013337783,6093078.95575971],[692968.1305617937,6093078.18102097],[692967.512836921,6093077.115204826],[692966.6697877296,6093076.212346298],[692965.3861627968,6093075.393334044],[692963.9431774493,6093074.968418606],[692962.4172663887,6093074.945265988],[692960.9538745378,6093075.348669315],[692959.6587369017,6093076.1298553],[692948.6273200165,6093074.579960518],[692909.2371638524,6093063.7023152895],[692878.4833759409,6093058.286081696],[692824.2930900452,6093044.375965588],[692808.3769277806,6093035.172476288],[692760.2818816814,6092989.560515975],[692725.7058143396,6092946.254596742],[692703.9508045722,6092899.018810795],[692701.0216808121,6092879.733188491],[692705.3179836525,6092863.074424034],[692710.1474640728,6092805.354367278],[692704.2814528678,6092751.434925377],[692691.1901990589,6092750.905490425],[692673.6725535708,6092748.814883255],[692663.0088425863,6092751.600858916],[692668.938345665,6092770.320053377],[692670.4284802414,6092799.003588021],[692667.4097046239,6092835.113492107],[692655.0234966823,6092950.379236502],[692654.7930218971,6092987.0620722715]]]]},"properties":null,"id":"48367820"},{"type":"Feature","geometry":{"type":"MultiPolygon","coordinates":[[[[692628.445532767,6092682.062629992],[692634.4876768711,6092697.849293863],[692642.4494257852,6092711.027570505],[692654.7435491093,6092719.5831609145],[692650.3895165802,6092728.187575165],[692659.1435923731,6092738.111798392],[692669.69723538,6092761.578524187],[692674.5570039516,6092760.935136471],[692675.0594443991,6092754.468784394],[692695.8958094455,6092757.679109909],[692696.3692267567,6092769.836055096],[692688.1586385617,6092780.346123677],[692681.7019984191,6092776.930754276],[692676.605579412,6092781.13258113],[692680.3734190973,6092790.419197881],[692688.2162732442,6092783.042482358],[692693.3506485936,6092785.611720262],[692695.7209810216,6092805.160444589],[692686.2596263587,6092818.171586093],[692681.0894553998,6092818.923935053],[692672.4133811508,6092812.653760539],[692669.6553068126,6092825.633234935],[692675.0897421101,6092831.535501761],[692671.5058717333,6092861.546046983],[692675.7209702451,6092876.413629876],[692669.385575874,6092873.321227925],[692657.3152293774,6092890.592609007],[692665.0767449124,6092904.742565114],[692673.5772137837,6092907.788698481],[692685.377620758,6092907.862057902],[692676.8611234511,6092879.086851351],[692688.8442720874,6092878.077262014],[692686.957641198,6092860.462324567],[692689.0916227765,6092849.328685526],[692694.2220530966,6092861.70235523],[692695.3808068861,6092885.583818432],[692690.5651620029,6092887.937844375],[692695.0253514205,6092909.274398224],[692691.0083338858,6092913.6671026265],[692695.0986032488,6092923.0491463635],[692699.5102090957,6092921.773489771],[692707.3352435826,6092921.7643588055],[692702.6180953236,6092904.107606027],[692705.1818226922,6092888.816069139],[692705.5523537534,6092870.8273124825],[692709.4254387062,6092854.707808005],[692709.5389714342,6092834.687397232],[692716.0181531359,6092818.819143577],[692714.4252051768,6092794.965563668],[692713.165838333,6092776.369805579],[692708.265559597,6092759.777402981],[692708.0733465734,6092745.791246254],[692700.3018681564,6092731.529916335],[692706.3158500587,6092719.234288597],[692699.8256473244,6092709.252412492],[692699.3196104016,6092685.58023951],[692703.6362907949,6092649.544880882],[692711.1715577894,6092647.765236365],[692715.8051824621,6092636.903714229],[692725.2844590754,6092630.450079067],[692723.8237894672,6092622.416438488],[692738.9177233123,6092610.680110005],[692747.5344879704,6092613.825994978],[692755.1992226589,6092603.122882854],[692762.8059067659,6092600.048680667],[692757.3498021056,6092592.416752802],[692739.7182742171,6092582.133627239],[692733.6592849749,6092587.32349056],[692720.3021387839,6092599.673823555],[692701.4021997834,6092615.677403185],[692695.0901882139,6092634.007126203],[692689.1679358836,6092630.254772941],[692688.2522510677,6092622.739695147],[692687.5255654487,6092609.081231338],[692670.6607919122,6092588.995839558],[692660.9441587073,6092594.691724126],[692657.0571330197,6092620.50423694],[692650.8794039803,6092618.357270608],[692634.647775272,6092655.019304778],[692628.445532767,6092682.062629992]]]]},"properties":null,"id":"41270292"},{"type":"Feature","geometry":{"type":"MultiPolygon","coordinates":[[[[692913.6292226654,6093114.620759798],[692916.6727252208,6093125.327405443],[692922.7469203174,6093127.606658588],[692935.6245832423,6093136.661039894],[692940.1177874036,6093139.55084197],[692948.2088176839,6093147.684416272],[692957.2491222927,6093151.704766247],[692967.7706457784,6093153.302778075],[692968.5990189791,6093156.726806365],[692988.5597340288,6093164.587683845],[692996.9421300481,6093169.226712415],[693010.0825207785,6093174.870820496],[693014.2728921691,6093178.57634978],[693037.8891363525,6093182.256658707],[693039.6388038464,6093175.986820541],[693066.6662620894,6093175.835985433],[693073.1179775787,6093169.0282509085],[693082.8518947233,6093169.46163654],[693086.8054774796,6093182.4091475],[693096.7007568608,6093180.048446137],[693097.8078183194,6093186.15479154],[693105.9415697387,6093181.673730116],[693106.6994544528,6093187.14571163],[693125.3189314579,6093177.60296659],[693139.4992081152,6093188.703530704],[693152.3466253807,6093187.786460231],[693169.4219465312,6093186.98343287],[693192.6613372433,6093186.597112938],[693185.6580875654,6093172.645248063],[693169.5371542186,6093177.409142409],[693171.6315120248,6093169.076131673],[693163.6501198653,6093165.358874176],[693154.2651499878,6093176.229406534],[693159.63993843,6093159.742627373],[693153.5730047796,6093159.230764549],[693145.3962136628,6093165.9731946895],[693146.9503840317,6093177.995370621],[693139.097293539,6093174.92648724],[693137.4933126108,6093165.91924523],[693132.0706596513,6093164.863348508],[693124.713044992,6093169.969652183],[693117.4433283824,6093168.497510825],[693116.6963356044,6093163.890387915],[693121.0228988552,6093154.011946309],[693098.3898226804,6093134.627529713],[693085.5607433658,6093134.260451369],[693067.8015256388,6093138.026723409],[693054.6890602107,6093146.865402268],[693049.6285543235,6093153.103815769],[693050.2191680872,6093165.369881541],[693040.1815300218,6093166.068512723],[693035.3731200546,6093163.064579753],[693041.664715538,6093157.683511071],[693034.5536626052,6093152.933584313],[693030.0207823841,6093147.123831565],[693039.8295401889,6093136.449006695],[693040.5709193737,6093128.684521245],[693029.3833556958,6093123.407939948],[693013.7689881948,6093117.630787406],[693008.9663052176,6093114.180221222],[693002.9735237352,6093113.210871698],[692994.5617107193,6093110.758463332],[692990.2929362208,6093114.077654246],[692999.2830447084,6093121.81055467],[692989.024750496,6093129.657830842],[692980.501431955,6093123.421860961],[692976.3434884474,6093113.390229745],[692980.3351920086,6093103.184156706],[692969.2128057019,6093093.82250971],[692962.0680694119,6093091.770846512],[692955.2148652528,6093093.005863908],[692952.5739909294,6093093.629809551],[692944.4924771381,6093090.928434152],[692933.4456737284,6093090.085804822],[692926.5212250786,6093100.466237653],[692923.2534738325,6093114.210173501],[692913.6292226654,6093114.620759798]]]]},"properties":null,"id":"42157628"},{"type":"Feature","geometry":{"type":"MultiPolygon","coordinates":[[[[692957.6767981108,6093080.81399741],[692958.102017951,6093082.507171648],[692959.0563124324,6093083.97507502],[692960.4223428471,6093085.080688028],[692962.0751466557,6093085.687154332],[692963.8305633735,6093085.742603125],[692965.5128520082,6093085.232191713],[692966.9554872459,6093084.215296688],[692967.6469686718,6093083.381915924],[692968.1683428385,6093082.440551452],[692968.4810938081,6093081.373423597],[692968.5876097487,6093080.292105868],[692968.4654179782,6093079.215683391],[692968.1305617937,6093078.18102097],[692967.512836921,6093077.115204826],[692966.6697877296,6093076.212346298],[692965.3861627968,6093075.393334044],[692963.9431774493,6093074.968418606],[692962.4172663887,6093074.945265988],[692960.9538745378,6093075.348669315],[692959.6587369017,6093076.1298553],[692958.4971183938,6093077.447702292],[692957.8147289604,6093079.062259937],[692957.6767981108,6093080.81399741]]]]},"properties":null,"id":"51440238"},{"type":"Feature","geometry":{"type":"MultiPolygon","coordinates":[[[[693025.6411687788,6093111.423297137],[693039.654819722,6093107.272202371],[693037.5517912988,6093105.5870492505],[693036.0584766472,6093104.949275192],[693034.4571784505,6093104.611478688],[693031.9584251052,6093104.748697866],[693029.6204460365,6093105.62663842],[693027.670953798,6093107.193914771],[693026.3401091234,6093109.157235704],[693025.6411687788,6093111.423297137]]]]},"properties":null,"id":"51440239"},{"type":"Feature","geometry":{"type":"MultiPolygon","coordinates":[[[[691915.7587911583,6093351.928102878],[691916.0746928863,6093363.186072996],[691919.5272806797,6093371.307624875],[691923.9581044918,6093378.8037244845],[691931.6880074848,6093373.234733006],[692216.3551556095,6093171.568126438],[692304.2725104546,6093128.643554527],[692345.7145056366,6093076.998438282],[692357.3227061883,6092961.889536105],[692363.8644118842,6092946.773712719],[692506.1835596898,6092930.015317227],[692488.9622701337,6092863.948000969],[692491.8176859255,6092839.441315258],[692505.7708839681,6092812.8279385315],[692520.5133808422,6092798.178686046],[692540.3325128425,6092787.327828962],[692554.2628682598,6092777.151532136],[692571.3864147157,6092760.0793093],[692584.8394906945,6092743.987762364],[692592.3385641822,6092726.944364095],[692595.4541065968,6092709.631834323],[692593.2641528095,6092688.163023741],[692580.2820959417,6092669.892127954],[692554.8804456638,6092643.60771508],[692549.886630444,6092637.258779025],[692543.6141268411,6092632.8161634775],[692538.4727022279,6092630.981858959],[692501.3838850922,6092623.467270631],[692479.9445419419,6092620.9298391715],[692463.4577795613,6092623.170177883],[692455.5565460665,6092624.241171684],[692453.7483428625,6092623.851884164],[692425.536769496,6092666.341163406],[692394.9089513253,6092698.547362297],[692324.0914401871,6092739.852562124],[692281.6455240839,6092772.961602586],[692238.2517481857,6092820.648275231],[692205.9384204822,6092912.292285124],[692203.857336683,6092993.189657431],[692193.9046593576,6093091.9565322455],[692151.773468009,6093169.279785655],[692096.3295820922,6093217.845622724],[692022.8551164574,6093269.306643415],[691986.5662456319,6093292.646053226],[691949.5431513963,6093313.749856433],[691923.9129723668,6093334.043569075],[691918.7520881314,6093341.6973277945],[691915.7587911583,6093351.928102878]]]]},"properties":null,"id":"688783"},{"type":"Feature","geometry":{"type":"MultiPolygon","coordinates":[[[[692524.9955428061,6093282.364828285],[692527.0821065404,6093282.924904106],[692528.9738672101,6093282.577541441],[692531.5666536862,6093281.1268724445],[692532.7578258899,6093282.617665027],[692534.7355145605,6093283.793997297],[692536.9402868467,6093284.1748082675],[692539.5667480839,6093284.658237805],[692544.191508776,6093286.568711282],[692548.0793490249,6093288.615846371],[692548.4283484918,6093293.529161567],[692552.3785246885,6093293.137834597],[692552.2383849343,6093289.075844774],[692554.1952280784,6093289.27590611],[692555.7936769046,6093289.8370979205],[692558.9418967132,6093291.537245612],[692562.8945057624,6093293.7597297765],[692565.2029666783,6093296.138253992],[692568.5418802424,6093301.052825003],[692569.9407583748,6093300.483430378],[692568.4018543471,6093297.353611391],[692565.0824028323,6093293.350222755],[692560.7338683517,6093289.731590319],[692559.0990022689,6093287.822384173],[692555.4890124104,6093281.285745974],[692554.5469590225,6093280.031488345],[692553.1883018289,6093279.26983289],[692546.7259173333,6093282.384490775],[692539.4969060825,6093266.744040132],[692538.4108033285,6093267.316053007],[692536.1140018196,6093271.197532682],[692527.7112206328,6093277.739547998],[692524.9955428061,6093282.364828285]]]]},"properties":null,"id":"37957612"},{"type":"Feature","geometry":{"type":"MultiPolygon","coordinates":[[[[692517.8715573983,6093256.63873248],[692518.2332464367,6093263.933093647],[692529.5147384586,6093264.687511908],[692533.9623104637,6093264.01581227],[692538.0413919415,6093258.5893455595],[692537.7418002309,6093257.060910115],[692536.3904532653,6093255.927015533],[692533.5693575869,6093255.615178263],[692517.8715573983,6093256.63873248]]]]},"properties":null,"id":"37957609"},{"type":"Feature","geometry":{"type":"MultiPolygon","coordinates":[[[[692456.8738167204,6092977.094520157],[692465.324600723,6093013.182679977],[692482.4728699555,6093009.384126002],[692474.6195475962,6092973.776229122],[692456.8738167204,6092977.094520157]]]]},"properties":null,"id":"11149246"},{"type":"Feature","geometry":{"type":"MultiPolygon","coordinates":[[[[692506.0287938259,6093164.9411515705],[692513.1349042652,6093164.4731498435],[692513.0892827655,6093171.980853477],[692515.735563061,6093171.608078893],[692515.6787341173,6093153.944757445],[692513.9379634731,6093152.075014366],[692507.2424274532,6093152.1249618195],[692506.0287938259,6093164.9411515705]]]]},"properties":null,"id":"37957611"},{"type":"Feature","geometry":{"type":"MultiPolygon","coordinates":[[[[692479.045125288,6093249.663308594],[692485.5598026741,6093256.500739768],[692489.4777626521,6093255.672932441],[692490.9313183279,6093253.734986122],[692491.0021208702,6093252.049809528],[692489.3219369722,6093248.37417643],[692493.7421886986,6093246.065924589],[692497.2347235151,6093245.675089208],[692502.738410091,6093244.8134194845],[692509.1105236101,6093244.2587744715],[692509.4782432468,6093249.692603348],[692510.48707494,6093250.1454657605],[692524.9261563767,6093249.111593859],[692526.3182780552,6093248.226081237],[692526.6332279388,6093242.973017214],[692531.5049781527,6093242.87828747],[692537.6620001132,6093243.3235313585],[692543.2179042567,6093244.907152794],[692550.6366270873,6093249.074157693],[692557.3704638628,6093255.813839864],[692558.18035798,6093254.094273002],[692553.6268334565,6093249.447492031],[692549.3709151631,6093244.450178506],[692549.0762375892,6093240.651945377],[692546.922891646,6093239.107287181],[692543.9587789758,6093239.598481477],[692541.2161923074,6093240.81980357],[692533.5748521597,6093240.871360316],[692530.170110949,6093240.730120108],[692527.7349263364,6093236.3450581515],[692525.2441956734,6093233.644847213],[692523.6027156438,6093231.7822869215],[692521.8290513755,6093228.015635088],[692514.5454021088,6093225.529389506],[692509.0912046268,6093224.064506068],[692505.6647130374,6093222.547022823],[692504.4724002628,6093221.716694933],[692506.930697636,6093207.1809640955],[692510.4702352196,6093193.989541486],[692511.5571658148,6093185.241039277],[692512.4098647083,6093175.167349439],[692508.0467525176,6093175.148888468],[692507.6105315312,6093184.3672012165],[692506.819968285,6093191.993132495],[692501.2385049262,6093209.572193677],[692495.822204045,6093224.171077713],[692488.8444622797,6093236.012688435],[692482.4819648749,6093246.306324968],[692479.045125288,6093249.663308594]]]]},"properties":null,"id":"37957613"},{"type":"Feature","geometry":{"type":"MultiPolygon","coordinates":[[[[692415.6600226777,6093356.733613513],[692417.546154482,6093370.060350185],[692420.1423165381,6093388.422925083],[692438.2827694,6093385.6916651195],[692432.5963363993,6093349.404958457],[692417.5622998127,6093351.87457617],[692415.6600226777,6093356.733613513]]]]},"properties":null,"id":"8004557"},{"type":"Feature","geometry":{"type":"MultiPolygon","coordinates":[[[[692518.0230372776,6093267.30491271],[692518.2910974008,6093273.429218746],[692518.7166760912,6093275.857260192],[692519.4447826188,6093277.450962227],[692521.5389685564,6093278.010876482],[692522.8624022298,6093277.480308127],[692524.0033423657,6093276.618763747],[692525.4481990783,6093274.9879640415],[692532.9169940385,6093269.712365975],[692534.056939516,6093268.804331336],[692534.3983374569,6093267.290113876],[692534.2909687201,6093266.548245154],[692518.0230372776,6093267.30491271]]]]},"properties":null,"id":"37957610"},{"type":"Feature","geometry":{"type":"MultiPolygon","coordinates":[[[[692550.1690000666,6093662.568112612],[692551.934484904,6093735.960508857],[692588.4671300993,6093735.078027034],[692586.6937234085,6093661.685788037],[692550.1690000666,6093662.568112612]]]]},"properties":null,"id":"4140915"},{"type":"Feature","geometry":{"type":"MultiPolygon","coordinates":[[[[692381.0182596289,6093703.209746856],[692382.0442434695,6093736.284381634],[692383.223744933,6093765.1140271295],[692385.0243794946,6093785.874887146],[692393.1698217336,6093803.709781835],[692397.1417737686,6093810.40619854],[692405.2464405177,6093817.033042006],[692421.1287647267,6093825.3264172785],[692439.7276846978,6093830.454925286],[692452.3099816553,6093832.084019283],[692466.5127091537,6093829.939105024],[692482.973585719,6093823.522857262],[692492.5284875578,6093814.826171101],[692509.9387292091,6093789.283278717],[692518.4786872659,6093771.278311472],[692521.4133608063,6093760.825312366],[692520.1181557605,6093737.672353481],[692518.4909954459,6093693.969035974],[692514.9349874571,6093668.529537531],[692508.5968221704,6093664.971953416],[692474.7834699199,6093663.163618401],[692455.308075411,6093659.839894],[692443.9533521278,6093659.6078276895],[692422.0825076075,6093665.199966943],[692399.7397337867,6093675.843807073],[692391.7038637775,6093681.373216152],[692384.0913200172,6093691.014373023],[692381.0182596289,6093703.209746856]]]]},"properties":null,"id":"3385028"},{"type":"Feature","geometry":{"type":"MultiPolygon","coordinates":[[[[692554.9742136451,6093728.2865537815],[692566.4755608571,6093728.236294702],[692566.3899677515,6093704.583100112],[692554.8884521384,6093704.624062591],[692554.9742136451,6093728.2865537815]]]]},"properties":null,"id":"37329208"},{"type":"Feature","geometry":{"type":"MultiPolygon","coordinates":[[[[692100.3345273879,6093757.759249608],[692102.0872007462,6093760.903190628],[692105.1858588504,6093759.200030081],[692103.440610708,6093756.04662944],[692100.3345273879,6093757.759249608]]]]},"properties":null,"id":"50275191"},{"type":"Feature","geometry":{"type":"MultiPolygon","coordinates":[[[[692091.082114987,6093762.765473014],[692095.9176181711,6093767.759953058],[692098.5946642471,6093763.451919167],[692095.3006306819,6093760.63847566],[692091.082114987,6093762.765473014]]]]},"properties":null,"id":"50275192"},{"type":"Feature","geometry":{"type":"MultiPolygon","coordinates":[[[[692107.5146948027,6093761.103834106],[692108.785656688,6093762.760416876],[692117.8075492131,6093756.959115267],[692128.1131694526,6093753.055963689],[692133.2541016971,6093751.979022965],[692140.1463069869,6093751.115918001],[692146.3305672999,6093751.393432981],[692153.9328207435,6093751.994203496],[692146.1172763257,6093749.974773913],[692137.6555824936,6093749.848106477],[692127.2071726756,6093751.3450976405],[692115.0063193835,6093756.1537100915],[692107.5146948027,6093761.103834106]]]]},"properties":null,"id":"50275197"},{"type":"Feature","geometry":{"type":"MultiPolygon","coordinates":[[[[692112.975595688,6093750.699501005],[692114.5569760948,6093753.679653406],[692117.6798885168,6093752.041085407],[692116.0983091989,6093749.0516357515],[692112.975595688,6093750.699501005]]]]},"properties":null,"id":"50275189"},{"type":"Feature","geometry":{"type":"MultiPolygon","coordinates":[[[[692119.386375253,6093747.288622676],[692121.0905357245,6093750.303366147],[692125.7917413195,6093748.993946495],[692122.948212654,6093745.129092131],[692119.386375253,6093747.288622676]]]]},"properties":null,"id":"50275190"},{"type":"Feature","geometry":{"type":"MultiPolygon","coordinates":[[[[692106.1237031935,6093754.529059017],[692107.8858821355,6093757.403038995],[692110.8375006542,6093755.600687025],[692109.075519122,6093752.736005357],[692106.1237031935,6093754.529059017]]]]},"properties":null,"id":"50275203"},{"type":"Feature","geometry":{"type":"MultiPolygon","coordinates":[[[[692083.7440422953,6093766.689087147],[692090.6576716441,6093773.276452372],[692092.7035099685,6093771.205040116],[692091.0667894136,6093769.56554853],[692086.802704302,6093765.256542702],[692083.7440422953,6093766.689087147]]]]},"properties":null,"id":"50275194"},{"type":"Feature","geometry":{"type":"MultiPolygon","coordinates":[[[[692077.9511880025,6093770.105380306],[692085.8373409568,6093777.230152898],[692084.5064854078,6093778.8491404345],[692085.5700068476,6093779.719476547],[692089.10482712,6093775.216436819],[692081.7811767043,6093768.358744729],[692077.9511880025,6093770.105380306]]]]},"properties":null,"id":"50275196"},{"type":"Feature","geometry":{"type":"MultiPolygon","coordinates":[[[[692328.4349436357,6093654.268067125],[692329.4309760514,6093685.231782892],[692337.4763620426,6093685.153200782],[692341.2510742759,6093685.109894499],[692345.3997630952,6093685.077213509],[692344.7783484783,6093663.45401575],[692343.8166976352,6093659.493272133],[692341.866433954,6093656.744272066],[692338.2300885706,6093654.69167795],[692334.560230673,6093654.286251283],[692328.4349436357,6093654.268067125]]]]},"properties":null,"id":"23260293"},{"type":"Feature","geometry":{"type":"MultiPolygon","coordinates":[[[[692555.4293290604,6093691.375747126],[692566.9153810993,6093691.325811086],[692566.8297788922,6093667.672615206],[692555.3283102642,6093667.713580251],[692555.4293290604,6093691.375747126]]]]},"properties":null,"id":"37329207"},{"type":"Feature","geometry":{"type":"MultiPolygon","coordinates":[[[[692805.0690766776,6093754.011461185],[692855.1351709996,6093753.573395361],[692870.944346925,6093706.362326888],[692876.9346027513,6093694.002025181],[692907.8579529859,6093648.058220649],[692912.6408741008,6093640.235205727],[692913.1083693341,6093631.4254758945],[692825.7788616938,6093519.343458934],[692820.8605262546,6093522.974107125],[692827.7108954634,6093533.004038926],[692825.8871913534,6093564.000207986],[692849.984592186,6093579.437850559],[692849.1928510827,6093606.970202759],[692872.6809481403,6093619.946483115],[692869.4070216012,6093667.652233415],[692879.9789569877,6093681.5652005505],[692868.3854034849,6093690.854755224],[692867.5047597566,6093700.677935177],[692857.8831367118,6093716.576251308],[692847.8625395902,6093725.590280837],[692837.7972471119,6093733.228552915],[692824.3802447494,6093739.292024246],[692809.2147525186,6093740.992999899],[692805.0690766776,6093754.011461185]]]]},"properties":null,"id":"27610156"},{"type":"Feature","geometry":{"type":"MultiPolygon","coordinates":[[[[692930.5688112048,6093441.467013023],[692930.9858023378,6093450.974080047],[692931.8131559608,6093460.053774461],[692936.4587642867,6093468.633176075],[692953.7185178458,6093490.681766471],[692965.1750030558,6093499.95258842],[692987.8183231491,6093505.179435386],[693003.4784834402,6093502.732681835],[693004.6371091974,6093496.996425016],[692995.4442924333,6093472.682300843],[692986.15032932,6093456.8258942235],[692973.8818716843,6093439.907592781],[692958.0670561136,6093425.85578454],[692946.4347387893,6093418.700285561],[692941.3195077379,6093417.7586144935],[692938.1506342891,6093418.663607085],[692936.0870393032,6093421.675115804],[692933.107031208,6093431.050226275],[692930.5688112048,6093441.467013023]]]]},"properties":null,"id":"36994893"},{"type":"Feature","geometry":{"type":"MultiPolygon","coordinates":[[[[692691.2969249106,6093506.730479264],[692694.6081388267,6093511.41305265],[692732.4941463646,6093482.892586002],[692729.5296124824,6093480.156041568],[692722.8815375934,6093485.293328303],[692722.3636527112,6093484.616047395],[692701.0994288581,6093501.079307115],[692700.0171225583,6093499.688529342],[692693.8943473538,6093504.4238812085],[692691.2969249106,6093506.730479264]]]]},"properties":null,"id":"23260282"},{"type":"Feature","geometry":{"type":"MultiPolygon","coordinates":[[[[692841.6746927688,6093417.713639723],[692850.4928396926,6093427.3851971775],[692861.9764502512,6093435.436991867],[692874.4706788431,6093444.378754956],[692882.922996567,6093447.286225072],[692891.7557170845,6093449.078606999],[692911.6710674809,6093449.089735482],[692919.0914448188,6093449.396075359],[692921.3891465673,6093447.700452395],[692922.8138086346,6093445.4839902],[692928.2454016788,6093424.49398933],[692930.9308247275,6093418.818094946],[692929.9548117085,6093415.26699455],[692927.4745169315,6093412.706191789],[692915.1268799654,6093409.547234699],[692898.9295344398,6093406.842704074],[692879.9870842341,6093407.024688338],[692868.772116895,6093408.678499753],[692856.2850192596,6093412.192008375],[692841.6746927688,6093417.713639723]]]]},"properties":null,"id":"36994929"},{"type":"Feature","geometry":{"type":"MultiPolygon","coordinates":[[[[693014.3570290051,6093500.323142953],[693014.4338211829,6093501.772618491],[693014.7084379841,6093503.199255293],[693015.1574105718,6093504.575649575],[693015.7959869177,6093505.901474919],[693016.5846541286,6093507.112462781],[693017.5388591725,6093508.217584506],[693018.6198852159,6093509.189762697],[693019.8273341934,6093510.010401733],[693021.1228872696,6093510.671019793],[693022.4987214117,6093511.162482259],[693023.9237436097,6093511.457548555],[693025.3831039517,6093511.575140644],[693026.8384835263,6093511.506776759],[693028.4034454261,6093511.212817604],[693029.9178864432,6093510.696690554],[693031.3438857354,6093509.96850948],[693032.651544542,6093509.056820636],[693033.8179909469,6093507.962113712],[693034.8133262572,6093506.712934986],[693035.6228997315,6093505.337504312],[693036.2168127653,6093503.864367967],[693036.6030874889,6093502.311958354],[693036.7600464635,6093500.736551879],[693036.6876898039,6093499.138148561],[693036.3950349397,6093497.581669692],[693035.8744580367,6093496.067278473],[693035.1500253435,6093494.650271943],[693034.2297589792,6093493.349082416],[693033.1295040274,6093492.191276767],[693031.8727294762,6093491.204258656],[693030.4903291631,6093490.405970733],[693029.0129978423,6093489.805057889],[693027.4563814036,6093489.419789223],[693025.8589975201,6093489.267944228],[693024.2587667257,6093489.33940905],[693022.6938085889,6093489.63336765],[693021.3079826456,6093490.100230222],[693019.9943546472,6093490.732983906],[693018.783619334,6093491.540273711],[693017.6751795606,6093492.494206314],[693016.7069559633,6093493.584667958],[693015.8935993384,6093494.78343893],[693015.2425346278,6093496.081058288],[693014.7607887245,6093497.449469507],[693014.4634105602,6093498.87904843],[693014.3570290051,6093500.323142953]]]]},"properties":null,"id":"44446275"},{"type":"Feature","geometry":{"type":"MultiPolygon","coordinates":[[[[692941.6331014809,6093646.647248444],[692947.1392411278,6093652.305999359],[692962.3701246035,6093640.836237848],[692968.8769640173,6093647.989794737],[692977.835433418,6093639.965759689],[692978.968319577,6093641.578674238],[692990.681844894,6093633.625892153],[692997.639390793,6093635.821095918],[693003.6322452928,6093631.432491196],[693010.4728598894,6093634.578996543],[693022.8031922192,6093623.72933357],[693019.128535238,6093619.5383539405],[693003.4113450368,6093621.111949915],[692988.9469575864,6093623.486587239],[692978.5103256512,6093626.593582892],[692967.5514175267,6093630.958216341],[692958.512632049,6093634.8724576775],[692956.6465530716,6093638.205312118],[692953.545772173,6093641.583190741],[692950.5479382923,6093643.712391821],[692945.4306626285,6093643.393995694],[692941.6331014809,6093646.647248444]]]]},"properties":null,"id":"27608731"},{"type":"Feature","geometry":{"type":"MultiPolygon","coordinates":[[[[692801.185999943,6093766.112706181],[692854.2918840429,6093765.144554889],[692854.6489944917,6093757.946446347],[692801.7251972092,6093759.580455434],[692801.185999943,6093766.112706181]]]]},"properties":null,"id":"27610160"},{"type":"Feature","geometry":{"type":"MultiPolygon","coordinates":[[[[692685.0592924147,6093637.445594206],[692743.9038014392,6093638.783244903],[692749.3067991994,6093638.909606502],[692748.8314235413,6093632.371140554],[692748.6017573588,6093629.120340148],[692745.6954118503,6093620.187404125],[692741.335972426,6093612.857570026],[692733.3609986696,6093603.3818294145],[692723.1607341127,6093591.4979093075],[692709.0722310052,6093573.985634166],[692704.9055853288,6093568.893453122],[692699.7841787145,6093562.66822324],[692694.5807259295,6093565.095627572],[692690.8320395502,6093568.4965595845],[692688.315383445,6093572.085108751],[692687.4615795633,6093577.461320071],[692685.0592924147,6093637.445594206]]]]},"properties":null,"id":"27925358"},{"type":"Feature","geometry":{"type":"MultiPolygon","coordinates":[[[[692695.411279218,6093750.662553621],[692695.677753497,6093752.424243592],[692696.5425620176,6093753.987107316],[692697.8871703903,6093755.15833516],[692699.5563139936,6093755.811016491],[692701.3421536493,6093755.856572322],[692703.0384395375,6093755.280806016],[692704.3365550055,6093754.276353164],[692705.2533378201,6093752.91727029],[692705.6926545093,6093751.345142234],[692705.6119395013,6093749.709711074],[692705.0225923988,6093748.187471639],[692703.9809628407,6093746.916750006],[692702.5895425632,6093746.053490199],[692700.9869568945,6093745.65984384],[692699.3497530366,6093745.787850242],[692697.8378390339,6093746.424790243],[692696.5946825888,6093747.5024839565],[692695.7629568547,6093748.915560469],[692695.411279218,6093750.662553621]]]]},"properties":null,"id":"36890646"},{"type":"Feature","geometry":{"type":"MultiPolygon","coordinates":[[[[692573.2097263116,6093727.832029179],[692584.7034502055,6093727.781909654],[692584.6176106789,6093704.119415412],[692573.1162928133,6093704.169698929],[692573.2097263116,6093727.832029179]]]]},"properties":null,"id":"37329211"},{"type":"Feature","geometry":{"type":"MultiPolygon","coordinates":[[[[692572.6479451861,6093691.882436955],[692584.1494459325,6093691.841451144],[692584.063600112,6093668.178955745],[692572.5621295145,6093668.219942732],[692572.6479451861,6093691.882436955]]]]},"properties":null,"id":"37329209"},{"type":"Feature","geometry":{"type":"MultiPolygon","coordinates":[[[[692665.3348559624,6093754.914387575],[692679.6547711988,6093755.761874058],[692678.1923335153,6093747.291074697],[692665.376388195,6093751.1461820025],[692665.3348559624,6093754.914387575]]]]},"properties":null,"id":"36890647"},{"type":"Feature","geometry":{"type":"MultiPolygon","coordinates":[[[[692676.1650764269,6093751.297051883],[692676.4408353129,6093752.779483166],[692677.1708645988,6093754.103375787],[692678.2833684653,6093755.121431365],[692679.6547711988,6093755.761874058],[692681.1612982673,6093755.943630269],[692682.6344234569,6093755.633092815],[692683.9533521534,6093754.888654916],[692684.9667932421,6093753.769361503],[692685.6133561623,6093752.257920422],[692685.7005747055,6093750.628202965],[692685.2400467738,6093749.066001777],[692684.2658453207,6093747.738025127],[692682.9039302213,6093746.827621831],[692681.3087709731,6093746.4245113265],[692679.6721629305,6093746.58040747],[692678.1923335153,6093747.291074697],[692677.0272042016,6093748.45081654],[692676.3696387856,6093749.804357674],[692676.1650764269,6093751.297051883]]]]},"properties":null,"id":"36890648"},{"type":"Feature","geometry":{"type":"MultiPolygon","coordinates":[[[[692758.9230574996,6093755.137523113],[692796.410084231,6093755.005871768],[692802.1275025718,6093739.153899463],[692767.088999954,6093735.717070861],[692766.7311847605,6093727.185458801],[692759.1864048,6093727.849049687],[692758.9230574996,6093755.137523113]]]]},"properties":null,"id":"27610157"},{"type":"Feature","geometry":{"type":"MultiPolygon","coordinates":[[[[692758.8277539838,6093766.022931112],[692795.6331650725,6093765.403546412],[692795.8255022132,6093758.701973564],[692759.0122955341,6093759.312225415],[692758.8277539838,6093766.022931112]]]]},"properties":null,"id":"27610158"},{"type":"Feature","geometry":{"type":"MultiPolygon","coordinates":[[[[692910.396759823,6093742.131222796],[692912.2943225659,6093748.825302983],[692919.7123362463,6093766.480007505],[692927.3716895442,6093760.474463222],[692918.9195233767,6093752.953202913],[692910.396759823,6093742.131222796]]]]},"properties":null,"id":"27610154"},{"type":"Feature","geometry":{"type":"MultiPolygon","coordinates":[[[[692885.8619856167,6093745.139700092],[692904.9828905675,6093747.205024259],[692900.2018764096,6093730.517124256],[692896.7542402969,6093724.814310246],[692888.9352641534,6093720.860764024],[692887.1751443356,6093729.149319151],[692885.8619856167,6093745.139700092]]]]},"properties":null,"id":"27610155"},{"type":"Feature","geometry":{"type":"MultiPolygon","coordinates":[[[[692957.3876603324,6093411.573081184],[692968.722647375,6093418.734929444],[692975.8141972431,6093425.773637811],[692995.5124946928,6093447.360670365],[693010.9962663068,6093470.17273169],[693151.5611838031,6093534.584022505],[693156.335278362,6093535.263128051],[693162.1091881187,6093534.190630484],[693164.3663610945,6093532.384187955],[693197.7537643752,6093457.717514604],[693195.0431956282,6093438.362193658],[693119.946366939,6093403.581303093],[693080.170364554,6093386.517400669],[693052.3219927441,6093372.937380246],[693038.3715931327,6093364.743291298],[693033.0022245117,6093361.193238208],[693024.5201519344,6093354.044812337],[693011.751065941,6093343.66732011],[693013.5893737099,6093357.925217435],[693013.2092767605,6093367.960963176],[693011.358321218,6093374.846894142],[693006.2403816441,6093386.249137214],[692996.413271149,6093397.863800928],[692988.5524712487,6093402.6365694655],[692976.8188758212,6093407.854998891],[692969.317798534,6093409.122481294],[692957.3876603324,6093411.573081184]]]]},"properties":null,"id":"10126649"},{"type":"Feature","geometry":{"type":"MultiPolygon","coordinates":[[[[693239.3835749927,6093425.300738875],[693241.8279207984,6093431.5179431625],[693327.7001289725,6093470.4295054795],[693333.4847939678,6093457.766285969],[693243.2228198117,6093416.883808328],[693239.3835749927,6093425.300738875]]]]},"properties":null,"id":"36994890"},{"type":"Feature","geometry":{"type":"MultiPolygon","coordinates":[[[[693359.2716959164,6093478.329033585],[693479.9910044142,6093530.56591564],[693483.9811440031,6093530.610525692],[693505.5739618742,6093505.701299265],[693516.7673490975,6093493.442789367],[693528.4854903801,6093476.494053548],[693536.0223191229,6093459.123434005],[693536.1679594024,6093429.307133494],[693536.9815343062,6093407.866973508],[693527.0599810969,6093347.17919353],[693451.9344593697,6093354.112160433],[693430.0574579517,6093359.362785223],[693398.3805604591,6093385.297430141],[693377.610557195,6093430.076588765],[693359.2716959164,6093478.329033585]]]]},"properties":null,"id":"48367781"},{"type":"Feature","geometry":{"type":"MultiPolygon","coordinates":[[[[693226.9755707318,6093467.025943166],[693262.3200865231,6093482.993557343],[693264.8405892843,6093477.46061772],[693229.496089208,6093461.493014024],[693226.9755707318,6093467.025943166]]]]},"properties":null,"id":"36994886"},{"type":"Feature","geometry":{"type":"MultiPolygon","coordinates":[[[[693273.2982005421,6093488.079030527],[693306.400197679,6093502.968999693],[693308.7675544396,6093497.764902162],[693275.6581465283,6093482.88440343],[693273.2982005421,6093488.079030527]]]]},"properties":null,"id":"36994887"},{"type":"Feature","geometry":{"type":"MultiPolygon","coordinates":[[[[693276.7949643146,6093481.120549409],[693309.6975247278,6093495.958967958],[693311.8396978386,6093491.280612742],[693278.9217026081,6093476.43323154],[693276.7949643146,6093481.120549409]]]]},"properties":null,"id":"36994888"},{"type":"Feature","geometry":{"type":"MultiPolygon","coordinates":[[[[693248.1385358508,6093468.302583013],[693264.9535578777,6093475.969866101],[693267.2057224084,6093471.084519528],[693250.3907069381,6093463.41724089],[693248.1385358508,6093468.302583013]]]]},"properties":null,"id":"36994889"},{"type":"Feature","geometry":{"type":"MultiPolygon","coordinates":[[[[693229.991601709,6093460.412657967],[693246.4759733505,6093467.956830616],[693248.8670215673,6093462.7894506045],[693232.367408875,6093455.2456093505],[693229.991601709,6093460.412657967]]]]},"properties":null,"id":"36994892"},{"type":"Feature","geometry":{"type":"MultiPolygon","coordinates":[[[[693029.2915731225,6093618.260367798],[693033.1177378739,6093623.471325327],[693043.0252652252,6093636.97974648],[693054.8969656539,6093653.162304569],[693076.7266581955,6093638.537197899],[693119.9136579996,6093696.578080765],[693123.1938997193,6093702.293705313],[693123.8055592121,6093707.70370147],[693143.7943773086,6093715.033496729],[693159.3679021976,6093728.4669551775],[693163.6136506014,6093731.538706382],[693184.298515701,6093754.62048981],[693192.3397170018,6093751.136687478],[693191.5212218823,6093745.331136388],[693144.3380419041,6093685.2180752205],[693129.8491946422,6093663.305799507],[693113.5436877799,6093646.315987132],[693080.1512733416,6093629.980400395],[693029.2915731225,6093618.260367798]]]]},"properties":null,"id":"23341407"},{"type":"Feature","geometry":{"type":"MultiPolygon","coordinates":[[[[693424.7467614266,6093704.5278401915],[693440.3186233968,6093724.974638188],[693442.8629209839,6093723.0410399],[693429.1680704801,6093705.112052947],[693427.2768048669,6093702.641062181],[693424.7467614266,6093704.5278401915]]]]},"properties":null,"id":"58391156"},{"type":"Feature","geometry":{"type":"MultiPolygon","coordinates":[[[[693450.8426044305,6093738.739192316],[693464.1439688406,6093756.099864822],[693466.6280755976,6093754.204759806],[693453.4476979258,6093736.794984885],[693450.8426044305,6093738.739192316]]]]},"properties":null,"id":"58391155"},{"type":"Feature","geometry":{"type":"MultiPolygon","coordinates":[[[[693475.5759444619,6093604.565649141],[693475.6346398285,6093606.945721212],[693475.7130153796,6093609.176537797],[693475.875455054,6093611.414852738],[693476.0234877953,6093613.337206213],[693476.2130754836,6093615.063324466],[693476.4580266308,6093616.881275576],[693476.7476815823,6093619.005235996],[693477.0604083228,6093621.138003446],[693477.441153283,6093623.24140523],[693477.8720317589,6093625.548376979],[693478.3045495166,6093627.576251268],[693478.7751877975,6093629.603307599],[693479.2354091858,6093631.5003583655],[693479.7517922656,6093633.5264331335],[693480.2475408812,6093635.301794579],[693480.6686879324,6093636.799694436],[693481.1457971807,6093638.417320494],[693481.7358282602,6093640.320887944],[693482.3920822928,6093642.111409513],[693483.0545641248,6093643.836682886],[693483.7732078354,6093645.6909802165],[693484.5536425314,6093647.581159955],[693485.3960677714,6093649.516519876],[693486.30870621,6093651.524789762],[693487.4500249756,6093653.8816315895],[693488.5319904025,6093655.960684592],[693489.6500816983,6093657.945941553],[693490.7130091764,6093659.848663402],[693491.8447534973,6093661.759210568],[693492.8625784315,6093663.337327342],[693494.251305856,6093665.493515994],[693495.5672271762,6093667.455923151],[693497.0464475389,6093669.563659245],[693498.3120364735,6093671.313198352],[693499.6618901361,6093673.079533258],[693501.0189693826,6093674.827108789],[693502.3511815935,6093676.482196995],[693503.9235327592,6093678.308871344],[693505.4160519628,6093679.969821202],[693507.180004907,6093681.838893819],[693508.7796620019,6093683.516148232],[693510.6728273227,6093685.363843255],[693512.5714227004,6093687.109098548],[693514.3921813116,6093688.7816072535],[693516.063293403,6093690.23407723],[693518.0271158833,6093691.81979639],[693519.9042801263,6093693.277145818],[693522.0364334226,6093694.887157919],[693523.8720861087,6093696.18726215],[693526.0255168672,6093697.722400131],[693528.3553011757,6093699.300263204],[693530.6201022811,6093700.693478819],[693533.0534332969,6093702.120285222],[693535.2153305879,6093703.338968809],[693537.7455817884,6093704.6613710355],[693540.4441635073,6093706.008065984],[693542.8634875496,6093707.137504024],[693545.2045751838,6093708.175599884],[693547.4902987387,6093709.121862694],[693549.6279710066,6093709.922469439],[693551.9263494173,6093710.747532524],[693554.3079951677,6093711.542901533],[693556.5734830141,6093712.257044507],[693558.8377737949,6093712.915400151],[693561.6002290208,6093713.683989117],[693564.1837368996,6093714.288981013],[693566.8350641656,6093714.8553080745],[693569.4940159634,6093715.421470714],[693572.028786266,6093715.887975421],[693574.7146427247,6093716.28612156],[693577.2155239284,6093716.595216952],[693579.7300568603,6093716.829601945],[693582.2664644227,6093717.017006249],[693585.0155499519,6093717.162635813],[693587.4887689443,6093717.249072278],[693589.84662772,6093717.29147425],[693592.2715070413,6093717.258020116],[693594.7489569938,6093717.186228372],[693596.7071661997,6093717.088375229],[693599.0377611055,6093716.926714315],[693601.2002253999,6093716.750058312],[693603.7493255043,6093716.462777887],[693606.3197009496,6093716.100623282],[693608.7147207686,6093715.742232885],[693610.8575445879,6093715.361350402],[693613.2353194874,6093714.910308208],[693615.4600122877,6093714.434645969],[693617.5091498164,6093713.953450496],[693619.7240220532,6093713.375675115],[693621.8245318047,6093712.800354747],[693623.7119644497,6093712.248213248],[693625.3642461759,6093711.75693307],[693627.128094899,6093711.133027777],[693629.2926291551,6093710.342382899],[693631.2667590566,6093709.565128097],[693633.694543964,6093708.60139182],[693635.8332098487,6093707.671769494],[693638.0619674447,6093706.675097435],[693640.4265615251,6093705.6103932485],[693642.3890721666,6093704.647343686],[693644.7207727142,6093703.4717196375],[693646.5982189158,6093702.454683293],[693648.5717834892,6093701.2960511055],[693650.5289012684,6093700.081959138],[693652.3875037583,6093698.897888615],[693654.366095211,6093697.618219985],[693656.1992284991,6093696.313768448],[693658.2950127167,6093694.808331991],[693660.4178981816,6093693.144177483],[693662.1340718423,6093691.721309347],[693664.1048726375,6093690.079024289],[693666.4408681493,6093688.038207812],[693668.3723485774,6093686.340953672],[693669.9952329413,6093684.836368665],[693671.429510559,6093683.428855017],[693672.7656725886,6093682.069958853],[693674.398212165,6093680.304707108],[693675.8226675531,6093678.795080654],[693677.355892654,6093677.022659291],[693678.9176165912,6093675.15660462],[693680.9537034675,6093672.64781893],[693682.785735445,6093670.227134379],[693684.2931248951,6093667.9622558355],[693686.0320679462,6093665.469153246],[693687.5822046872,6093663.063824514],[693688.9760288788,6093660.8385926895],[693690.1820457273,6093658.747623923],[693691.2596505217,6093656.715225775],[693692.3175779708,6093654.832083566],[693693.2743944608,6093652.858092183],[693694.1653896911,6093651.015743785],[693695.1174120137,6093648.818604967],[693695.9745147545,6093646.818848821],[693696.9522391462,6093644.397907481],[693697.7678252208,6093642.240907374],[693698.5218189731,6093640.057323944],[693699.2346614819,6093638.0885724705],[693699.8700644232,6093636.065671852],[693700.4065536689,6093634.054198034],[693701.1921097392,6093631.2094878405],[693701.7547005995,6093628.992807199],[693702.1770274191,6093626.993087649],[693702.5323351612,6093625.069224451],[693703.0225136215,6093622.677359459],[693703.4509002602,6093620.24961343],[693703.6918462671,6093618.328206802],[693703.9297961588,6093616.267333148],[693704.1575253096,6093614.085751852],[693704.3024224649,6093611.598980898],[693704.4553088064,6093609.484121956],[693704.5560249926,6093607.426196247],[693704.607435714,6093604.848412594],[693704.6857131909,6093602.456093606],[693704.7052293642,6093599.81388044],[693704.6512670357,6093597.656954467],[693704.5120419702,6093595.436745451],[693704.3196824712,6093592.87350047],[693704.1076466129,6093590.459511631],[693703.8995713325,6093588.584959008],[693703.582596567,6093586.2569432575],[693703.2573986747,6093583.901197873],[693702.9277384158,6093582.0478612725],[693702.6117284736,6093580.1198146995],[693702.1707722301,6093577.701441334],[693701.6186513599,6093575.434289418],[693701.0558764879,6093573.381314451],[693700.4950991458,6093571.421317457],[693699.9597906068,6093569.581700521],[693699.3632902957,6093567.73409596],[693698.7090279501,6093565.683086166],[693697.9372098141,6093563.485768134],[693697.2077064329,6093561.482884998],[693696.5361652386,6093559.692704818],[693695.7552915447,6093557.783946004],[693694.958970385,6093555.866216875],[693694.814348165,6093555.525146137],[693693.935760991,6093553.6836008215],[693692.9466431633,6093551.667690009],[693691.9364512248,6093549.735950617],[693690.9344828697,6093547.831940757],[693689.8564745315,6093545.938866286],[693688.8500785133,6093544.183784806],[693687.8226083283,6093542.512874737],[693686.7788918928,6093540.795803085],[693685.7060778501,6093539.144470993],[693684.5798961627,6093537.494285136],[693683.3447819762,6093535.744116027],[693682.3150819856,6093534.324409785],[693680.8847752584,6093532.364484999],[693679.4123199754,6093530.572902985],[693677.9085704412,6093528.744784583],[693676.3139327054,6093526.946524441],[693674.6735516433,6093525.149246581],[693673.134280161,6093523.442817639],[693671.5039207912,6093521.7569491025],[693669.7890990518,6093520.044988165],[693667.2982997183,6093517.71715151],[693665.5094363849,6093516.109103125],[693663.9721296297,6093514.849130927],[693662.528308044,6093513.680171532],[693660.7434402448,6093512.258078277],[693659.0446333993,6093510.936459324],[693657.2461162664,6093509.58907531],[693655.2245074585,6093508.153461425],[693653.1820242511,6093506.811316332],[693651.2025303054,6093505.560838911],[693649.3540422507,6093504.372662179],[693647.4303133765,6093503.232611429],[693645.3308343028,6093502.077730529],[693643.293345934,6093500.968028315],[693641.2341842292,6093499.914603656],[693639.0379912658,6093498.87342343],[693637.042218366,6093497.930261639],[693634.9005921888,6093496.94372117],[693632.723642013,6093496.088168023],[693630.6476007999,6093495.314166212],[693628.3099492382,6093494.434156751],[693625.5198887563,6093493.442934535],[693622.4192430425,6093492.551401726],[693619.6801186469,6093491.800938277],[693617.3253872158,6093491.191053383],[693614.6115314045,6093490.551670903],[693612.0668006592,6093489.973770725],[693609.2648520996,6093489.494413717],[693606.5702382384,6093489.040657453],[693604.2216973891,6093488.719000997],[693601.2937359274,6093488.409784803],[693598.6197609175,6093488.206739398],[693595.2985482009,6093488.054798102],[693592.664889215,6093487.953208283],[693590.0400520279,6093487.907240809],[693586.9980931017,6093487.972550958],[693583.4924701308,6093488.112929184],[693580.431232397,6093488.346088542],[693577.9570392878,6093488.566643847],[693575.3476109463,6093488.883122584],[693572.7167078352,6093489.265176168],[693570.4060107833,6093489.640354871],[693568.3770008213,6093489.990881687],[693566.280173505,6093490.380072227],[693563.829011897,6093490.962910445],[693561.7275541741,6093491.49173055],[693559.4673902191,6093492.089071609],[693557.4664406378,6093492.680847712],[693554.9055090614,6093493.47998769],[693552.2621105881,6093494.346011706],[693549.605858697,6093495.323935805],[693547.07158967,6093496.299240711],[693544.6376291204,6093497.328204259],[693542.2652584797,6093498.38375136],[693539.9927971454,6093499.474361645],[693537.7357827873,6093500.573941848],[693535.1194031576,6093501.988203475],[693533.1133798843,6093503.054488984],[693531.314600242,6093504.181440458],[693529.4088850305,6093505.301384623],[693527.5358603692,6093506.522949614],[693525.5121517743,6093507.831466984],[693523.5426086334,6093509.176029665],[693521.6800000989,6093510.527598903],[693519.8494833086,6093511.952895611],[693517.9294737042,6093513.47313338],[693516.1605461901,6093514.925013684],[693514.6863592053,6093516.249641026],[693513.0915849085,6093517.641970608],[693511.410310851,6093519.268708238],[693509.6240962745,6093520.981416333],[693507.6827657534,6093522.930004886],[693506.0129048531,6093524.733235944],[693504.4867018238,6093526.477571246],[693503.1695801846,6093528.012773622],[693501.6523967253,6093529.822029356],[693500.05434166,6093531.772551457],[693498.681414193,6093533.550804684],[693497.3321562528,6093535.365758045],[693496.0948634036,6093537.066683545],[693494.9416335621,6093538.775107011],[693494.5944789095,6093539.303472991],[693493.3689988835,6093541.199488193],[693492.1888632843,6093543.0759259965],[693491.0488423549,6093545.044523589],[693489.9300967837,6093546.938247844],[693488.8291924187,6093548.95251609],[693487.9125032702,6093550.6651647575],[693487.013455914,6093552.489059679],[693486.358219525,6093553.944941776],[693485.4394916259,6093555.918092033],[693484.6188779073,6093557.842626469],[693483.7213824568,6093560.094383209],[693482.8889115192,6093562.177307168],[693482.2027358094,6093563.968727507],[693481.3981238116,6093566.283605413],[693480.8319367147,6093567.979430191],[693480.3197160513,6093569.702003179],[693479.7466596061,6093571.788662478],[693479.2193470078,6093573.874340192],[693478.7004561648,6093575.997045452],[693478.1681124922,6093578.203758003],[693477.6594386182,6093580.447170925],[693477.2274037758,6093582.707543525],[693476.7867040965,6093585.275070519],[693476.4740598118,6093587.411954321],[693476.1975405384,6093589.4550422095],[693475.9699573229,6093591.6459132945],[693475.8188138797,6093593.844446303],[693475.6807239223,6093595.940376379],[693475.5671019848,6093598.110198052],[693475.5203009,6093600.194867294],[693475.5451086627,6093602.417531194],[693475.5759444619,6093604.565649141]]]]},"properties":null,"id":"8486840"},{"type":"Feature","geometry":{"type":"MultiPolygon","coordinates":[[[[693986.548672105,6093684.394709375],[693986.8477199974,6093685.885915611],[693987.6032162951,6093687.320791928],[693988.4043043738,6093688.038425019],[693989.7184103094,6093688.847344814],[693990.4621525324,6093689.026689095],[693990.9306255805,6093689.17474673],[693991.490234799,6093688.595279237],[693992.0440432369,6093687.746175335],[693992.8047266665,6093686.585651261],[693993.3075893427,6093685.495788429],[693993.3131289901,6093683.625945317],[693993.1336427734,6093682.37402191],[693992.8591970322,6093682.026445969],[693991.8520805888,6093680.950463325],[693990.7887718653,6093680.098940067],[693990.2101610099,6093679.795115985],[693989.5793813909,6093679.54822682],[693988.7906952379,6093679.407057816],[693987.8697285131,6093680.208247448],[693987.2669517089,6093681.263050937],[693986.7251444361,6093682.670022906],[693986.548672105,6093684.394709375]]]]},"properties":null,"id":"33262631"},{"type":"Feature","geometry":{"type":"MultiPolygon","coordinates":[[[[694013.7935916291,6093638.256125694],[694023.5124347948,6093642.56783787],[694042.1331159398,6093601.526226676],[694054.302604373,6093607.003745039],[694071.4370172524,6093568.859094685],[694050.0355026608,6093559.357122998],[694013.7935916291,6093638.256125694]]]]},"properties":null,"id":"42420735"},{"type":"Feature","geometry":{"type":"MultiPolygon","coordinates":[[[[693814.2889186215,6093596.184766868],[693814.707322957,6093597.552484265],[693815.5484779095,6093598.71577093],[693816.6956245091,6093599.565511211],[693818.1776601736,6093600.02666707],[693840.6758256668,6093609.812572654],[693842.9654450226,6093609.874977984],[693845.1389619065,6093609.149200089],[693846.5358515201,6093608.133147909],[693847.6205824257,6093606.788930546],[693848.3267367188,6093605.220299054],[693848.5762463975,6093603.69869273],[693848.4744494158,6093602.15673241],[693848.0078967629,6093600.678426113],[693847.1777878972,6093599.3195606135],[693846.0475139946,6093598.190398279],[693844.3026897773,6093597.21397854],[693821.1707993811,6093591.655556314],[693819.7321109498,6093591.081844093],[693818.175005507,6093591.03159451],[693816.8110697154,6093591.451599654],[693815.6312803798,6093592.276938854],[693814.7708718869,6093593.41168444],[693814.3040863422,6093594.761219763],[693814.2889186215,6093596.184766868]]]]},"properties":null,"id":"57339513"},{"type":"Feature","geometry":{"type":"MultiPolygon","coordinates":[[[[693601.3045746655,6093729.426556513],[693603.4984478333,6093737.462964718],[693607.1257097522,6093735.878150569],[693612.5369489386,6093734.9619901925],[693618.8559100078,6093735.468159467],[693617.7856458041,6093726.830899663],[693601.3045746655,6093729.426556513]]]]},"properties":null,"id":"37175940"},{"type":"Feature","geometry":{"type":"MultiPolygon","coordinates":[[[[693593.2202368998,6093725.209536539],[693593.3363664481,6093729.197636563],[693602.0780020201,6093738.805054683],[693603.4984478333,6093737.462964718],[693601.3045746655,6093729.426556513],[693617.7856458041,6093726.830899663],[693618.8559100078,6093735.468159467],[693620.3521673942,6093736.236011856],[693626.4709392581,6093723.156129349],[693625.3922039671,6093720.518896129],[693614.9638516434,6093723.654361779],[693606.7389443244,6093724.258850919],[693599.5735947231,6093724.83128252],[693593.2202368998,6093725.209536539]]]]},"properties":null,"id":"37175949"},{"type":"Feature","geometry":{"type":"MultiPolygon","coordinates":[[[[693854.3869294444,6093609.303868471],[693854.5035190949,6093611.533866238],[693855.3409976191,6093613.590230323],[693856.8032791257,6093615.261077944],[693858.741708435,6093616.372864793],[693860.9323886699,6093616.800174708],[693863.137773657,6093616.492301943],[693865.1223161155,6093615.49151901],[693866.6671163945,6093613.904855426],[693867.6154671833,6093611.89381632],[693867.8734532418,6093609.702275708],[693867.3846802142,6093607.545394492],[693866.2303868136,6093605.653978527],[693864.514283899,6093604.239746186],[693862.4305712504,6093603.465959823],[693860.2093697533,6093603.392786505],[693858.087624593,6093604.043038355],[693856.2776097798,6093605.35633922],[693855.0048488465,6093607.179007236],[693854.3869294444,6093609.303868471]]]]},"properties":null,"id":"57339520"},{"type":"Feature","geometry":{"type":"MultiPolygon","coordinates":[[[[694023.5124347948,6093642.56783787],[694035.6817633952,6093648.036085105],[694054.302604373,6093607.003745039],[694042.1331159398,6093601.526226676],[694023.5124347948,6093642.56783787]]]]},"properties":null,"id":"42420736"},{"type":"Feature","geometry":{"type":"MultiPolygon","coordinates":[[[[693967.2529368511,6093723.506553289],[693967.7680347139,6093725.467520136],[693969.0521743126,6093727.3654342],[693970.2200244442,6093728.112388278],[693971.5905274965,6093728.7061493425],[693972.7921229799,6093728.894250806],[693973.7832657287,6093728.872930646],[693974.3850476912,6093727.771639306],[693974.7230075182,6093726.462074494],[693974.7405760303,6093724.796619378],[693974.2854459621,6093723.141332414],[693973.368017709,6093721.979699396],[693972.0451087654,6093720.761673696],[693970.0326251498,6093719.400345048],[693968.2885636875,6093718.4611391],[693967.8310894561,6093718.824459517],[693967.385390697,6093720.089830983],[693967.3240758682,6093721.849248063],[693967.2529368511,6093723.506553289]]]]},"properties":null,"id":"33262627"},{"type":"Feature","geometry":{"type":"MultiPolygon","coordinates":[[[[693974.9168998573,6093713.490766024],[693975.1627772131,6093714.992418369],[693975.9204736863,6093716.529571485],[693976.2998339995,6093717.144652236],[693977.5058282616,6093717.537304727],[693978.0218714268,6093717.414578697],[693979.322227383,6093716.874990342],[693980.7026725656,6093715.803458797],[693981.6046426701,6093714.118978618],[693981.9141753593,6093711.842605696],[693981.5666063838,6093709.868733518],[693981.1348769113,6093709.301290067],[693980.4919186623,6093708.13375346],[693979.5485232059,6093708.247068466],[693978.4628688518,6093708.484370964],[693977.3272216032,6093709.234364662],[693975.8978081448,6093710.511595472],[693975.1035757074,6093712.24026804],[693974.9168998573,6093713.490766024]]]]},"properties":null,"id":"33262629"},{"type":"Feature","geometry":{"type":"MultiPolygon","coordinates":[[[[693977.3501141968,6093700.015483415],[693977.6141116982,6093700.586535158],[693979.3505705683,6093701.172422616],[693980.7654389095,6093701.3466328615],[693982.4231037487,6093701.106327122],[693984.2838675333,6093700.024462241],[693985.7576463846,6093698.327680621],[693986.3026552359,6093697.069473681],[693986.9501781572,6093695.967197218],[693987.0479388274,6093695.193019137],[693986.8690065616,6093694.675950328],[693986.2468502788,6093694.475385906],[693985.6650384398,6093694.022796616],[693984.0365185449,6093693.490401076],[693982.8862726551,6093693.561655786],[693982.0094959277,6093693.580516967],[693980.1967020053,6093694.4101926265],[693979.1310503995,6093695.577275831],[693978.3177954357,6093696.776137898],[693977.7172163832,6093697.93321649],[693977.3814584982,6093699.3450573925],[693977.3501141968,6093700.015483415]]]]},"properties":null,"id":"33262630"},{"type":"Feature","geometry":{"type":"MultiPolygon","coordinates":[[[[693549.9366865727,6093192.729312746],[693554.0845759606,6093214.6955157425],[693558.2039695992,6093233.201952657],[693563.08687668,6093243.217795115],[693567.8286426673,6093250.566966517],[693575.1636928612,6093257.916271102],[693581.0741287192,6093268.896065889],[693581.8912421701,6093271.073814826],[693585.7252348252,6093276.284384256],[693589.965002073,6093280.500218368],[693595.1887156202,6093284.006568937],[693601.4047608054,6093287.1939419545],[693607.2365742852,6093288.826810626],[693612.9341934673,6093290.248609269],[693620.5592728521,6093291.210418893],[693628.61638689,6093291.335057888],[693636.3000431738,6093290.407271844],[693641.3424361671,6093289.731549998],[693648.5641759066,6093287.53928729],[693654.8646779567,6093282.9389592605],[693661.6512724463,6093276.467766769],[693669.1914608249,6093265.310729914],[693671.8558049402,6093258.67691794],[693673.8675656143,6093251.489695203],[693674.8173264511,6093243.153220746],[693674.8408800644,6093236.083122717],[693674.1243310666,6093229.001016572],[693672.0165022849,6093221.418577039],[693668.7673484971,6093213.609497024],[693665.0070388112,6093207.569491779],[693661.0987839572,6093202.4535704255],[693654.8198623535,6093196.337431315],[693648.7935898534,6093191.685592607],[693642.6159421045,6093188.153252689],[693636.0357342818,6093185.764410071],[693626.814734401,6093183.292746026],[693622.0826845814,6093182.789735195],[693613.2099681769,6093182.329131944],[693605.4802988325,6093182.885808706],[693595.0045882743,6093184.496767703],[693549.9366865727,6093192.729312746]]]]},"properties":null,"id":"9654276"},{"type":"Feature","geometry":{"type":"MultiPolygon","coordinates":[[[[693542.639318257,6093157.286879599],[693547.3392905343,6093182.943464002],[693605.18458274,6093171.2459407095],[693655.7139739873,6093160.19819351],[693698.6835366918,6093149.8055882715],[693753.4390337851,6093134.182869321],[693856.6329043884,6093106.067511593],[693916.8417673047,6093091.172996964],[693944.4907709047,6093083.043538929],[693972.8089829942,6093071.98803208],[693985.1460993694,6093066.857578643],[693991.9352452138,6093064.776655103],[693998.9283417625,6093064.021540605],[694005.5967616797,6093064.48268288],[694015.1370440023,6093065.486655819],[694011.5934293078,6093059.246774599],[694009.290964207,6093054.682471318],[694007.4734310219,6093049.61471981],[694006.6109115495,6093043.5589964045],[694006.2258984547,6093037.009287106],[694007.0502548297,6093029.949842651],[694011.444887857,6093018.674122764],[694010.4402777164,6093017.002756],[693980.4591909706,6093030.522028172],[693948.5706065285,6093045.784517899],[693936.4458561286,6093049.440619599],[693905.3815774282,6093057.643515902],[693849.2383532738,6093079.994561475],[693801.5078275483,6093096.322680645],[693747.216687999,6093114.019403746],[693735.8104945049,6093116.692364302],[693719.9768481301,6093118.483723206],[693713.901334489,6093119.34913145],[693640.7619535174,6093138.054787016],[693542.639318257,6093157.286879599]]]]},"properties":null,"id":"12967910"},{"type":"Feature","geometry":{"type":"MultiPolygon","coordinates":[[[[693870.8710944112,6093243.25581814],[693947.0375413322,6093258.873122269],[693950.133376597,6093243.941750361],[693917.7651925883,6093237.298617978],[693918.6638907598,6093232.981713375],[693915.0326337497,6093232.241228638],[693918.2184178533,6093216.880038098],[693923.1370570689,6093217.899800934],[693936.271182006,6093154.428038741],[693904.5316679392,6093147.920189891],[693894.0774068248,6093198.404328385],[693885.2288178045,6093196.58536358],[693878.8932654905,6093227.213918337],[693874.388509416,6093226.2875547595],[693870.8710944112,6093243.25581814]]]]},"properties":null,"id":"9739646"},{"type":"Feature","geometry":{"type":"MultiPolygon","coordinates":[[[[693903.5823994306,6093307.704348212],[693912.1126975528,6093318.125296526],[693971.1472197548,6093272.689021009],[693915.7613126482,6093260.801640393],[693903.5823994306,6093307.704348212]]]]},"properties":null,"id":"9739647"},{"type":"Feature","geometry":{"type":"MultiPolygon","coordinates":[[[[693938.3179775545,6093159.8722575],[693944.0563648312,6093169.571850069],[693958.4070109947,6093171.877029586],[693957.2180820324,6093221.910772938],[693996.2451882777,6093218.643263882],[694015.4026677359,6093241.932829711],[694074.0798137649,6093197.656963864],[694001.8556379654,6093121.371226717],[693939.8208874407,6093141.09616922],[693938.3179775545,6093159.8722575]]]]},"properties":null,"id":"9739649"},{"type":"Feature","geometry":{"type":"MultiPolygon","coordinates":[[[[693779.6979529308,6093135.888224907],[693788.3633884846,6093143.738988154],[693792.7992661396,6093152.108555304],[694025.4509645686,6093083.654985957],[694036.8629879309,6093100.748533228],[694056.6473987101,6093091.867077539],[694127.9149614427,6093175.075170091],[694133.5488758301,6093170.702788329],[694074.9424423289,6093093.166253928],[694053.1031451176,6093085.599317743],[694003.1742325937,6093075.250854347],[693897.6017193059,6093105.865552151],[693844.7561472487,6093118.424922958],[693779.6979529308,6093135.888224907]]]]},"properties":null,"id":"37175991"},{"type":"Feature","geometry":{"type":"MultiPolygon","coordinates":[[[[694025.4531303289,6093030.595641886],[694025.7918156938,6093037.11844199],[694026.5844332087,6093041.3431509435],[694029.9348612879,6093047.466256836],[694034.4459409686,6093052.587659135],[694040.5958824512,6093058.017964968],[694048.1402090658,6093062.320604319],[694058.1518119344,6093066.086420022],[694066.1513338354,6093067.08629556],[694074.920550477,6093065.93010666],[694067.9192672174,6093065.950588764],[694061.3580077689,6093064.798828457],[694054.6499562513,6093062.496759895],[694048.1307920817,6093058.339498651],[694044.2034412299,6093054.470627364],[694040.462357878,6093048.979176298],[694037.2933451335,6093041.717310416],[694035.8477264559,6093033.376514247],[694036.4002117609,6093026.443844529],[694037.7878106307,6093020.748987099],[694039.5366599372,6093016.246327848],[694042.2139630481,6093012.002748297],[694045.7198120852,6093007.983189464],[694034.5772111705,6093014.743802259],[694029.150135297,6093020.218627514],[694027.1661300039,6093025.1356386505],[694025.4531303289,6093030.595641886]]]]},"properties":null,"id":"56021008"},{"type":"Feature","geometry":{"type":"MultiPolygon","coordinates":[[[[693062.8905596503,6093212.511122674],[693063.1738913875,6093220.755978094],[693082.7073780397,6093220.765572243],[693100.7543563583,6093220.100005395],[693119.3380373812,6093219.208958994],[693292.5580764347,6093206.678613225],[693404.2090347953,6093200.09830468],[693444.8620649023,6093195.830889432],[693504.9999001238,6093188.949822711],[693502.5112328487,6093163.971326673],[693397.1273302133,6093177.171760746],[693321.6277534514,6093184.7349930005],[693251.53204083,6093193.902640893],[693186.0268041075,6093200.887713665],[693122.3120150338,6093208.140921433],[693107.7921329488,6093209.317018297],[693091.2184282737,6093210.7510250695],[693071.901637752,6093211.955379533],[693062.8905596503,6093212.511122674]]]]},"properties":null,"id":"12967914"},{"type":"Feature","geometry":{"type":"MultiPolygon","coordinates":[[[[693150.4738417801,6093275.8891862035],[693181.446607783,6093288.276404142],[693195.8996998705,6093253.009568026],[693153.0688325464,6093259.592197495],[693153.7053660667,6093265.094682513],[693150.4738417801,6093275.8891862035]]]]},"properties":null,"id":"14626066"},{"type":"Feature","geometry":{"type":"MultiPolygon","coordinates":[[[[693254.5529887109,6093317.406542841],[693254.7722813202,6093318.741340008],[693260.7728558047,6093321.133581734],[693263.5941151103,6093319.315018091],[693263.56471999,6093317.231985299],[693260.3292420738,6093315.738589963],[693259.5423931204,6093317.104255331],[693254.5529887109,6093317.406542841]]]]},"properties":null,"id":"43017702"},{"type":"Feature","geometry":{"type":"MultiPolygon","coordinates":[[[[693366.9499390394,6093253.435604803],[693367.7318356389,6093286.692354349],[693384.4806800818,6093286.305224553],[693383.7141685446,6093253.057444563],[693366.9499390394,6093253.435604803]]]]},"properties":null,"id":"16983378"},{"type":"Feature","geometry":{"type":"MultiPolygon","coordinates":[[[[693345.697467319,6093254.365784755],[693346.4642371392,6093287.632157523],[693363.2283292499,6093287.244740324],[693362.4540731435,6093253.987827621],[693345.697467319,6093254.365784755]]]]},"properties":null,"id":"16983379"},{"type":"Feature","geometry":{"type":"MultiPolygon","coordinates":[[[[693052.8500294052,6093112.273229147],[693088.28584846,6093125.104676178],[693109.890894721,6093129.255758265],[693216.4199581828,6093118.973575911],[693252.1087863913,6093104.097413866],[693267.3807824294,6093090.337853157],[693287.4726874721,6093060.196303286],[693304.0021808334,6093043.907453468],[693324.6564218242,6093016.525765078],[693341.3650854623,6092994.37268598],[693350.800174989,6092975.901057287],[693353.3161154892,6092969.8100489825],[693355.5382292822,6092959.976604196],[693357.4848550737,6092922.363758687],[693360.440628793,6092813.391612954],[693361.9583290394,6092781.3878072],[693372.4042056114,6092774.1406683605],[693373.4414683029,6092770.230147779],[693348.2294625203,6092769.273301727],[693345.0271109787,6092781.40678395],[693336.0246963183,6092809.7293491755],[693324.983208857,6092840.774627449],[693311.9371579206,6092869.751299514],[693302.3863646578,6092886.737041725],[693286.9369728791,6092914.2582630105],[693275.3848934477,6092931.463616763],[693267.291928113,6092943.5251671225],[693258.6719225019,6092955.551496428],[693241.9632978045,6092975.220761993],[693227.5312002338,6092992.218014734],[693203.7977006591,6093015.079538231],[693185.2485975205,6093031.802161096],[693155.2143181568,6093055.347375561],[693144.0119003543,6093063.261580013],[693121.1357598605,6093077.741938071],[693091.0387161027,6093094.097770195],[693069.0327378586,6093104.698994957],[693052.8500294052,6093112.273229147]]]]},"properties":null,"id":"48367782"},{"type":"Feature","geometry":{"type":"MultiPolygon","coordinates":[[[[693252.1087863913,6093104.097413866],[693261.4565892377,6093117.83153682],[693292.4898672524,6093077.204549028],[693359.3753120949,6093077.36093924],[693368.301438249,6093071.783590866],[693379.2657888632,6093039.977164163],[693342.6364917295,6093031.963016024],[693350.8309039834,6093006.494930099],[693354.8448586809,6092978.856089131],[693366.7038169034,6092978.806381987],[693360.8425801585,6092934.896057679],[693376.6477662242,6092932.147807877],[693366.375073005,6092860.360755233],[693365.6732914187,6092836.888055282],[693367.0870231469,6092786.170691603],[693372.6685619692,6092779.353465621],[693372.4042056114,6092774.1406683605],[693361.9583290394,6092781.3878072],[693360.440628793,6092813.391612954],[693357.4848550737,6092922.363758687],[693355.5382292822,6092959.976604196],[693353.3161154892,6092969.8100489825],[693350.800174989,6092975.901057287],[693341.3650854623,6092994.37268598],[693324.6564218242,6093016.525765078],[693304.0021808334,6093043.907453468],[693287.4726874721,6093060.196303286],[693267.3807824294,6093090.337853157],[693252.1087863913,6093104.097413866]]]]},"properties":null,"id":"48499021"},{"type":"Feature","geometry":{"type":"MultiPolygon","coordinates":[[[[693460.3594556944,6092800.903948111],[693508.253273205,6093116.295825841],[693520.4578820106,6093114.57343603],[693471.6355822431,6092799.294543084],[693460.3594556944,6092800.903948111]]]]},"properties":null,"id":"55681458"},{"type":"Feature","geometry":{"type":"MultiPolygon","coordinates":[[[[693446.7048017428,6092528.552758546],[693456.8714554945,6092605.681451298],[693479.4810781884,6092724.551312538],[693512.4868730003,6092719.433652474],[693524.6188607236,6092762.669793518],[693490.6459847481,6092772.840675976],[693491.0397290974,6092782.301751971],[693516.1410364148,6092939.758943007],[693532.1002072009,6093036.204593116],[693535.3432744893,6093055.818193821],[693542.6924998043,6093080.534210469],[693550.7937392797,6093093.736696557],[693561.2970357164,6093105.138813237],[693574.614868204,6093114.76890448],[693589.6475485414,6093121.497111854],[693610.3707831412,6093125.414789395],[693635.2497656703,6093122.889836196],[693672.5571578105,6093115.214237919],[693748.5946485039,6093096.864621859],[693892.5031833042,6093045.4091539895],[694039.9845195836,6092977.521253563],[694165.0865496073,6092911.424424703],[694255.6120472952,6092855.512541693],[694347.6560218523,6092793.669376787],[694364.3592713767,6092781.653666896],[694446.2213879502,6092723.414905708],[694480.7696439484,6092689.051628725],[694522.7548409877,6092619.393460058],[694504.6110692248,6092605.27360749],[694451.3027480587,6092554.499080483],[694429.8527942874,6092535.241205694],[694427.1644341063,6092532.94574749],[694415.3554416229,6092544.130486559],[694406.4556676386,6092555.829198629],[694388.6071165403,6092577.664886475],[694377.5408202136,6092593.586951584],[694380.7144681714,6092595.397550229],[694369.1189944765,6092605.879953114],[694353.4136368063,6092611.4556982815],[694319.9781433064,6092619.962430747],[694296.3811108884,6092623.512884352],[694286.1274284362,6092624.068768014],[694242.0418662983,6092628.544360766],[694221.5088695267,6092627.75890743],[694202.3874918644,6092629.835961141],[694174.8328728105,6092629.527247395],[694147.0797206205,6092632.74823503],[694117.9019621344,6092637.106768353],[694111.3657678921,6092638.5219121715],[694105.5489002606,6092641.465715788],[694093.3863889389,6092650.7785788085],[694084.0831007406,6092661.825174514],[694077.6672979667,6092675.209541962],[694073.7965053446,6092687.42285587],[694071.0658958037,6092693.081525525],[694070.33967905,6092697.25521202],[694070.5172795707,6092708.693007508],[694072.6172577428,6092722.275416629],[694077.6176945288,6092727.814153826],[694088.6449718545,6092729.176702481],[694099.2277448587,6092729.37674039],[694107.6009996599,6092728.619712997],[694117.5119645218,6092727.727241613],[694126.1072362729,6092728.425850803],[694133.1127936695,6092730.386569003],[694143.1182467893,6092734.589603873],[694153.02856482,6092745.352681814],[694159.5567959424,6092744.272561015],[694167.0050477277,6092743.0609932905],[694182.1494371113,6092736.920947004],[694211.4875786081,6092739.284216208],[694229.7310671532,6092744.946849262],[694250.4625803283,6092751.393026858],[694257.2962572159,6092753.515491708],[694264.2859362022,6092758.62987926],[694270.9995514136,6092764.736238236],[694276.3567321937,6092766.295171734],[694279.3682763262,6092769.783687191],[694281.3848022851,6092772.047159095],[694284.4692554737,6092772.194632631],[694295.098071682,6092770.988828636],[694303.4003612878,6092769.414562101],[694306.6740193113,6092768.432390446],[694308.2127153645,6092769.403856003],[694306.6881782992,6092772.273870704],[694303.6744678166,6092775.408536655],[694295.9058695579,6092782.989786867],[694291.4782260177,6092785.634002912],[694283.9167739137,6092787.964368744],[694272.1649123204,6092788.375772046],[694262.7415621502,6092789.955562437],[694246.6659316942,6092793.939106576],[694237.3339794631,6092797.991269325],[694225.9227900181,6092803.595166339],[694206.7292560008,6092810.482964007],[694197.2752303265,6092810.640117848],[694191.98183188,6092809.209992683],[694187.4345777603,6092806.303356563],[694179.5562814281,6092798.529036519],[694172.1805607269,6092800.985535395],[694172.2145696057,6092808.938127847],[694166.833645924,6092819.7328775525],[694160.0539409817,6092827.199679736],[694151.8807257083,6092835.124386109],[694142.1775189975,6092840.003028045],[694128.6528349126,6092843.094223963],[694110.9997709226,6092843.604582138],[694087.9492672685,6092841.0404827595],[694060.503307702,6092841.910409708],[694049.052009767,6092844.240587387],[694033.8407858058,6092849.767890304],[694024.1796265589,6092854.8315377105],[694004.940495962,6092872.724281263],[693995.6308541809,6092879.947724889],[693982.2479926263,6092885.026296218],[693965.9969519114,6092885.831770893],[693961.5496249304,6092883.313562613],[693955.0253853062,6092879.6214591935],[693943.614944679,6092862.937089454],[693937.2712605901,6092840.692666423],[693935.2351137843,6092820.141579896],[693936.0296924978,6092802.124886412],[693938.6320046019,6092787.306438919],[693940.3367943828,6092775.083986124],[693944.5973616249,6092766.797156202],[693949.5411086164,6092756.9421709515],[693955.1340203974,6092753.863763181],[693958.6085314549,6092752.644845209],[693959.87950228,6092754.645361254],[693952.4958547904,6092768.431832753],[693949.2472230858,6092776.250393448],[693950.978667024,6092780.510721059],[693949.7536211486,6092785.253252713],[693956.9646978565,6092788.967786774],[693961.726701448,6092785.553773088],[693968.5721148809,6092778.299662748],[693972.6739686658,6092770.08134795],[693973.5346872606,6092761.876960147],[693971.2676293754,6092753.63755103],[693973.2965524371,6092748.32889244],[693979.1486398649,6092748.789000701],[694000.6650659598,6092749.54455501],[694019.9135431515,6092750.525611728],[694040.9647215337,6092748.091152422],[694050.5515105897,6092735.326917633],[694051.8795425678,6092727.931044752],[694049.0934666761,6092718.96795527],[694048.1821361531,6092713.834194133],[694046.3592773303,6092703.557373789],[694035.6909902259,6092693.359330064],[694031.5619089939,6092690.741288786],[694029.8080433401,6092685.086138239],[694010.47804816,6092669.325788132],[693971.5728563886,6092652.628534853],[693957.605719444,6092644.715297544],[693937.500017775,6092631.529578038],[693918.7833004585,6092607.3932471275],[693902.5826243577,6092594.207168386],[693880.5488088357,6092584.625520408],[693845.8002498216,6092582.442679862],[693823.0261948723,6092584.895148071],[693790.7947010205,6092603.652841562],[693732.4559845024,6092634.0875618905],[693710.845591459,6092642.784347108],[693678.2337819074,6092654.154608885],[693665.3040491418,6092657.595118746],[693650.8156995977,6092659.487735349],[693628.0458593059,6092659.660590527],[693610.3171043628,6092656.627517557],[693594.0187280716,6092649.526580609],[693568.1506683216,6092632.212767417],[693544.0221725577,6092611.373249964],[693526.4010517196,6092591.677657155],[693510.072154367,6092571.777553612],[693495.9899312414,6092553.857053611],[693479.9818659953,6092540.014980465],[693468.9234252735,6092533.629248273],[693457.386815662,6092530.193226857],[693446.7048017428,6092528.552758546]]]]},"properties":null,"id":"3402017"},{"type":"Feature","geometry":{"type":"MultiPolygon","coordinates":[[[[693861.7624285775,6092912.240757639],[693869.8942065106,6092913.014702285],[693874.3531919131,6092915.011785809],[693878.2819592489,6092919.6620702855],[693883.9419103554,6092917.92177809],[693889.3766805315,6092917.414204264],[693895.2389945737,6092919.409002468],[693895.3285157458,6092912.93280544],[693897.407739488,6092906.76729405],[693900.9336027128,6092903.677573265],[693903.8238435322,6092901.531734028],[693897.2113599814,6092897.636841141],[693893.9535046266,6092892.265174133],[693891.6637590306,6092887.933125479],[693887.1252003175,6092887.909810652],[693882.6964440552,6092886.963222777],[693878.3324504724,6092883.7083157785],[693875.9110410758,6092880.346515104],[693875.2040074221,6092889.673136178],[693873.3015368449,6092898.383619756],[693868.4623256645,6092905.65961737],[693861.7624285775,6092912.240757639]]]]},"properties":null,"id":"3809045"},{"type":"Feature","geometry":{"type":"MultiPolygon","coordinates":[[[[694032.6667500737,6092925.270593542],[694034.7341976904,6092938.7606851235],[694051.573892105,6092969.90452053],[694150.000861916,6092916.763173507],[694142.9938368865,6092849.575945986],[694134.7223333609,6092851.521480598],[694124.1331615811,6092852.093689662],[694106.9495779552,6092851.384652283],[694097.3691027405,6092852.046736315],[694078.048275042,6092853.030136837],[694069.4818632915,6092854.740104238],[694056.9367778535,6092857.2798800375],[694049.4496495073,6092859.524722515],[694035.202830768,6092863.794084204],[694039.9933117552,6092887.569527704],[694033.83885032,6092912.399133697],[694032.6667500737,6092925.270593542]]]]},"properties":null,"id":"9652218"},{"type":"Feature","geometry":{"type":"MultiPolygon","coordinates":[[[[694106.1244826809,6092969.278990074],[694123.6925416107,6092977.560999387],[694136.210426112,6092990.751627445],[694141.9672578307,6093003.780868921],[694166.3346914614,6092975.39621032],[694196.6600431947,6092949.906330442],[694241.0594640076,6092916.029548489],[694288.4915557781,6092879.556983864],[694360.0598791793,6092830.573333649],[694391.8388169548,6092809.228051002],[694461.700012794,6092760.001265421],[694547.7146134487,6092693.123263867],[694567.7747335205,6092686.829945734],[694567.4025633879,6092682.661307665],[694563.7206942281,6092681.336150048],[694551.8130196682,6092670.988688975],[694546.4954969621,6092658.545534311],[694544.2790591686,6092646.314515743],[694541.737693967,6092645.532167962],[694526.3030613243,6092676.022860317],[694516.5476637016,6092688.363387725],[694503.1733658917,6092700.177347366],[694448.1806790698,6092741.409519428],[694390.5263034556,6092784.791701366],[694280.8366574064,6092853.84340125],[694219.5627382265,6092894.260590281],[694174.2165195937,6092931.27387679],[694106.1244826809,6092969.278990074]]]]},"properties":null,"id":"37176001"},{"type":"Feature","geometry":{"type":"MultiPolygon","coordinates":[[[[694062.4747870072,6092921.447658101],[694066.1708343402,6092920.242537687],[694069.5340139098,6092919.87247061],[694073.6913680929,6092920.964343665],[694077.5895936138,6092920.647870192],[694080.881645199,6092918.390998401],[694080.5010937023,6092913.822544736],[694080.8171794448,6092911.499510342],[694073.2675771335,6092910.489970619],[694066.978548221,6092911.704402948],[694063.5307127216,6092912.0390831195],[694062.4747870072,6092921.447658101]]]]},"properties":null,"id":"40312598"},{"type":"Feature","geometry":{"type":"MultiPolygon","coordinates":[[[[694043.7818595236,6092943.1053827405],[694045.2050776666,6092953.948931869],[694056.0710681896,6092971.900696525],[694105.4869670627,6092946.400180026],[694169.2136206859,6092912.526208673],[694211.9875139975,6092885.335600804],[694261.7296677837,6092855.19467284],[694324.151229396,6092816.380302509],[694363.3129448672,6092789.015620863],[694363.4662652656,6092785.868189333],[694357.0546683018,6092781.392560625],[694355.1919208744,6092771.405006761],[694347.5426313571,6092761.877084462],[694337.7247487998,6092772.04204019],[694324.56107832,6092777.367574908],[694311.7746171472,6092788.870884449],[694296.423510212,6092789.313389417],[694288.5147435749,6092793.576788189],[694281.9643427192,6092805.661912393],[694273.9575055353,6092815.638925147],[694265.6698719693,6092822.4964613775],[694265.5259425584,6092825.72740571],[694264.2668927773,6092832.424172132],[694262.7943845846,6092839.125538031],[694257.8952227549,6092842.896152524],[694249.9212783502,6092844.137722231],[694242.3730006459,6092840.0027790405],[694238.6747538468,6092829.42221334],[694227.666072944,6092825.036243261],[694221.9004929763,6092833.550990882],[694211.0014322022,6092844.873947643],[694202.0399249204,6092855.504000634],[694203.5314131485,6092864.19727372],[694192.714196101,6092874.011495038],[694180.9832230222,6092887.082526439],[694170.5308009544,6092893.6517176265],[694160.4988552401,6092885.040061839],[694156.0487976824,6092889.126518497],[694161.7900509031,6092894.705074687],[694166.6258094361,6092903.214697789],[694160.4588302535,6092907.970679987],[694154.6364692542,6092893.668469667],[694156.3049150675,6092880.832802713],[694147.4975137031,6092868.520418789],[694139.1737284334,6092858.47663497],[694135.4667770369,6092866.965591136],[694148.5746217342,6092883.473654178],[694141.591423256,6092900.619036415],[694125.4047115718,6092906.893063974],[694103.7650193976,6092916.726258216],[694089.75567136,6092929.195064569],[694080.2488816085,6092939.306498967],[694066.9881047495,6092941.201237601],[694051.4099040835,6092940.67147412],[694043.7818595236,6092943.1053827405]]]]},"properties":null,"id":"40312646"},{"type":"Feature","geometry":{"type":"MultiPolygon","coordinates":[[[[694063.5307127216,6092912.0390831195],[694066.978548221,6092911.704402948],[694073.2675771335,6092910.489970619],[694075.0471560593,6092908.4796095155],[694075.381091964,6092906.277118741],[694075.211660438,6092904.42964307],[694069.4698581395,6092898.823140429],[694065.420355762,6092899.552161057],[694063.5307127216,6092912.0390831195]]]]},"properties":null,"id":"40312599"},{"type":"Feature","geometry":{"type":"MultiPolygon","coordinates":[[[[694062.6841618896,6092882.988163306],[694065.420355762,6092899.552161057],[694069.4698581395,6092898.823140429],[694075.211660438,6092904.42964307],[694078.7458674542,6092905.9814305175],[694084.1856482634,6092905.352702785],[694090.1617414787,6092903.419429455],[694098.6026185248,6092901.54470982],[694100.5210632172,6092898.545327739],[694097.0430677526,6092891.811053123],[694092.5361922572,6092883.340827037],[694087.1836871945,6092879.874745553],[694081.5207585547,6092877.931590953],[694075.7933733218,6092877.245607728],[694066.1279939632,6092878.216454679],[694065.1069276001,6092880.740707146],[694062.6841618896,6092882.988163306]]]]},"properties":null,"id":"40312600"},{"type":"Feature","geometry":{"type":"MultiPolygon","coordinates":[[[[694106.198317894,6092854.749594796],[694106.9228908014,6092860.417594515],[694107.8026630832,6092863.375332844],[694109.6186871898,6092866.954758726],[694111.4363773484,6092869.194641799],[694114.523856765,6092874.0861962475],[694116.4946660763,6092875.290245019],[694118.6860486702,6092874.340751816],[694121.4909881365,6092871.7780798245],[694126.0732525158,6092867.809721319],[694129.0394966982,6092864.945905002],[694130.9304174365,6092862.440120769],[694129.041664577,6092861.150588982],[694126.5102495204,6092861.893458217],[694122.8980911355,6092863.096799076],[694118.7517362045,6092863.2232920835],[694115.2163205636,6092861.969214987],[694112.0512987092,6092859.497884302],[694108.6132677556,6092856.390584096],[694106.198317894,6092854.749594796]]]]},"properties":null,"id":"40312604"},{"type":"Feature","geometry":{"type":"MultiPolygon","coordinates":[[[[694089.8126967321,6092877.287965395],[694094.7974242292,6092881.738687103],[694098.0748513743,6092887.305212521],[694100.2990745646,6092892.131638778],[694102.6908972529,6092895.177749481],[694105.8093702648,6092897.966358576],[694108.883473749,6092901.527998746],[694109.9691951678,6092902.006936267],[694113.070597817,6092900.814599441],[694114.5982540936,6092897.377126346],[694110.1682226626,6092879.370570885],[694110.4419874352,6092881.104174357],[694108.183640633,6092881.0690815635],[694103.8101039681,6092878.437726522],[694098.06992011,6092876.803215763],[694089.8126967321,6092877.287965395]]]]},"properties":null,"id":"40312605"},{"type":"Feature","geometry":{"type":"MultiPolygon","coordinates":[[[[694116.9715692321,6092879.019432146],[694119.7685608127,6092888.484585817],[694123.1674117679,6092893.313620353],[694128.1414293712,6092895.494836038],[694134.5513410395,6092895.998650843],[694138.7312382282,6092895.30399923],[694141.1509717426,6092893.270536025],[694139.9624929419,6092884.124228957],[694138.713681716,6092878.551239381],[694131.5769546778,6092868.379561719],[694130.3975519665,6092867.800320875],[694128.3789237392,6092868.271688353],[694116.9715692321,6092879.019432146]]]]},"properties":null,"id":"40312607"},{"type":"Feature","geometry":{"type":"MultiPolygon","coordinates":[[[[694614.9385716583,6092923.500727576],[694616.9526883565,6092933.066380942],[694620.5230324636,6092944.412359791],[694624.0941150107,6092949.432851315],[694630.2651588639,6092948.4066185],[694639.6428449922,6092942.939133227],[694647.2928339601,6092940.820510834],[694655.5193816083,6092937.498755636],[694661.9279994661,6092926.988464464],[694655.888157232,6092926.672375484],[694662.5532335105,6092920.975067312],[694669.4162289696,6092910.3154254],[694668.5124085638,6092896.3630889],[694674.9988819635,6092889.460344346],[694689.5406829092,6092899.211255045],[694690.4835560166,6092907.907023567],[694677.8208358168,6092915.240824099],[694681.1335769144,6092922.071493711],[694684.4595747301,6092929.515819069],[694691.9827755345,6092928.590572789],[694698.9160329119,6092921.5386304315],[694705.024260254,6092910.895259416],[694697.6815834012,6092899.342411737],[694686.4723226789,6092883.212675904],[694675.4425945939,6092875.041706266],[694670.7099779844,6092872.74394523],[694663.202684076,6092874.403704381],[694660.7741040811,6092880.614178896],[694655.6347709739,6092887.0320191],[694644.2122016809,6092888.925135264],[694638.0358704659,6092896.41649865],[694632.4953039214,6092905.094110226],[694623.0969844816,6092909.957395535],[694615.4923804312,6092914.177307786],[694614.9385716583,6092923.500727576]]]]},"properties":null,"id":"48147158"},{"type":"Feature","geometry":{"type":"MultiPolygon","coordinates":[[[[694666.8779546034,6092824.557750607],[694667.7065735385,6092828.670019513],[694694.0743518472,6092863.337206424],[694768.13583292,6092958.442796715],[694840.7302903051,6093054.063283885],[694967.3209541291,6093219.221646494],[695003.7932834442,6093269.2227957025],[695011.1202166503,6093269.789894594],[695015.0732700673,6093271.6485494245],[695018.7115901065,6093270.59312458],[695031.8803486066,6093259.136352916],[694973.9103178944,6093181.451826923],[694957.8369777666,6093193.324809156],[694937.7608511179,6093167.173276583],[694952.6109841918,6093155.875606854],[694892.3825058729,6093079.858046727],[694878.9555856581,6093094.538757517],[694867.8723563754,6093067.327598672],[694867.3787755448,6093044.492120763],[694824.7291636991,6092989.861291589],[694811.3031458524,6092999.993122969],[694790.6736840091,6092972.197480663],[694805.794486225,6092961.080234993],[694751.4697769803,6092889.910960345],[694737.3988660157,6092900.549634419],[694718.3409619244,6092876.2826346075],[694732.6642139581,6092864.968781667],[694702.6072507988,6092826.530279173],[694690.7174734056,6092835.745055141],[694685.7818844577,6092835.349328756],[694681.1893045402,6092832.471815577],[694678.409052511,6092826.987764342],[694679.5063399269,6092822.350192711],[694692.8943095224,6092812.935635483],[694687.1478927914,6092805.013363274],[694668.4703565267,6092819.183920054],[694666.8779546034,6092824.557750607]]]]},"properties":null,"id":"4669280"},{"type":"Feature","geometry":{"type":"MultiPolygon","coordinates":[[[[694631.2211047462,6092931.567669837],[694633.1742395238,6092956.325069314],[694659.0087658947,6092951.45107661],[694660.2300356543,6092957.852502303],[694654.8825313267,6092958.870275905],[694657.1549189686,6092970.151246861],[694635.4129812617,6092974.527579464],[694641.6408402636,6093022.057402857],[694735.8902659883,6092952.879022416],[694685.9432027382,6092889.084468128],[694631.2211047462,6092931.567669837]]]]},"properties":null,"id":"22010815"},{"type":"Feature","geometry":{"type":"MultiPolygon","coordinates":[[[[694575.4650809752,6092970.342653276],[694575.6113373579,6092971.1115758205],[694575.9846950695,6092971.801179581],[694576.5991972154,6092972.355348495],[694577.361153697,6092972.673780885],[694578.1935261923,6092972.720930801],[694578.9972083871,6092972.498937264],[694579.6656710885,6092972.019401691],[694580.1467534314,6092971.3392628655],[694580.3660259729,6092970.543846698],[694580.3100477732,6092969.717162741],[694579.9808256922,6092968.952189269],[694579.4421577209,6092968.377779514],[694578.7550322942,6092967.992617106],[694577.9890647645,6092967.841710288],[694577.1982219715,6092967.951800741],[694576.4966564812,6092968.31112254],[694575.9363283966,6092968.85343914],[694575.5778247983,6092969.558838605],[694575.4650809752,6092970.342653276]]]]},"properties":null,"id":"54840635"},{"type":"Feature","geometry":{"type":"MultiPolygon","coordinates":[[[[694122.1350352279,6093082.336494628],[694123.6488545085,6093092.778094135],[694127.3075408764,6093102.940956712],[694139.6836910268,6093131.14827431],[694155.287610462,6093153.044341502],[694164.1978000291,6093145.680515064],[694170.0737736074,6093152.549169072],[694273.6186573841,6093072.441079127],[694279.2149217174,6093068.097314825],[694371.8050802918,6092997.172693608],[694377.3810100377,6092991.536302121],[694389.1303031344,6092979.673892321],[694385.6764635451,6092977.608870303],[694366.5308715235,6092991.686513593],[694174.6169927395,6093140.032979528],[694147.8285662478,6093108.080346533],[694208.0128298936,6093064.794282091],[694167.5978871873,6093013.507742383],[694311.4604805644,6092904.866077828],[694294.8237587775,6092891.317950634],[694172.6703557794,6092983.073544553],[694152.6971344833,6093005.838123131],[694127.3489274532,6093052.438816334],[694122.1788081751,6093072.679944308],[694122.1350352279,6093082.336494628]]]]},"properties":null,"id":"37176006"},{"type":"Feature","geometry":{"type":"MultiPolygon","coordinates":[[[[694516.5221003538,6093141.05334592],[694536.6468508677,6093165.279138216],[694583.7056961292,6093130.933991393],[694578.5741146397,6093123.584413429],[694561.3207513203,6093138.403008333],[694558.7547674313,6093135.072397705],[694555.865792979,6093137.274236481],[694553.8964672466,6093134.730734309],[694547.8187836059,6093139.382731466],[694540.7885274038,6093130.288090782],[694539.3179581284,6093131.417476594],[694537.4975009798,6093129.056802037],[694530.9692162428,6093129.439519901],[694516.5221003538,6093141.05334592]]]]},"properties":null,"id":"37810984"},{"type":"Feature","geometry":{"type":"MultiPolygon","coordinates":[[[[694282.1904049694,6093316.614171069],[694306.1388490527,6093346.627709134],[694531.9462233242,6093168.710733963],[694511.0863997655,6093142.584547233],[694288.1357202041,6093312.179171944],[694282.1904049694,6093316.614171069]]]]},"properties":null,"id":"4140517"},{"type":"Feature","geometry":{"type":"MultiPolygon","coordinates":[[[[694072.9553220767,6093080.576745668],[694098.8631031625,6093099.274406902],[694147.8769042708,6093164.161834054],[694150.9331301195,6093161.221663079],[694128.6493415515,6093128.771977205],[694118.7007624179,6093109.16335585],[694114.7731822558,6093091.825038437],[694113.4990928236,6093081.889893457],[694114.0207648727,6093059.004732206],[694098.2145379377,6093069.1494839825],[694083.2377737217,6093076.727567313],[694072.9553220767,6093080.576745668]]]]},"properties":null,"id":"37176000"},{"type":"Feature","geometry":{"type":"MultiPolygon","coordinates":[[[[694070.6435344261,6092994.088848587],[694077.9459713555,6092992.47121425],[694084.0339899503,6092992.191317955],[694091.3228252904,6092993.839011675],[694098.155601183,6092996.622075877],[694103.1482672534,6093000.0214853585],[694107.7310171531,6093004.573879774],[694111.2765492992,6093009.48348125],[694114.330876254,6093016.3757089265],[694115.3342956295,6093022.595831312],[694115.5472490618,6093029.298079912],[694114.0284291124,6093036.335283935],[694111.8161079381,6093042.336278914],[694114.6211866457,6093038.006206112],[694117.5532538223,6093029.301398094],[694119.1897382247,6093019.936127689],[694119.129660764,6093008.644638186],[694116.917591912,6093000.487791542],[694112.4615012052,6092994.379219139],[694106.147021808,6092989.454819163],[694099.5030354522,6092986.583977388],[694089.3129491132,6092986.924291806],[694077.5464664809,6092989.856615263],[694070.6435344261,6092994.088848587]]]]},"properties":null,"id":"56021050"},{"type":"Feature","geometry":{"type":"MultiPolygon","coordinates":[[[[694205.9743192343,6093174.463818839],[694206.9986224932,6093176.692870554],[694208.7052555239,6093178.730483833],[694209.9101906129,6093179.076613828],[694212.3245574698,6093177.499056423],[694213.792632476,6093174.481448071],[694217.8511410453,6093172.040582165],[694222.5091165035,6093169.456570545],[694224.2586506293,6093166.758471487],[694222.3841313617,6093163.654732473],[694221.5732517508,6093162.481527757],[694217.8538473794,6093163.668605107],[694214.5934031426,6093166.687616279],[694210.8251723662,6093169.857096352],[694206.8110034498,6093172.231889032],[694205.9743192343,6093174.463818839]]]]},"properties":null,"id":"56671606"},{"type":"Feature","geometry":{"type":"MultiPolygon","coordinates":[[[[694235.6768483311,6093157.917316232],[694237.5565794525,6093161.262795916],[694241.1217638768,6093164.246388652],[694246.4128514903,6093163.081252541],[694250.3524403255,6093158.661578627],[694253.1730335576,6093151.512580646],[694256.5216488725,6093144.798706999],[694256.2000276361,6093139.075521633],[694251.4916391645,6093137.902576187],[694238.6600244372,6093148.755559975],[694237.1283687684,6093151.653615354],[694235.6768483311,6093157.917316232]]]]},"properties":null,"id":"56671607"},{"type":"Feature","geometry":{"type":"MultiPolygon","coordinates":[[[[694317.3395903436,6093129.506987013],[694337.3158585872,6093155.3642624],[694326.7779057529,6093163.637753888],[694333.725692949,6093173.162224383],[694384.9497021197,6093134.216845665],[694357.5502819988,6093098.724542515],[694317.3395903436,6093129.506987013]]]]},"properties":null,"id":"4140510"},{"type":"Feature","geometry":{"type":"MultiPolygon","coordinates":[[[[694114.5464379628,6093410.762537554],[694146.4484500693,6093454.521219144],[694141.655406149,6093458.633635733],[694142.859259234,6093465.658723979],[694224.709680486,6093574.005278375],[694236.3208457413,6093570.201757807],[694234.8593251187,6093578.484226791],[694226.8173504919,6093588.992115592],[694214.644737182,6093593.998386757],[694204.2291149467,6093592.752980927],[694196.007789618,6093587.497601541],[694188.5914477261,6093576.764532865],[694171.6718170184,6093569.249994127],[694154.3799736426,6093563.222477253],[694148.2547317526,6093570.2937459685],[694149.1563043703,6093580.283416331],[694159.3810381219,6093587.188684529],[694161.587129929,6093588.685334182],[694167.7124958193,6093601.101999983],[694161.6204778736,6093618.218852032],[694153.1773403003,6093640.921082631],[694129.5705863347,6093695.521153353],[694259.0609103413,6093756.191628093],[694261.8113824683,6093757.816061337],[694265.0577956615,6093754.843861705],[694266.7339322134,6093754.39845926],[694269.4170648592,6093753.959268887],[694274.130652419,6093753.2344788145],[694309.1291933822,6093673.700671265],[694348.4237893743,6093587.9067701865],[694354.9540066489,6093571.319846004],[694366.90729088,6093537.388463482],[694368.6431917785,6093518.132830851],[694368.5862680168,6093506.645919083],[694365.595844598,6093489.2874783585],[694360.3199935957,6093474.182906952],[694354.3011526053,6093462.117542673],[694353.3769074894,6093459.579377037],[694326.1606741921,6093418.11102256],[694300.1445526077,6093386.663042618],[694285.1881815451,6093370.074052384],[694268.9080588399,6093380.545558767],[694201.2217882008,6093431.518892505],[694205.2722889376,6093436.84548952],[694172.2993225796,6093461.666724147],[694160.3675428696,6093445.970520817],[694203.5384794194,6093415.841421619],[694198.6953580581,6093409.127274603],[694184.8573191738,6093390.979190869],[694168.625757583,6093370.064089501],[694170.1521806563,6093369.045192663],[694166.0656114885,6093363.812380584],[694167.8211655694,6093362.453673294],[694150.6656504694,6093340.423582606],[694144.2384940423,6093341.613117175],[694114.5464379628,6093410.762537554]]]]},"properties":null,"id":"3418741"},{"type":"Feature","geometry":{"type":"MultiPolygon","coordinates":[[[[694244.6099383482,6093582.497351795],[694250.0316388145,6093593.757059063],[694258.4416283004,6093603.873340152],[694267.1645947921,6093609.043441465],[694275.0555204588,6093614.891912425],[694280.0111787337,6093614.78514166],[694291.1953515683,6093613.465119064],[694292.4183983362,6093620.3130403925],[694291.2692329355,6093637.0723326625],[694279.2725972772,6093640.335398827],[694278.9934853797,6093647.206383353],[694283.6115452722,6093651.609115779],[694289.5683019165,6093648.048285987],[694293.9408382254,6093650.967962868],[694302.6883346111,6093656.565403175],[694306.6800088619,6093661.63277105],[694316.9080293425,6093666.556449064],[694359.3076925592,6093573.365496187],[694369.4976881252,6093535.834981365],[694371.3416384133,6093511.330613475],[694365.526994099,6093481.847252969],[694358.2603376973,6093464.618196264],[694344.0462514556,6093465.1385223465],[694335.5576095394,6093471.544608166],[694337.5285237717,6093482.65538953],[694333.7126164655,6093486.802665198],[694321.2233392231,6093486.662536163],[694317.0313614681,6093471.943879476],[694315.4310424144,6093460.685576699],[694304.9681124435,6093462.548227763],[694297.89280311,6093485.342084065],[694303.3526678158,6093502.6194190495],[694313.6291629768,6093504.1374650225],[694324.3880451876,6093503.2637572475],[694328.144549092,6093507.685032141],[694335.3086410481,6093509.893373809],[694339.0930077857,6093515.607040839],[694334.890055605,6093520.199858106],[694318.9877862835,6093512.821803248],[694310.8134302779,6093513.639808575],[694301.4662209303,6093519.850410087],[694295.6435902059,6093529.631490162],[694284.8139888783,6093532.534549743],[694280.7454846079,6093522.836369931],[694282.7662734962,6093515.732511962],[694275.6701867227,6093501.811281551],[694258.7716954926,6093499.524250763],[694247.9195249229,6093505.981167264],[694243.41135659,6093516.589689439],[694261.4552287798,6093543.716666115],[694268.0329722262,6093549.15623082],[694264.9836818287,6093557.379893467],[694253.7070375165,6093554.40429677],[694246.9719393221,6093561.842256868],[694244.6099383482,6093582.497351795]]]]},"properties":null,"id":"30662317"},{"type":"Feature","geometry":{"type":"MultiPolygon","coordinates":[[[[694183.6370634823,6093482.361646059],[694184.0346564702,6093488.427371103],[694185.3789151008,6093492.407637177],[694187.519317904,6093495.459149051],[694190.2230962493,6093498.461318947],[694197.7908661186,6093504.186578842],[694202.2859176979,6093506.424600551],[694206.0695937083,6093507.152393183],[694209.6438600961,6093506.656813972],[694210.8344471152,6093505.626540825],[694211.0532099524,6093503.742799452],[694209.8149751434,6093502.206712058],[694207.5007284794,6093501.354250986],[694203.6071576601,6093499.419549625],[694200.9209965577,6093497.235591073],[694198.3412155232,6093493.970294083],[694196.9580154567,6093490.307140527],[694196.6891622948,6093485.61535741],[694196.7007506922,6093481.903559671],[694195.8524031366,6093478.991661083],[694194.1734001158,6093477.176698859],[694192.3824118511,6093476.182735208],[694189.8143504299,6093475.940374605],[694187.3239008451,6093476.468418211],[694185.0793606028,6093478.498109473],[694183.6370634823,6093482.361646059]]]]},"properties":null,"id":"40540099"},{"type":"Feature","geometry":{"type":"MultiPolygon","coordinates":[[[[694250.2160046769,6093470.248726936],[694251.1806827006,6093474.665060372],[694254.8769914939,6093472.045947475],[694255.8314747899,6093469.616132659],[694255.2145593917,6093457.266892727],[694257.6076643332,6093445.848132476],[694258.7642437606,6093441.469817741],[694257.9186230388,6093440.455499604],[694256.8751566459,6093440.171009995],[694254.0014285296,6093449.107153807],[694252.0907529619,6093457.073731463],[694250.8377372273,6093465.11916153],[694250.2160046769,6093470.248726936]]]]},"properties":null,"id":"40540098"},{"type":"Feature","geometry":{"type":"MultiPolygon","coordinates":[[[[694212.5657466166,6093463.478523055],[694213.286293694,6093466.476892265],[694215.5432771305,6093469.27472936],[694218.4784489117,6093470.625430411],[694220.7311101528,6093471.097827591],[694223.1473199902,6093470.664394972],[694228.3822466676,6093468.653997807],[694230.1538103507,6093468.746066482],[694231.9038780198,6093469.6106745135],[694234.7950335789,6093473.166923022],[694238.3117833206,6093476.021336775],[694240.7881462434,6093476.6098378245],[694242.6867281125,6093476.224759331],[694247.8076705884,6093474.942372426],[694248.2786401716,6093466.709144016],[694247.465942987,6093465.098779317],[694246.1492384443,6093464.169025621],[694242.1960460249,6093463.361183306],[694236.3906844283,6093461.197919166],[694232.2317128107,6093458.627101067],[694227.7439386151,6093455.309891505],[694222.4231812442,6093451.210639641],[694216.6899945008,6093455.93868543],[694214.8575874154,6093457.271150297],[694212.6372903609,6093460.4258843735],[694212.5657466166,6093463.478523055]]]]},"properties":null,"id":"40540100"},{"type":"Feature","geometry":{"type":"MultiPolygon","coordinates":[[[[694432.6071882022,6093634.481678516],[694452.7677638032,6093661.041759126],[694467.0647570743,6093650.2034192765],[694446.911381895,6093623.624609388],[694432.6071882022,6093634.481678516]]]]},"properties":null,"id":"9831279"},{"type":"Feature","geometry":{"type":"MultiPolygon","coordinates":[[[[694159.5852397603,6093575.06362294],[694164.9186615155,6093588.250814404],[694166.7225491572,6093610.388229961],[694169.2870752733,6093618.611896204],[694175.4728088849,6093623.204173522],[694185.3085817994,6093625.503939237],[694187.0911264037,6093632.125872057],[694181.1072052148,6093636.9057954475],[694180.5953032702,6093647.846812522],[694190.9137047454,6093657.680202335],[694190.2716616845,6093662.577643268],[694175.1857021739,6093672.213933527],[694179.0924664236,6093681.134260193],[694187.2105583638,6093685.843056925],[694196.4003843572,6093692.147335727],[694189.0521638703,6093695.561324325],[694178.7747644865,6093701.094151813],[694171.950400865,6093708.64559081],[694179.9949298818,6093716.6675342815],[694192.6681054425,6093721.082894642],[694203.2375070882,6093718.836715205],[694215.0269534983,6093721.885060886],[694225.894136173,6093713.632571138],[694222.7542491556,6093702.072544948],[694229.0352586394,6093704.355811447],[694236.8386216364,6093718.88508715],[694247.6567005683,6093724.642628392],[694251.4152427082,6093713.222373102],[694246.1080310398,6093702.322980821],[694247.0723869287,6093699.641799513],[694254.8292252452,6093708.823341099],[694259.5208237362,6093716.2849020595],[694266.9632939864,6093725.389487819],[694279.1052061742,6093730.988243582],[694290.9255233982,6093724.138363326],[694300.2072870118,6093707.445699602],[694311.9425417227,6093678.951564415],[694284.6865402603,6093669.99486725],[694288.7119144285,6093662.8199148495],[694273.7018822689,6093655.087667298],[694264.0235985947,6093639.919758934],[694252.7112730411,6093638.8332552705],[694234.825134245,6093649.134612172],[694221.4566527129,6093649.264426485],[694215.4596201514,6093645.9983177185],[694212.6262294896,6093632.022437477],[694203.9581441646,6093629.399884285],[694189.5968781381,6093617.430368427],[694177.1824594456,6093599.521362705],[694180.5340824822,6093589.393592622],[694191.3888881326,6093590.490035278],[694189.0626314922,6093579.163635662],[694177.6989604568,6093561.520370049],[694162.9756006561,6093560.358381375],[694159.5852397603,6093575.06362294]]]]},"properties":null,"id":"30662343"},{"type":"Feature","geometry":{"type":"MultiPolygon","coordinates":[[[[694184.8930088946,6093677.04664644],[694197.5814539898,6093675.089713831],[694226.9637731053,6093666.968679854],[694225.0592737099,6093653.62394341],[694215.8915909966,6093650.826118593],[694201.0352073216,6093665.099270109],[694184.8930088946,6093677.04664644]]]]},"properties":null,"id":"31484115"},{"type":"Feature","geometry":{"type":"MultiPolygon","coordinates":[[[[694248.5892206831,6093698.883559092],[694251.0387299238,6093705.658553336],[694252.2988680503,6093707.147654351],[694255.9349817922,6093707.39489973],[694258.6094877882,6093706.555906067],[694260.511962346,6093705.287041164],[694265.4886525458,6093701.90547983],[694267.467767429,6093700.6535665],[694269.1382973634,6093699.594343305],[694270.3428010371,6093697.084725782],[694269.5101259059,6093692.423694722],[694265.7361065916,6093688.607409292],[694261.3423666039,6093689.306702508],[694258.4842470931,6093691.182188919],[694253.2154263016,6093694.811895015],[694252.1796905271,6093696.303942658],[694248.5892206831,6093698.883559092]]]]},"properties":null,"id":"3430697"},{"type":"Feature","geometry":{"type":"MultiPolygon","coordinates":[[[[694600.288417933,6093517.601537881],[694607.3691608266,6093526.1927439645],[694608.5815817488,6093526.175879063],[694622.6484504625,6093514.942238835],[694622.5254586563,6093514.191419073],[694615.9362596637,6093506.110535728],[694615.1158767608,6093506.267774731],[694600.696099342,6093516.6997328205],[694600.288417933,6093517.601537881]]]]},"properties":null,"id":"3418724"},{"type":"Feature","geometry":{"type":"MultiPolygon","coordinates":[[[[694552.2465312043,6093483.857499675],[694585.1411116652,6093527.193372017],[694631.7437473433,6093492.123080265],[694600.6154061583,6093451.111996579],[694589.565667624,6093448.401685266],[694553.8066528956,6093475.210046947],[694552.2465312043,6093483.857499675]]]]},"properties":null,"id":"3418725"},{"type":"Feature","geometry":{"type":"MultiPolygon","coordinates":[[[[694634.4702179367,6093592.99259804],[694699.5450980554,6093675.818755995],[694741.3891447936,6093644.311076809],[694679.7155609383,6093558.286247188],[694634.4702179367,6093592.99259804]]]]},"properties":null,"id":"3418722"},{"type":"Feature","geometry":{"type":"MultiPolygon","coordinates":[[[[694682.045809776,6093635.834523808],[694704.2769432673,6093664.637718322],[694733.4580104143,6093642.621925639],[694711.1048364344,6093613.467952623],[694682.045809776,6093635.834523808]]]]},"properties":null,"id":"4829854"},{"type":"Feature","geometry":{"type":"MultiPolygon","coordinates":[[[[694645.4863773432,6093587.424673966],[694666.9851678241,6093616.234453458],[694696.0365419257,6093594.221575524],[694674.0495559688,6093565.0596173415],[694645.4863773432,6093587.424673966]]]]},"properties":null,"id":"4829855"},{"type":"Feature","geometry":{"type":"MultiPolygon","coordinates":[[[[694242.4290751654,6093905.123413909],[694279.8490299722,6093928.735415572],[694944.8809657196,6094226.201865444],[694958.2296392005,6094196.881269161],[694307.2356015729,6093907.252802921],[694249.7050461313,6093890.911184333],[694242.4290751654,6093905.123413909]]]]},"properties":null,"id":"10771925"},{"type":"Feature","geometry":{"type":"MultiPolygon","coordinates":[[[[694110.6242672092,6094345.523385929],[694112.0735588253,6094355.798929262],[694121.4572371346,6094354.424907349],[694121.8565809019,6094357.030204592],[694125.5138612463,6094356.477082011],[694125.6468428132,6094357.339315848],[694129.3875947378,6094356.765790911],[694133.8784921346,6094386.082395377],[694148.2510181663,6094383.996330213],[694156.0777072915,6094433.612740951],[694151.2331325398,6094434.29375413],[694155.900069751,6094463.987948111],[694167.804684448,6094462.066608191],[694169.6319215604,6094464.027226519],[694171.9820685175,6094465.827753894],[694176.5100343949,6094468.865088174],[694181.0871550739,6094472.059498004],[694185.0216478035,6094474.104977015],[694189.2168054853,6094475.856477093],[694198.8917343543,6094478.792291263],[694213.2086530816,6094480.139808079],[694218.6533575129,6094480.403958272],[694226.493907831,6094479.630491009],[694233.8268636682,6094477.602860142],[694242.9059798247,6094473.770217763],[694251.259545895,6094469.543898319],[694261.5188741211,6094461.360335341],[694270.3347535394,6094451.682302127],[694274.7905331547,6094444.6376498295],[694278.5053430549,6094436.48339879],[694280.6194150884,6094426.61482732],[694281.4579701495,6094420.922473683],[694281.8945859837,6094411.090033367],[694280.5855459685,6094400.960318047],[694276.8999076255,6094383.198244985],[694275.2756114214,6094378.972861918],[694270.6097563161,6094367.408506121],[694263.4903038882,6094352.427305659],[694259.3536991924,6094347.725810394],[694255.1959814306,6094344.168928514],[694250.5524887053,6094340.724830355],[694242.0240696853,6094336.117913526],[694217.50190304,6094326.674125947],[694212.4881277736,6094325.517001007],[694161.2950165393,6094333.307409877],[694136.091846464,6094336.51963316],[694110.6242672092,6094345.523385929]]]]},"properties":null,"id":"4115183"},{"type":"Feature","geometry":{"type":"MultiPolygon","coordinates":[[[[694344.0153065331,6094264.685140226],[694345.4405435163,6094269.938035415],[694377.7015599023,6094285.577348353],[694425.6341791637,6094179.988265498],[694396.0164200162,6094169.119971175],[694388.0834025397,6094171.607188757],[694384.7587780318,6094175.911313433],[694344.0153065331,6094264.685140226]]]]},"properties":null,"id":"4139362"},{"type":"Feature","geometry":{"type":"MultiPolygon","coordinates":[[[[694391.2183067003,6094291.574269332],[694418.5303021489,6094305.8689782955],[694426.1211003718,6094304.486769899],[694470.6531991068,6094206.0682549905],[694468.0184104462,6094199.911242255],[694438.0285793989,6094186.651151357],[694391.2183067003,6094291.574269332]]]]},"properties":null,"id":"4139363"},{"type":"Feature","geometry":{"type":"MultiPolygon","coordinates":[[[[694421.1082273683,6094514.292666225],[694506.0073204269,6094552.2661092],[694518.6759064147,6094524.216754267],[694524.6842603185,6094526.915027624],[694553.1668668244,6094463.874104278],[694462.2596742767,6094423.184224002],[694421.1082273683,6094514.292666225]]]]},"properties":null,"id":"19918897"},{"type":"Feature","geometry":{"type":"MultiPolygon","coordinates":[[[[694091.8849860176,6094352.056751118],[694117.1257589182,6094515.053874108],[694126.4412825915,6094522.202053125],[694133.5771840761,6094521.295001088],[694239.6644206168,6094504.611415238],[694247.1388309412,6094503.12955329],[694252.52366447,6094500.967121668],[694259.3351875078,6094497.750727784],[694265.0565550376,6094494.567109872],[694271.8784023179,6094488.997048371],[694276.7715316785,6094484.1940888325],[694281.7249115251,6094477.938698387],[694285.8243050771,6094471.701699622],[694309.17482995,6094420.009141412],[694334.4321948615,6094364.070857575],[694329.791358101,6094352.254831335],[694218.7440455963,6094302.526995454],[694203.9097529278,6094325.673807996],[694136.1873429792,6094333.1595164295],[694136.091846464,6094336.51963316],[694110.6242672092,6094345.523385929],[694091.8849860176,6094352.056751118]]]]},"properties":null,"id":"23424779"},{"type":"Feature","geometry":{"type":"MultiPolygon","coordinates":[[[[694094.8535886519,6094279.092261803],[694097.2853968961,6094283.2723870855],[694099.8330299369,6094283.2640710445],[694100.4625161124,6094282.385428059],[694103.50018137,6094284.943248779],[694098.8783165277,6094287.107783083],[694100.1434613452,6094289.536312557],[694098.1792176462,6094291.132036131],[694099.6225311803,6094293.686960906],[694116.1488678689,6094291.731325893],[694115.9484868263,6094290.572875088],[694120.5069109043,6094289.005032287],[694121.5443852072,6094286.8804261815],[694122.5010487346,6094287.380753828],[694124.5713721825,6094286.815275487],[694115.9561600542,6094282.777543394],[694102.2906188174,6094279.07174387],[694094.8535886519,6094279.092261803]]]]},"properties":null,"id":"41256338"},{"type":"Feature","geometry":{"type":"MultiPolygon","coordinates":[[[[694135.8816895207,6094301.948217943],[694139.8256429952,6094301.956346173],[694140.990679566,6094304.340514998],[694137.4505145357,6094306.43527456],[694148.6363433902,6094305.506139463],[694151.753127011,6094303.58792717],[694155.6332065708,6094304.881114757],[694163.3154886616,6094304.204120718],[694164.3096091952,6094302.192067858],[694153.2916690637,6094296.745663098],[694149.7853253802,6094296.86765249],[694146.778379507,6094293.61152676],[694141.1443627123,6094297.304812158],[694138.7304446499,6094295.728902784],[694135.8816895207,6094301.948217943]]]]},"properties":null,"id":"41256340"},{"type":"Feature","geometry":{"type":"MultiPolygon","coordinates":[[[[694544.0744882583,6094495.734681884],[694560.2436891693,6094503.376456449],[694576.1831265786,6094469.9542318545],[694560.0139677053,6094462.312487479],[694544.0744882583,6094495.734681884]]]]},"properties":null,"id":"19918896"},{"type":"Feature","geometry":{"type":"MultiPolygon","coordinates":[[[[694304.646719116,6093997.390369037],[694307.2646886494,6094015.51961772],[694320.4399430898,6094020.203073928],[694333.6953547511,6093989.666932455],[694315.3589184863,6093981.931983156],[694307.991270172,6093990.118463473],[694304.646719116,6093997.390369037]]]]},"properties":null,"id":"37175825"},{"type":"Feature","geometry":{"type":"MultiPolygon","coordinates":[[[[694194.779116982,6093991.264016195],[694197.3430707933,6093992.37157006],[694226.1349840986,6093926.683197649],[694224.9036737047,6093926.179495767],[694222.1903007976,6093928.758808379],[694194.779116982,6093991.264016195]]]]},"properties":null,"id":"43096111"},{"type":"Feature","geometry":{"type":"MultiPolygon","coordinates":[[[[694144.9097250255,6093846.089871779],[694172.24433778,6093859.035929451],[694174.2779549318,6093856.061974453],[694180.9404192906,6093859.406810083],[694184.9718413864,6093851.087625993],[694158.7970355389,6093839.930548888],[694157.9336148754,6093845.530409264],[694145.9900771335,6093843.834104924],[694144.9097250255,6093846.089871779]]]]},"properties":null,"id":"37176014"},{"type":"Feature","geometry":{"type":"MultiPolygon","coordinates":[[[[694132.2936457349,6094042.766315805],[694139.7250927441,6094046.038822813],[694142.4896802985,6094039.812008226],[694135.0658615101,6094036.539339513],[694132.2936457349,6094042.766315805]]]]},"properties":null,"id":"26609016"},{"type":"Feature","geometry":{"type":"MultiPolygon","coordinates":[[[[694135.0658615101,6094036.539339513],[694142.4896802985,6094039.812008226],[694154.5643831342,6094012.157337965],[694147.7176167902,6094009.114112411],[694135.0658615101,6094036.539339513]]]]},"properties":null,"id":"26609077"},{"type":"Feature","geometry":{"type":"MultiPolygon","coordinates":[[[[694149.0139958443,6094093.781950485],[694151.6170944746,6094094.935186528],[694181.4308472226,6094028.136664033],[694178.8357875652,6094027.001868591],[694149.0139958443,6094093.781950485]]]]},"properties":null,"id":"56699849"},{"type":"Feature","geometry":{"type":"MultiPolygon","coordinates":[[[[693907.3106255968,6093849.964798927],[693916.0683973926,6093853.915915771],[693916.6748210356,6093852.674998157],[693917.9446231193,6093853.19651684],[693918.509099607,6093852.133241029],[693919.5413494981,6093852.604055133],[693919.8204752941,6093852.105041463],[693920.3437246929,6093852.317039997],[693927.9161450472,6093834.489507596],[693915.9950244689,6093829.220413787],[693907.3106255968,6093849.964798927]]]]},"properties":null,"id":"43096121"},{"type":"Feature","geometry":{"type":"MultiPolygon","coordinates":[[[[693603.5416305165,6093757.238264653],[693603.770761668,6093759.02864718],[693604.3752746987,6093760.8946891595],[693604.9922416429,6093762.630234579],[693605.7804955977,6093764.88301909],[693607.6428332179,6093764.582576763],[693608.3805133451,6093766.966676062],[693611.4527947959,6093769.3750677],[693612.3515057971,6093772.509178054],[693614.0064889584,6093784.222175067],[693612.9163115832,6093785.315321097],[693614.1629736291,6093786.181554664],[693614.9241826317,6093791.792970997],[693617.8838137583,6093791.4410611335],[693612.1946658035,6093753.48048432],[693607.4021888862,6093748.755599042],[693606.2177305447,6093749.720539608],[693604.8872986713,6093751.70254099],[693604.0253734842,6093753.479139769],[693603.6517949367,6093755.2638580445],[693603.5416305165,6093757.238264653]]]]},"properties":null,"id":"37175941"},{"type":"Feature","geometry":{"type":"MultiPolygon","coordinates":[[[[693614.9542588685,6093753.0491507575],[693620.8545008209,6093790.89356916],[693623.5992560786,6093790.481156445],[693622.5673252272,6093785.40577201],[693623.6692323824,6093783.437977071],[693622.0491831547,6093782.589064002],[693619.9712272171,6093771.071191197],[693620.3851110361,6093767.611231757],[693622.5408657528,6093764.634788407],[693622.4726274016,6093761.101461914],[693625.2233626817,6093760.9679822065],[693625.5343738898,6093756.98001242],[693625.2107051346,6093753.628910009],[693623.4472263984,6093750.718014637],[693622.079417563,6093749.538112937],[693620.652212755,6093748.433903036],[693618.2715868106,6093747.331559918],[693614.9542588685,6093753.0491507575]]]]},"properties":null,"id":"37175952"},{"type":"Feature","geometry":{"type":"MultiPolygon","coordinates":[[[[693914.9090351138,6093823.057868749],[693930.5602780287,6093830.1071676295],[693938.0324383504,6093813.649188945],[693922.3814161198,6093806.609201632],[693914.9090351138,6093823.057868749]]]]},"properties":null,"id":"43096112"},{"type":"Feature","geometry":{"type":"MultiPolygon","coordinates":[[[[693951.4215118426,6093738.572307445],[693952.2969681895,6093740.26506534],[693953.4873913002,6093742.416154027],[693954.783378545,6093744.155679408],[693955.9971497159,6093745.264429798],[693959.0887727267,6093747.858334912],[693961.250144544,6093749.04902586],[693963.4061172039,6093749.988675594],[693964.2593248575,6093748.519194963],[693965.4586695868,6093746.474840453],[693966.1570172718,6093744.543585265],[693966.8897100458,6093742.081371168],[693967.2425931434,6093739.692441413],[693967.3519265197,6093736.973874534],[693967.132995707,6093734.597244431],[693965.9647694677,6093733.478213751],[693962.1593044027,6093733.513557366],[693958.849561644,6093734.254499043],[693956.7653114758,6093734.876059605],[693954.19886328,6093736.484712156],[693952.1454591156,6093737.831172381],[693951.4215118426,6093738.572307445]]]]},"properties":null,"id":"33262628"},{"type":"Feature","geometry":{"type":"MultiPolygon","coordinates":[[[[693761.0371887324,6094036.573973328],[693762.564201616,6094048.001338247],[693769.5331030041,6094046.084211509],[693768.2033183909,6094036.736277489],[693761.0371887324,6094036.573973328]]]]},"properties":null,"id":"55465998"},{"type":"Feature","geometry":{"type":"MultiPolygon","coordinates":[[[[693757.1804776734,6094012.927206609],[693759.2431575679,6094024.789563589],[693764.0939184099,6094022.276103448],[693764.2309567921,6094011.612965294],[693757.1804776734,6094012.927206609]]]]},"properties":null,"id":"55465999"},{"type":"Feature","geometry":{"type":"MultiPolygon","coordinates":[[[[693764.1930982474,6094059.910222535],[693766.3100961718,6094072.52488038],[693773.2041370834,6094071.027954448],[693770.018642683,6094061.226881731],[693764.1930982474,6094059.910222535]]]]},"properties":null,"id":"55466000"},{"type":"Feature","geometry":{"type":"MultiPolygon","coordinates":[[[[693905.78110075,6093853.327839491],[693914.5388749215,6093857.278957911],[693916.0683973926,6093853.915915771],[693907.3106255968,6093849.964798927],[693905.78110075,6093853.327839491]]]]},"properties":null,"id":"55301800"},{"type":"Feature","geometry":{"type":"MultiPolygon","coordinates":[[[[693307.7622567324,6094110.931864208],[693358.310032951,6094180.534625486],[693383.2584985954,6094177.199792832],[693390.8587873266,6094170.9253689805],[693393.1202206984,6094168.244393298],[693392.1158306629,6094157.689486149],[693388.3486110471,6094130.701266158],[693371.2963378867,6094144.759535488],[693356.9516040307,6094143.857821679],[693336.8103925663,6094120.932145318],[693380.4892504715,6094087.894264286],[693382.1828092061,6094059.086670198],[693373.9117486442,6094060.398872839],[693369.6458655789,6094064.936726075],[693307.7622567324,6094110.931864208]]]]},"properties":null,"id":"16950305"},{"type":"Feature","geometry":{"type":"MultiPolygon","coordinates":[[[[693188.7979774222,6094089.639830149],[693238.5466503516,6094155.818555379],[693240.9568639381,6094154.027429575],[693246.9557119384,6094162.010283083],[693284.8191081141,6094133.795046512],[693278.953843069,6094125.995395124],[693229.0714056364,6094059.633705607],[693215.0539244483,6094070.082569573],[693202.725618815,6094079.2673521675],[693188.7979774222,6094089.639830149]]]]},"properties":null,"id":"23350931"},{"type":"Feature","geometry":{"type":"MultiPolygon","coordinates":[[[[693100.2589480071,6093848.399135388],[693140.120673502,6093901.069479244],[693140.5270086112,6093900.809621375],[693149.8781150052,6093893.66071094],[693147.831820072,6093891.0720586255],[693127.3647518181,6093864.990258724],[693131.1159492525,6093862.063495344],[693148.055054456,6093849.142936518],[693165.3767736765,6093835.925783213],[693169.122712689,6093833.110739615],[693172.9055435106,6093838.071419949],[693173.791660016,6093837.419898653],[693174.535106774,6093836.873756025],[693196.720014123,6093866.2301837895],[693197.002654487,6093866.605512798],[693198.3765808857,6093865.5807584],[693205.1496887128,6093874.821422548],[693205.6112735282,6093875.360354495],[693206.0174964876,6093875.807451987],[693206.5294632786,6093876.205773668],[693207.1020258884,6093876.584192967],[693207.6952701288,6093876.859846537],[693208.356136844,6093877.087540998],[693209.0916526857,6093877.239219626],[693209.7800284848,6093877.326793792],[693210.4816607847,6093877.3210633425],[693211.2043730482,6093877.231162703],[693211.8869718625,6093877.049100906],[693212.6143202467,6093876.819570005],[693213.2411585976,6093876.527078129],[693213.7979839941,6093876.170971888],[693214.4356881889,6093875.673601918],[693214.9371514816,6093875.225661215],[693215.3695978693,6093874.760595102],[693215.7861980324,6093874.267962318],[693216.2010052433,6093873.691649433],[693216.5708636321,6093873.15350781],[693216.923879735,6093872.541310589],[693217.2305525368,6093871.902200129],[693217.5344362999,6093871.132920647],[693217.8001986735,6093870.364457938],[693218.0232036074,6093869.736442162],[693218.2493959378,6093869.257190961],[693218.529754963,6093868.8139874],[693218.8943793123,6093868.3875824595],[693219.3282196578,6093867.987600638],[693219.8168243328,6093867.651559787],[693220.3830661349,6093867.378969821],[693221.0036738439,6093867.151725232],[693221.7085468682,6093866.941279205],[693222.467985027,6093866.785476314],[693223.1750494115,6093866.677305823],[693223.913009281,6093866.587077402],[693224.6597887317,6093866.552472277],[693225.4677615135,6093866.525857966],[693226.2606849925,6093866.508868099],[693227.0833086406,6093866.454033555],[693227.7839440487,6093866.401812787],[693228.5363555002,6093866.2740661055],[693229.2562776201,6093866.05399496],[693229.8692607867,6093865.826913113],[693230.4804508815,6093865.516151143],[693231.1197472499,6093865.093162209],[693231.6067575334,6093864.682738397],[693232.1365249121,6093864.131867537],[693232.4690575615,6093863.63173319],[693232.7470249617,6093863.0769557],[693232.9397308417,6093862.458890765],[693233.06461527,6093861.879487302],[693233.1138547683,6093861.329610905],[693233.0770358696,6093860.679255923],[693232.9944714205,6093860.029881163],[693232.8569433235,6093859.3072676975],[693232.7123886822,6093858.612710962],[693232.5171077659,6093857.686689765],[693232.3707600934,6093856.908452939],[693232.2795753013,6093856.212752609],[693232.2331398984,6093855.469583123],[693232.2326492569,6093854.734731199],[693232.2847314666,6093853.961544542],[693232.4277070069,6093853.158504077],[693232.6031718326,6093852.447787999],[693232.8171563463,6093851.754850639],[693233.1136129687,6093850.995031683],[693233.4485892543,6093850.252991432],[693233.8226828915,6093849.556623244],[693234.2439165909,6093848.924359316],[693234.7720889486,6093848.299105942],[693235.3321528591,6093847.738283555],[693236.0138062031,6093847.1562515795],[693236.7195276126,6093846.629516152],[693237.441692849,6093846.158240638],[693238.2262466458,6093845.750742571],[693239.103885234,6093845.4156662235],[693239.7933084565,6093845.196247652],[693240.4385800806,6093845.052191589],[693241.1757411219,6093844.924770515],[693241.8683521124,6093844.85411638],[693242.5852305248,6093844.848056568],[693243.3261771263,6093844.897293283],[693244.0380214532,6093845.012267975],[693244.7199665459,6093845.1557894945],[693245.3649858907,6093845.355914595],[693246.0270469643,6093845.639392977],[693246.629110326,6093845.970667303],[693247.1938494776,6093846.339949658],[693247.752359154,6093846.774479878],[693248.2582961302,6093847.2473449],[693248.8047453768,6093847.830966424],[693249.2518801929,6093848.407414132],[693249.6831688199,6093848.956295228],[693251.7524876025,6093847.9910465535],[693251.2976346365,6093846.698505931],[693250.905369761,6093845.479040501],[693250.5933324306,6093844.443896949],[693250.3737823553,6093843.453281701],[693250.1548300665,6093842.490559811],[693249.9423065647,6093841.4718878055],[693249.7542498232,6093840.527107943],[693249.5581703724,6093839.563895883],[693249.3748956567,6093838.842262918],[693249.0397866982,6093837.798311687],[693248.3823736651,6093835.9519882975],[693247.5952024299,6093833.745665283],[693247.1078612022,6093832.360800138],[693246.670648937,6093831.1795059955],[693246.2585011815,6093830.099997358],[693245.816055824,6093829.030440021],[693245.4468112948,6093828.173261344],[693245.0149790153,6093827.243007407],[693244.5524506536,6093826.304109187],[693242.9313574112,6093823.26916891],[693242.6296821792,6093822.717510085],[693242.299303255,6093822.25018486],[693241.930205499,6093821.755783157],[693241.0230816897,6093820.7147873165],[693240.2180616155,6093819.811134294],[693239.6232790377,6093819.107621346],[693239.0044284384,6093818.348811764],[693223.657589869,6093798.064304305],[693223.3869037083,6093798.246843395],[693211.6813467871,6093782.72136515],[693211.2952109199,6093782.1436089305],[693210.970267842,6093781.573843645],[693210.6104453678,6093780.800180443],[693210.3675755648,6093780.144938153],[693210.1235105211,6093779.433909133],[693209.9408374521,6093778.740168851],[693209.7876651016,6093777.99928621],[693209.6100265136,6093777.184511332],[693209.053603973,6093773.643047739],[693208.901427805,6093772.948654028],[693208.7351985509,6093772.310373745],[693208.4786743831,6093771.729840418],[693208.0494379615,6093770.920456154],[693202.8527888671,6093762.985517819],[693202.4792586227,6093762.640042608],[693202.0086061831,6093762.389668778],[693201.4486549185,6093762.243530754],[693200.9294141943,6093762.217447201],[693200.374642241,6093762.313051591],[693199.9127547992,6093762.471780304],[693199.5136535652,6093762.712882318],[693188.3496011938,6093771.035547179],[693187.7580470422,6093771.5505311955],[693187.2650096351,6093772.035498457],[693186.7950439109,6093772.529273475],[693186.3645933704,6093773.087316304],[693185.9828756909,6093773.7838459145],[693185.6475006245,6093774.507288864],[693185.3745132869,6093775.294509644],[693185.1847943894,6093776.052040388],[693185.072313254,6093776.854426732],[693185.0312383863,6093777.785512099],[693185.0808570212,6093778.677446324],[693185.1974998706,6093779.493528254],[693185.3827604412,6093780.308140188],[693185.6272218849,6093781.037765369],[693185.9760317942,6093781.65353043],[693186.867642741,6093783.039039547],[693192.1981539344,6093779.064489002],[693195.8722472969,6093783.934468536],[693197.1335903313,6093782.9958438855],[693202.6607833344,6093790.337674343],[693200.7310452414,6093791.765024664],[693203.2904391641,6093795.161252731],[693185.3924016055,6093808.530365357],[693184.1687763688,6093809.449575899],[693183.054467954,6093807.994420756],[693140.8424647885,6093839.679095581],[693132.7200825167,6093845.787761892],[693125.2473501342,6093835.929492949],[693127.5746224658,6093834.18667892],[693125.1422143113,6093831.020262452],[693120.720635902,6093834.342764751],[693120.023362289,6093833.483304536],[693100.2589480071,6093848.399135388]]]]},"properties":null,"id":"23341451"},{"type":"Feature","geometry":{"type":"MultiPolygon","coordinates":[[[[693068.8599340168,6094071.287952801],[693086.0175961003,6094091.710691226],[693090.5886018262,6094094.291814337],[693095.0837438996,6094095.823428688],[693099.1861779811,6094096.470453057],[693103.8829814468,6094096.732667401],[693109.537259588,6094095.755809802],[693114.084656319,6094094.384058127],[693123.284384918,6094087.9918987965],[693095.660978418,6094051.8868190255],[693068.8599340168,6094071.287952801]]]]},"properties":null,"id":"27579554"},{"type":"Feature","geometry":{"type":"MultiPolygon","coordinates":[[[[693150.2523313342,6093902.229186023],[693151.5301401132,6093903.838978335],[693154.1050451361,6093901.904813567],[693154.6905791273,6093901.46437788],[693155.3449308248,6093901.031770208],[693155.8953304671,6093900.731617726],[693156.4625718434,6093900.505520879],[693157.1000250024,6093900.352336533],[693157.7984724612,6093900.197845695],[693158.6122800082,6093900.087394139],[693159.3054929586,6093900.044639911],[693160.0544657663,6093900.112315897],[693160.7129428657,6093900.228440441],[693161.3659863914,6093900.447003882],[693161.9518054167,6093900.732121552],[693162.569714878,6093901.090968227],[693162.9799761241,6093901.370544158],[693163.5093815109,6093901.870817263],[693163.8772827268,6093902.309435363],[693164.3502744763,6093903.024863961],[693164.7285882642,6093903.593487707],[693165.0433187056,6093904.042546726],[693165.402201679,6093904.416243585],[693165.8232739865,6093904.8444206435],[693166.2501782009,6093905.188754311],[693166.6997561746,6093905.523300232],[693167.1868581797,6093905.829136215],[693167.7261353319,6093906.078042266],[693168.3408588299,6093906.288124006],[693168.900021512,6093906.3970732745],[693169.5358254963,6093906.522984926],[693170.2607311028,6093906.535363324],[693170.946519422,6093906.5020693205],[693171.6389362144,6093906.422123024],[693172.2840139056,6093906.268774295],[693172.9658188988,6093906.049524434],[693173.5695884142,6093905.748227639],[693174.0288946128,6093905.468629431],[693174.5301623796,6093905.011393364],[693174.8875643397,6093904.603749266],[693175.3098007262,6093904.017977353],[693181.1880734009,6093895.343471114],[693181.9069150104,6093894.360658838],[693182.4055924581,6093893.782551071],[693182.9869419185,6093893.1468599625],[693183.6814605093,6093892.45293219],[693184.3699481244,6093891.833549971],[693185.0227043717,6093891.326557763],[693185.6925017317,6093890.902918919],[693186.5812122497,6093890.3722678125],[693187.4568650962,6093889.944218919],[693188.2875689005,6093889.554341065],[693189.3165039669,6093889.160216495],[693190.2563377841,6093888.879625229],[693191.0452793902,6093888.676682828],[693192.2609815476,6093888.455295827],[693194.4648524125,6093888.073208148],[693197.7540155121,6093887.435317778],[693198.627620727,6093887.267769111],[693199.3790382294,6093887.093536026],[693200.1214370632,6093886.854381717],[693200.7340239013,6093886.608706379],[693201.2615484552,6093886.309041047],[693201.7333126556,6093885.898945648],[693202.1190185811,6093885.388371356],[693202.3745141276,6093884.85268053],[693202.5154462678,6093884.3101420645],[693202.5632934766,6093883.695181433],[693202.571027311,6093882.988059657],[693202.4712244796,6093882.246033551],[693202.3032015692,6093881.524073109],[693202.0204161552,6093880.785967241],[693201.6541621543,6093880.068253716],[693201.1274000551,6093879.335374806],[693200.4694318273,6093878.530890392],[693199.7283934932,6093877.765393839],[693198.9662752128,6093877.084067326],[693198.1822801988,6093876.449719706],[693197.4391953428,6093875.944724328],[693196.5891715907,6093875.432717854],[693195.901847098,6093875.038152415],[693195.077883378,6093874.674420366],[693194.2087716755,6093874.339561624],[693193.49473488,6093874.122307289],[693192.5445449663,6093873.919414097],[693191.6037720486,6093873.800037544],[693190.4575422696,6093873.703666484],[693187.0902601061,6093873.54325146],[693156.7604854152,6093896.9643607],[693150.2523313342,6093902.229186023]]]]},"properties":null,"id":"56771304"},{"type":"Feature","geometry":{"type":"MultiPolygon","coordinates":[[[[693057.3527351181,6093774.994445903],[693058.9512079688,6093792.652715357],[693059.2000572348,6093794.656629624],[693059.4427358491,6093796.372312577],[693059.7760486318,6093798.402324695],[693060.1721466456,6093800.514711043],[693060.524212158,6093801.995500969],[693060.9288509747,6093803.43795716],[693061.4067461108,6093804.739314304],[693061.9558469772,6093806.160073569],[693062.609437278,6093807.829751007],[693063.2887472302,6093809.275628676],[693063.8956573601,6093810.546317466],[693064.6809104201,6093811.9527186975],[693065.5277546039,6093813.385707374],[693066.3487404758,6093814.679718913],[693067.2935055807,6093816.054798733],[693068.1889425246,6093817.263497749],[693069.633004797,6093819.15810414],[693078.6237795979,6093830.807113254],[693080.2647001375,6093830.139440516],[693083.262571874,6093828.010198247],[693083.1130522367,6093827.083194991],[693083.0499871037,6093826.275267236],[693083.0310747004,6093825.391977739],[693083.089599,6093824.562842496],[693083.2161440488,6093823.704344694],[693083.4412067172,6093822.815831348],[693083.6925263455,6093822.084890588],[693084.0140565409,6093821.42686288],[693084.3909470332,6093820.86067028],[693084.787266595,6093820.489404639],[693085.4323982471,6093819.9825828485],[693095.3872206758,6093812.532435212],[693096.906384007,6093810.4534550235],[693092.7783867152,6093805.044336633],[693088.9349162963,6093807.935852662],[693066.7827915344,6093778.662205642],[693057.3527351181,6093774.994445903]]]]},"properties":null,"id":"56781832"},{"type":"Feature","geometry":{"type":"MultiPolygon","coordinates":[[[[693110.6710808715,6093816.353865834],[693110.7879408908,6093818.24898127],[693111.5270004219,6093819.991241884],[693112.7927869522,6093821.396651084],[693114.4597290633,6093822.300460866],[693116.3352299264,6093822.613774987],[693118.1594682708,6093822.314251281],[693119.795805085,6093821.432722098],[693121.0560239622,6093820.084842871],[693121.8209249969,6093818.403395196],[693121.9951767696,6093816.56715974],[693121.5755360182,6093814.7808511],[693120.5960840697,6093813.211176231],[693119.1601173849,6093812.051265869],[693117.4223105027,6093811.400129946],[693115.575259673,6093811.346664308],[693113.8019456783,6093811.886950368],[693112.2620784573,6093812.998963911],[693111.1813976563,6093814.538340205],[693110.6710808715,6093816.353865834]]]]},"properties":null,"id":"54458434"},{"type":"Feature","geometry":{"type":"MultiPolygon","coordinates":[[[[693094.5683398029,6093841.97234581],[693096.9258317616,6093845.55896624],[693100.5565049892,6093845.909117075],[693112.395760953,6093837.051199004],[693112.8076774678,6093834.55873105],[693110.8723842865,6093831.809559772],[693110.5207323524,6093831.417102088],[693110.1092812441,6093831.08173724],[693109.5997107015,6093830.794983769],[693109.1609484081,6093830.609036503],[693108.6013930879,6093830.481488183],[693108.081750865,6093830.436803566],[693107.5486521148,6093830.476125512],[693106.9790250314,6093830.590646025],[693106.4410894676,6093830.760300154],[693105.8072245121,6093831.080841234],[693104.9873330652,6093831.619312892],[693095.690030428,6093838.785631457],[693094.5683398029,6093841.97234581]]]]},"properties":null,"id":"56771300"},{"type":"Feature","geometry":{"type":"MultiPolygon","coordinates":[[[[693097.0742246205,6093800.124587823],[693097.0980340734,6093800.524066053],[693097.2151258261,6093801.005265256],[693097.3990435787,6093801.401315074],[693097.6126617857,6093801.759520719],[693100.8039134117,6093805.8119928725],[693103.7808905661,6093803.776210794],[693105.8446177592,6093792.932339866],[693105.3570090382,6093793.314863498],[693103.76437215,6093794.455911923],[693098.3132807423,6093798.144625632],[693097.7736956772,6093798.593376132],[693097.5358931446,6093798.886831721],[693097.2705802027,6093799.320407109],[693097.1340823068,6093799.714015971],[693097.0742246205,6093800.124587823]]]]},"properties":null,"id":"56771301"},{"type":"Feature","geometry":{"type":"MultiPolygon","coordinates":[[[[693109.3866912673,6093798.763289944],[693109.418722793,6093799.190498255],[693109.5121461607,6093799.63499599],[693109.6717980849,6093799.96645089],[693109.9622561339,6093800.350916935],[693110.2659715359,6093800.642078582],[693110.5590761349,6093800.793936713],[693110.9495034295,6093800.859992267],[693111.3158634645,6093800.870750902],[693111.7021094756,6093800.741552938],[693112.0416147052,6093800.566845652],[693113.2959412956,6093799.65628984],[693113.2968537178,6093798.986522766],[693118.0292163724,6093795.573648958],[693114.6207571006,6093790.99561726],[693109.9628458465,6093794.3231766],[693109.4367340072,6093798.250605619],[693109.3866912673,6093798.763289944]]]]},"properties":null,"id":"56771302"},{"type":"Feature","geometry":{"type":"MultiPolygon","coordinates":[[[[693084.8231063709,6093825.725689646],[693084.886569821,6093826.552212967],[693085.0543834808,6093827.264877424],[693085.3279409324,6093827.928767504],[693085.6227784606,6093828.517785564],[693086.0106993987,6093829.179226922],[693086.749673916,6093830.205233492],[693088.2248735089,6093830.703863504],[693097.8839544612,6093823.334462626],[693099.1734204034,6093822.283625947],[693099.6435925431,6093821.799153632],[693100.0582050272,6093821.213548468],[693100.3123106253,6093820.61277617],[693100.4438313715,6093819.986722665],[693100.4660247671,6093819.242083595],[693100.3572127565,6093818.4351354465],[693100.1733531521,6093817.685606599],[693099.8935642785,6093817.08696468],[693099.4747476699,6093816.40758135],[693097.9045107977,6093814.320338127],[693096.5496491706,6093814.098194469],[693086.7583779215,6093821.349498413],[693086.2565137842,6093821.778836319],[693085.8168378624,6093822.262654919],[693085.4160793247,6093822.782848397],[693085.1304803943,6093823.337784294],[693084.9323313263,6093824.058284586],[693084.8356860837,6093824.888236081],[693084.8231063709,6093825.725689646]]]]},"properties":null,"id":"56781837"},{"type":"Feature","geometry":{"type":"MultiPolygon","coordinates":[[[[693245.4888205002,6093822.302762862],[693246.9007380495,6093823.407357287],[693247.9330912686,6093824.24102371],[693248.742150268,6093824.977152523],[693249.2565074029,6093825.487045221],[693249.71829198,6093826.035272743],[693250.5806681939,6093827.123737024],[693265.3092004593,6093847.737726001],[693266.421890233,6093848.048753567],[693267.4285947499,6093847.329523935],[693250.844738332,6093825.564634376],[693250.3283885908,6093824.961763885],[693249.7690830413,6093824.490042716],[693249.1802768774,6093824.065463992],[693248.267865942,6093823.489685],[693246.3068045567,6093822.387556583],[693246.0233134099,6093822.328517234],[693245.7022988701,6093822.298188154],[693245.4888205002,6093822.302762862]]]]},"properties":null,"id":"56770939"},{"type":"Feature","geometry":{"type":"MultiPolygon","coordinates":[[[[693236.6370691407,6093809.320733132],[693242.3573065638,6093816.770030132],[693242.8732568333,6093817.354305467],[693243.4562312318,6093817.862728046],[693244.2857710513,6093818.486793631],[693245.3849482955,6093819.235309793],[693246.4981786923,6093819.927712336],[693247.5243548134,6093820.473147366],[693248.6345968081,6093821.026082836],[693249.8676235728,6093821.613595156],[693251.9177849885,6093822.602188702],[693250.5906357724,6093820.826030281],[693240.0719241991,6093806.94021856],[693236.6370691407,6093809.320733132]]]]},"properties":null,"id":"56770940"},{"type":"Feature","geometry":{"type":"MultiPolygon","coordinates":[[[[693251.5709176232,6093839.874241307],[693251.6483028417,6093840.281873485],[693251.8512624769,6093840.854251648],[693252.2764680206,6093841.831157625],[693254.4570622743,6093846.77033025],[693256.3013004502,6093850.963244013],[693257.0214725754,6093850.39898903],[693257.7229562418,6093850.030477702],[693258.5311793686,6093849.659678825],[693259.3343685383,6093849.409914505],[693260.2753919592,6093849.185102388],[693261.6806975862,6093848.913131935],[693262.7134111791,6093848.695656606],[693263.654633723,6093848.480141919],[693264.708227346,6093848.169198286],[693259.5867235493,6093841.609381684],[693258.9379706071,6093840.879120296],[693258.4629288509,6093840.424197866],[693257.9288857722,6093840.06356043],[693257.4120837891,6093839.795574053],[693256.8122121955,6093839.5665761065],[693256.0977777416,6093839.330731196],[693254.3964287888,6093838.957901103],[693253.5172499325,6093838.865117369],[693252.8916636009,6093838.859919628],[693252.4356038538,6093838.934807405],[693252.0648055198,6093839.072982419],[693251.802141323,6093839.273954511],[693251.6323627777,6093839.538050468],[693251.5709176232,6093839.874241307]]]]},"properties":null,"id":"56770941"},{"type":"Feature","geometry":{"type":"MultiPolygon","coordinates":[[[[693245.4706644658,6093824.303094292],[693248.3532019166,6093832.45503981],[693248.6971831799,6093833.201135084],[693249.1246326128,6093833.926837536],[693249.6897168931,6093834.668194612],[693250.2969602034,6093835.241211156],[693250.9852807124,6093835.682261385],[693251.779145137,6093836.06523742],[693254.8228522275,6093837.144163512],[693255.4353817758,6093837.25196356],[693256.3601066964,6093837.334468967],[693249.2495100894,6093828.008052804],[693248.5203323765,6093827.084171037],[693247.7939442745,6093826.290458251],[693246.9836897678,6093825.498542626],[693246.2382149185,6093824.881977836],[693245.4706644658,6093824.303094292]]]]},"properties":null,"id":"56770945"},{"type":"Feature","geometry":{"type":"MultiPolygon","coordinates":[[[[693475.9346333789,6093769.883728575],[693481.8851346733,6093777.746538447],[693483.5742461034,6093776.482423163],[693477.6313681959,6093768.619450782],[693475.9346333789,6093769.883728575]]]]},"properties":null,"id":"58391149"},{"type":"Feature","geometry":{"type":"MultiPolygon","coordinates":[[[[693529.1407838297,6093803.429463489],[693529.6748186669,6093807.343478898],[693540.223877146,6093805.917111831],[693542.0004170381,6093801.61863186],[693529.1407838297,6093803.429463489]]]]},"properties":null,"id":"58391152"},{"type":"Feature","geometry":{"type":"MultiPolygon","coordinates":[[[[693493.8066731084,6093794.78329997],[693495.8301801778,6093797.3723682705],[693497.0129587563,6093798.816716755],[693497.9213087917,6093799.913474825],[693498.7263545317,6093800.817105908],[693499.5607002496,6093801.664295772],[693500.517233154,6093802.51816578],[693501.495042815,6093803.297162545],[693502.5637447677,6093804.046302625],[693503.7155152911,6093804.756451799],[693504.9513519638,6093805.474098999],[693506.1083529064,6093806.072510751],[693507.4182375157,6093806.686245862],[693508.6797832365,6093807.180091105],[693510.0011257835,6093807.616840562],[693511.282751184,6093807.980025519],[693512.5322836159,6093808.2694823835],[693513.8873581598,6093808.500861773],[693515.3483738482,6093808.692759238],[693516.8226428004,6093808.7913513025],[693518.2034258146,6093808.798928553],[693519.6353836051,6093808.703084553],[693521.4848780279,6093808.514561297],[693526.0022946977,6093807.887397854],[693525.4381636356,6093803.992632365],[693520.1976449527,6093804.691125858],[693518.8126303094,6093804.841775051],[693517.6850434627,6093804.903181044],[693516.586357289,6093804.889550094],[693515.2723971687,6093804.796819979],[693513.9646646483,6093804.638841507],[693512.5010558649,6093804.326072527],[693511.2352779221,6093803.990453928],[693509.9450312566,6093803.580943625],[693508.9144072726,6093803.184466137],[693507.7281066955,6093802.642495928],[693506.539013045,6093801.970356462],[693505.4020920205,6093801.241284858],[693504.3496361284,6093800.53830688],[693503.3561790164,6093799.741042039],[693502.4702591726,6093798.9786778595],[693501.6132402505,6093798.141276855],[693500.8792064928,6093797.347747154],[693499.9469861151,6093796.2049912],[693496.895977237,6093792.2984726215],[693493.8066731084,6093794.78329997]]]]},"properties":null,"id":"58391154"},{"type":"Feature","geometry":{"type":"MultiPolygon","coordinates":[[[[693484.0035165644,6093780.49170864],[693487.1421727316,6093784.5730898455],[693488.5628849945,6093782.886837147],[693485.4402750509,6093778.842320424],[693484.0035165644,6093780.49170864]]]]},"properties":null,"id":"58391150"},{"type":"Feature","geometry":{"type":"MultiPolygon","coordinates":[[[[693263.6020194843,6093889.447532881],[693264.8256808355,6093891.021262583],[693281.7032760307,6093878.083159149],[693280.4870381425,6093876.499970458],[693263.6020194843,6093889.447532881]]]]},"properties":null,"id":"56781833"},{"type":"Feature","geometry":{"type":"MultiPolygon","coordinates":[[[[693415.626092134,6093943.963380028],[693427.2052872513,6093960.3285222165],[693418.0775020156,6093966.859002456],[693440.3452679549,6093963.041945597],[693429.8720671103,6093932.095359994],[693415.626092134,6093943.963380028]]]]},"properties":null,"id":"31724754"},{"type":"Feature","geometry":{"type":"MultiPolygon","coordinates":[[[[693484.0292046289,6093939.537996549],[693484.4174946977,6093942.348193454],[693485.7448195873,6093944.840577016],[693487.8527085338,6093946.739484753],[693490.4843716313,6093947.808571862],[693493.2710470452,6093947.92552097],[693495.9306332443,6093947.096384717],[693498.1603502495,6093945.429982552],[693499.6895119096,6093943.108862174],[693500.3639923265,6093940.415393159],[693500.0836349628,6093937.658693165],[693498.8303556954,6093935.06239993],[693496.7435443052,6093933.079323837],[693494.1024647111,6093931.926722148],[693491.2233047783,6093931.7652475815],[693488.4569822581,6093932.5966728125],[693486.1604433871,6093934.348225032],[693484.6260495561,6093936.781080142],[693484.0292046289,6093939.537996549]]]]},"properties":null,"id":"41279818"},{"type":"Feature","geometry":{"type":"MultiPolygon","coordinates":[[[[693461.447781092,6093909.530265548],[693470.8724660724,6093925.020669678],[693475.9844001823,6093937.524607211],[693477.5218575923,6093942.700782132],[693479.007944501,6093957.5708169155],[693486.7776444266,6093956.71576703],[693494.9320577397,6093953.526937956],[693498.71188705,6093950.515684135],[693502.5301983044,6093942.899076901],[693502.8365050959,6093936.911271716],[693501.1235646803,6093917.869474897],[693497.9285755364,6093909.742903098],[693494.1297094156,6093906.178000991],[693487.660481693,6093904.716848027],[693477.4266011325,6093903.7736574],[693469.2558951146,6093904.423357572],[693461.447781092,6093909.530265548]]]]},"properties":null,"id":"41279825"},{"type":"Feature","geometry":{"type":"MultiPolygon","coordinates":[[[[693336.8103925663,6094120.932145318],[693356.9516040307,6094143.857821679],[693371.2963378867,6094144.759535488],[693388.3486110471,6094130.701266158],[693380.4892504715,6094087.894264286],[693336.8103925663,6094120.932145318]]]]},"properties":null,"id":"10764649"},{"type":"Feature","geometry":{"type":"MultiPolygon","coordinates":[[[[693038.3127816701,6094364.723493265],[693096.2240067285,6094438.393178879],[693139.7342943287,6094404.49515271],[693081.8228899788,6094330.825736826],[693038.3127816701,6094364.723493265]]]]},"properties":null,"id":"8406268"},{"type":"Feature","geometry":{"type":"MultiPolygon","coordinates":[[[[693036.1840404398,6094365.057416558],[693097.1555805864,6094444.4939764645],[693143.5418238186,6094408.106530042],[693083.7976422826,6094328.643992929],[693036.1840404398,6094365.057416558]]]]},"properties":null,"id":"42007381"},{"type":"Feature","geometry":{"type":"MultiPolygon","coordinates":[[[[693706.7157766912,6094156.482002916],[693710.4961735001,6094179.776940983],[693778.1297361968,6094169.626579225],[693771.3862934984,6094130.91664704],[693740.9308806785,6094141.012560029],[693730.9499955601,6094147.245412525],[693708.128434689,6094153.35406797],[693706.7157766912,6094156.482002916]]]]},"properties":null,"id":"16950277"},{"type":"Feature","geometry":{"type":"MultiPolygon","coordinates":[[[[693778.367247937,6094133.817740393],[693784.8376736778,6094176.505526957],[693792.9434640299,6094175.308127755],[693795.7273807072,6094171.387941163],[693790.1872941497,6094128.689470403],[693778.367247937,6094133.817740393]]]]},"properties":null,"id":"55466006"},{"type":"Feature","geometry":{"type":"MultiPolygon","coordinates":[[[[693959.4030329791,6094416.858664682],[693962.4393412546,6094434.606884085],[693968.1094253139,6094433.647761758],[693965.07330588,6094415.908841571],[693959.4030329791,6094416.858664682]]]]},"properties":null,"id":"53121162"},{"type":"Feature","geometry":{"type":"MultiPolygon","coordinates":[[[[693964.124585956,6094440.254224161],[693967.3233202889,6094459.524493132],[693971.9754968421,6094458.7639990505],[693968.7841774317,6094439.484269526],[693964.124585956,6094440.254224161]]]]},"properties":null,"id":"53121164"},{"type":"Feature","geometry":{"type":"MultiPolygon","coordinates":[[[[693938.3188990176,6094276.74807505],[693943.2456124395,6094305.432123911],[693948.1250500062,6094304.601635407],[693943.1983211406,6094275.917588531],[693938.3188990176,6094276.74807505]]]]},"properties":null,"id":"53121165"},{"type":"Feature","geometry":{"type":"MultiPolygon","coordinates":[[[[693953.1288193098,6094291.461796098],[693954.6497478293,6094301.884646535],[693957.2658322935,6094301.512117222],[693955.9049383602,6094292.1462646285],[693955.0833557292,6094291.187212281],[693953.1288193098,6094291.461796098]]]]},"properties":null,"id":"57226185"},{"type":"Feature","geometry":{"type":"MultiPolygon","coordinates":[[[[693912.2314764004,6094278.918254511],[693919.9700912774,6094283.700585745],[693916.9738965845,6094287.681187778],[693928.1368220875,6094294.557276118],[693925.9098215556,6094279.321817172],[693924.4711310819,6094277.334196328],[693923.6231970589,6094277.2780112475],[693912.2314764004,6094278.918254511]]]]},"properties":null,"id":"55111863"},{"type":"Feature","geometry":{"type":"MultiPolygon","coordinates":[[[[693937.574811661,6094272.652548435],[693942.6683211178,6094271.845364859],[693941.994608648,6094271.022663234],[693940.859165424,6094270.7215055935],[693939.132372567,6094270.944678947],[693938.1162425786,6094271.580467118],[693937.574811661,6094272.652548435]]]]},"properties":null,"id":"57226192"},{"type":"Feature","geometry":{"type":"MultiPolygon","coordinates":[[[[693930.9465351022,6094288.999323715],[693931.819432929,6094290.57121302],[693933.203609999,6094291.7972331885],[693934.225940347,6094291.4496774115],[693932.406303454,6094280.614653561],[693931.7088350111,6094280.815692562],[693931.2918512532,6094281.28976338],[693930.8559367004,6094282.657242429],[693931.3022814409,6094283.903428049],[693931.5250849398,6094285.396274747],[693931.1758401669,6094286.892119553],[693930.9465351022,6094288.999323715]]]]},"properties":null,"id":"57226184"},{"type":"Feature","geometry":{"type":"MultiPolygon","coordinates":[[[[694009.2764893661,6094736.047919132],[694012.707817913,6094756.90383121],[694018.0670769115,6094756.025792617],[694014.6283109639,6094735.179343831],[694009.2764893661,6094736.047919132]]]]},"properties":null,"id":"57226051"},{"type":"Feature","geometry":{"type":"MultiPolygon","coordinates":[[[[693864.4394999088,6094597.556182527],[693865.9838203699,6094608.006442878],[693868.0859611394,6094607.142678747],[693868.7440265522,6094605.816940863],[693867.607663801,6094597.311350873],[693866.8670049374,6094595.504060632],[693865.2869886376,6094596.170561178],[693864.4394999088,6094597.556182527]]]]},"properties":null,"id":"55540386"},{"type":"Feature","geometry":{"type":"MultiPolygon","coordinates":[[[[693855.2496947127,6094570.693920042],[693855.9575994308,6094575.236728374],[693858.6418221949,6094574.481383182],[693861.4220647668,6094572.5147022065],[693862.6043406168,6094570.024239337],[693863.4771617742,6094568.042739926],[693863.2154742031,6094566.16004058],[693858.4719373046,6094566.931739993],[693856.1891747058,6094568.264488687],[693855.2496947127,6094570.693920042]]]]},"properties":null,"id":"55540395"},{"type":"Feature","geometry":{"type":"MultiPolygon","coordinates":[[[[693856.7309946753,6094585.66634981],[693858.2379164812,6094590.1175690945],[693860.1969901532,6094591.470777891],[693862.6102554481,6094591.595651379],[693865.2822304543,6094590.980099048],[693864.4356544925,6094588.85881413],[693862.8640829142,6094587.078684038],[693860.3506218527,6094585.486234438],[693857.9159453685,6094584.719976658],[693856.7309946753,6094585.66634981]]]]},"properties":null,"id":"55540385"},{"type":"Feature","geometry":{"type":"MultiPolygon","coordinates":[[[[693884.1056925406,6094567.394711563],[693885.0565305804,6094570.4625668],[693892.7224570072,6094569.014097109],[693893.2071119521,6094568.1385848075],[693893.1616633155,6094564.604767943],[693892.1873379212,6094563.993169764],[693887.3627582944,6094564.543376517],[693885.3416746665,6094565.628653751],[693884.1056925406,6094567.394711563]]]]},"properties":null,"id":"55540387"},{"type":"Feature","geometry":{"type":"MultiPolygon","coordinates":[[[[693873.0414996969,6094564.0605256725],[693874.7180961866,6094567.177897191],[693877.6495247898,6094568.696244253],[693880.2238757627,6094569.217640065],[693879.7524851435,6094567.51618808],[693878.3283538085,6094566.207298018],[693875.7807984964,6094564.4481481],[693873.0414996969,6094564.0605256725]]]]},"properties":null,"id":"55540396"},{"type":"Feature","geometry":{"type":"MultiPolygon","coordinates":[[[[693875.6668226033,6094587.538379524],[693875.754539252,6094589.489932542],[693878.9364740528,6094587.756466689],[693881.1804067591,6094585.326900648],[693882.5987429146,6094581.752318794],[693878.904175082,6094583.059606608],[693877.300795173,6094584.768445467],[693875.6668226033,6094587.538379524]]]]},"properties":null,"id":"55540384"},{"type":"Feature","geometry":{"type":"MultiPolygon","coordinates":[[[[693857.4958157502,6094620.188558098],[693857.7402862676,6094621.62512737],[693858.439391688,6094623.628655154],[693859.3610506898,6094625.339035195],[693861.0848210722,6094626.03685317],[693862.3776620338,6094625.850932104],[693863.3155912308,6094625.123815564],[693863.5883844658,6094623.9737960715],[693863.3629910115,6094622.360077262],[693862.3263895753,6094620.2707824],[693861.0634073181,6094618.651457099],[693860.1531071136,6094617.824531285],[693858.9728742851,6094617.5708339345],[693857.6445075716,6094617.878445208],[693857.4893165061,6094618.821291164],[693857.4958157502,6094620.188558098]]]]},"properties":null,"id":"40471680"},{"type":"Feature","geometry":{"type":"MultiPolygon","coordinates":[[[[693852.8517831151,6094607.48869421],[693853.2244775249,6094608.857393299],[693854.4182968362,6094609.74334116],[693856.6198992151,6094609.603004951],[693858.8063043163,6094606.625858556],[693859.4537802127,6094604.807338455],[693859.6351371729,6094602.95232561],[693859.0497122775,6094601.97888631],[693857.1511098872,6094602.019690439],[693855.7037126032,6094602.822870284],[693853.2140776902,6094606.243730713],[693852.8517831151,6094607.48869421]]]]},"properties":null,"id":"40471679"},{"type":"Feature","geometry":{"type":"MultiPolygon","coordinates":[[[[693998.4375761896,6094730.076533744],[693998.7602941785,6094731.957918244],[694004.3496894599,6094731.140052153],[694003.8193315826,6094725.98879643],[694002.6224298361,6094725.670360553],[694001.2208260907,6094725.765619101],[693999.6239448313,6094726.35808812],[693998.6749106622,6094727.987760611],[693998.4375761896,6094730.076533744]]]]},"properties":null,"id":"57226053"},{"type":"Feature","geometry":{"type":"MultiPolygon","coordinates":[[[[694016.9681420738,6094724.7943910975],[694017.891460509,6094729.062797669],[694020.4225936311,6094728.63627274],[694021.5647982561,6094727.830329298],[694022.0956266744,6094726.618941495],[694021.7725294654,6094724.365481859],[694020.3535529361,6094723.298355194],[694018.6375496914,6094722.963180358],[694017.4923457645,6094723.629656548],[694016.9681420738,6094724.7943910975]]]]},"properties":null,"id":"57226058"},{"type":"Feature","geometry":{"type":"MultiPolygon","coordinates":[[[[694005.7104790012,6094713.185650347],[694008.5125785881,6094730.678436401],[694014.1081977608,6094729.795315645],[694011.3060873507,6094712.30253085],[694005.7104790012,6094713.185650347]]]]},"properties":null,"id":"57226059"},{"type":"Feature","geometry":{"type":"MultiPolygon","coordinates":[[[[693999.7220499752,6094737.304542307],[694000.3478640789,6094740.509607623],[694001.9301392662,6094742.075538475],[694003.6868699759,6094742.530767965],[694005.2791547163,6094741.724449111],[694005.8256099861,6094740.88481015],[694005.2414235293,6094736.423067136],[693999.7220499752,6094737.304542307]]]]},"properties":null,"id":"57226052"},{"type":"Feature","geometry":{"type":"MultiPolygon","coordinates":[[[[694018.7488769982,6094734.523289749],[694019.3059954254,6094738.790270532],[694020.0537970122,6094739.509051859],[694021.3189266286,6094739.807413894],[694022.6511329148,6094739.322957035],[694023.6752146679,6094737.635855081],[694023.9826667599,6094737.033907995],[694023.4983668018,6094735.7978440905],[694022.5499402309,6094734.618273525],[694021.2866367555,6094734.050111676],[694018.7488769982,6094734.523289749]]]]},"properties":null,"id":"57226055"},{"type":"Feature","geometry":{"type":"MultiPolygon","coordinates":[[[[694076.1567098846,6094769.4083973635],[694078.5155358863,6094789.338554361],[694095.9485740946,6094787.289092316],[694093.5973345437,6094767.358774122],[694076.1567098846,6094769.4083973635]]]]},"properties":null,"id":"37175855"},{"type":"Feature","geometry":{"type":"MultiPolygon","coordinates":[[[[694021.5464426324,6094814.58205623],[694026.3903118973,6094845.779417384],[694031.180539302,6094845.043842808],[694026.3362535363,6094813.827887917],[694021.5464426324,6094814.58205623]]]]},"properties":null,"id":"53121154"},{"type":"Feature","geometry":{"type":"MultiPolygon","coordinates":[[[[694034.8159241792,6094822.5382988695],[694035.922056761,6094829.630608542],[694038.8481235933,6094829.1211685985],[694037.7847877367,6094824.018586833],[694036.2052927131,6094822.5828306675],[694034.8159241792,6094822.5382988695]]]]},"properties":null,"id":"53121156"},{"type":"Feature","geometry":{"type":"MultiPolygon","coordinates":[[[[694014.2294605563,6094826.943774939],[694014.7744067129,6094830.2901101615],[694015.7117903777,6094831.665263398],[694016.3325191926,6094833.214664703],[694016.5898947685,6094834.185848959],[694016.1062085447,6094835.461336511],[694015.7814235317,6094837.031073442],[694015.9723465971,6094838.459489489],[694016.5497247998,6094840.121448269],[694017.4389853837,6094841.032531744],[694018.8379813601,6094841.169880256],[694020.0843010973,6094840.947730665],[694021.0595421725,6094840.536067309],[694018.8711580329,6094823.91378371],[694017.0349081099,6094824.018392033],[694014.2294605563,6094826.943774939]]]]},"properties":null,"id":"53121180"},{"type":"Feature","geometry":{"type":"MultiPolygon","coordinates":[[[[693978.2103120595,6094857.959475393],[693979.2055343315,6094863.7983917575],[693980.6253812541,6094864.195756532],[694004.7258489539,6094860.719418002],[694007.9415353358,6094859.487499179],[694011.4676516588,6094858.146579776],[694014.470832521,6094856.965739289],[694016.8401270455,6094855.752020576],[694018.9858925345,6094854.4314836785],[694020.4943723734,6094852.9200068535],[694021.2666140775,6094851.582500331],[694020.774832496,6094851.062858228],[694019.5967897021,6094850.557976083],[694018.2030438448,6094849.95541003],[694016.337914084,6094849.781576219],[694014.8154625352,6094850.288726829],[694013.6639897441,6094851.373930327],[694013.2298258032,6094853.178571798],[694012.254277522,6094854.9948567655],[694010.5756700296,6094856.044886373],[694008.3547311692,6094856.353109833],[694006.752080807,6094855.968982931],[694005.4003133159,6094854.835292868],[694003.6851127982,6094854.183825307],[693978.2103120595,6094857.959475393]]]]},"properties":null,"id":"57226067"},{"type":"Feature","geometry":{"type":"MultiPolygon","coordinates":[[[[694032.7478886934,6094809.029629791],[694033.4775858705,6094818.836946122],[694035.3088349293,6094818.499889577],[694036.691253642,6094817.512038242],[694036.6518546832,6094815.680373058],[694035.795823763,6094810.2849670695],[694034.8222879804,6094809.357093983],[694033.5561482975,6094809.01224447],[694032.7478886934,6094809.029629791]]]]},"properties":null,"id":"53121157"},{"type":"Feature","geometry":{"type":"MultiPolygon","coordinates":[[[[694026.8124870129,6094848.73770484],[694027.2602858841,6094852.53262956],[694027.6665916668,6094852.979693061],[694028.1571738628,6094853.443548056],[694028.9036107394,6094853.743764317],[694029.5675968527,6094853.757389037],[694030.1302564638,6094853.670870103],[694030.7625678057,6094853.275883904],[694031.5919581044,6094852.467366541],[694031.8342135075,6094851.67147787],[694031.2836607262,6094848.064805267],[694026.8124870129,6094848.73770484]]]]},"properties":null,"id":"57226056"},{"type":"Feature","geometry":{"type":"MultiPolygon","coordinates":[[[[694035.3373863614,6094840.042926073],[694036.006491784,6094844.195872082],[694039.5291227356,6094843.757319182],[694040.5425394473,6094842.637873342],[694040.8086942987,6094841.5345011465],[694040.1829879209,6094836.5620375015],[694037.3395443005,6094837.720847115],[694036.184075909,6094838.620097841],[694035.3373863614,6094840.042926073]]]]},"properties":null,"id":"53121155"},{"type":"Feature","geometry":{"type":"MultiPolygon","coordinates":[[[[694045.5425412396,6094852.009155745],[694045.6395425327,6094853.681446234],[694047.3995222653,6094853.931952709],[694055.6531862572,6094852.842800388],[694055.9721155576,6094851.710386108],[694055.1309956749,6094845.235617469],[694049.1970009257,6094845.99580861],[694049.3612539088,6094847.248058181],[694048.7525942025,6094848.033224983],[694047.3705717374,6094849.039673563],[694046.2124526077,6094850.525014522],[694045.5425412396,6094852.009155745]]]]},"properties":null,"id":"57226054"},{"type":"Feature","geometry":{"type":"MultiPolygon","coordinates":[[[[694036.9477783917,6094847.170899646],[694038.0227939762,6094848.91517421],[694038.6970555093,6094848.342545275],[694039.9033239485,6094849.80493357],[694039.3281890121,6094850.375430384],[694040.3834057807,6094851.199223237],[694041.3507463976,6094851.838864322],[694041.1461436695,6094850.838639161],[694041.2832464115,6094850.119428784],[694041.6976535923,6094849.524482846],[694041.8909573071,6094848.580813287],[694041.745330364,6094847.839778197],[694041.2505477592,6094847.180670277],[694040.5251863261,6094846.796282858],[694039.5618209093,6094846.696077686],[694036.9477783917,6094847.170899646]]]]},"properties":null,"id":"57226057"},{"type":"Feature","geometry":{"type":"MultiPolygon","coordinates":[[[[693112.0938802176,6094711.830974238],[693113.6607116552,6094725.155153404],[693131.2300248294,6094819.976037549],[693140.7951433428,6094886.197077999],[693152.374891809,6094957.788758943],[693170.7391456323,6094979.971583385],[693200.4482992615,6094980.823703773],[693290.5173697657,6094966.438890344],[693409.8975379667,6094946.448195377],[693409.5301973926,6094934.651767958],[693335.522790103,6094477.572674996],[693324.1406223736,6094487.146599425],[693308.2308342002,6094491.9060595],[693292.5203305935,6094485.675498338],[693281.8730445106,6094475.79233345],[693273.7968886901,6094485.862772001],[693297.379659523,6094507.393973175],[693315.8599364765,6094535.722652804],[693326.1533797979,6094570.02195093],[693323.8770095292,6094607.604515614],[693307.2235588416,6094637.830304683],[693294.216231891,6094665.912868777],[693204.7722671771,6094696.163114844],[693112.0938802176,6094711.830974238]]]]},"properties":null,"id":"3570674"},{"type":"Feature","geometry":{"type":"MultiPolygon","coordinates":[[[[693333.9798506779,6094792.461566821],[693341.9536937755,6094808.215773762],[693366.6741213452,6094835.443224654],[693367.112622714,6094848.782266793],[693378.8769082015,6094861.283196995],[693392.3699476344,6094846.957144797],[693391.1279807846,6094834.928311577],[693380.0827317948,6094830.346633384],[693375.665249334,6094821.781120947],[693380.0659971279,6094796.115443557],[693371.4470563274,6094753.473562395],[693354.2761591391,6094735.721238279],[693342.8597493285,6094741.221598746],[693341.165657156,6094776.075480351],[693333.9798506779,6094792.461566821]]]]},"properties":null,"id":"29207768"},{"type":"Feature","geometry":{"type":"MultiPolygon","coordinates":[[[[693137.5234940711,6094828.166616207],[693144.262583773,6094842.561409529],[693147.2066099115,6094866.404605443],[693159.1086992623,6094885.711942794],[693168.6567207273,6094908.371898089],[693156.0695650724,6094940.7985533085],[693168.5720963923,6094971.041522181],[693196.3345833432,6094964.707654718],[693179.7407484718,6094894.460554072],[693192.6312407581,6094821.349543538],[693217.7740992662,6094782.486632055],[693236.9876029938,6094741.7600167245],[693241.5021358412,6094711.775840474],[693238.3619396127,6094692.318121526],[693217.7810549771,6094698.405328782],[693167.5275025074,6094706.727909777],[693146.4776537153,6094738.656749062],[693141.9083620774,6094780.70676869],[693138.2362638663,6094811.575128969],[693137.5234940711,6094828.166616207]]]]},"properties":null,"id":"29207778"},{"type":"Feature","geometry":{"type":"MultiPolygon","coordinates":[[[[693105.325389357,6094556.017940382],[693106.8096209896,6094588.645616405],[693111.1128210004,6094613.269001786],[693117.3670190019,6094645.999200229],[693123.2855025798,6094667.322984359],[693157.1283772972,6094677.444529198],[693186.5376845507,6094677.521681168],[693217.1671039003,6094671.87975255],[693238.7022020335,6094662.265230248],[693266.8662860778,6094643.7460970525],[693276.9723722567,6094634.060075834],[693276.8989866584,6094605.002052238],[693274.9507420354,6094558.5800686255],[693266.6993947676,6094540.896937758],[693256.1343902174,6094521.682024477],[693231.3602938305,6094511.124750168],[693204.2396141039,6094505.687289657],[693176.8881651107,6094505.50104418],[693162.839601442,6094507.411162825],[693148.3719121217,6094511.4790056525],[693135.7700400192,6094515.758028371],[693114.0973421513,6094527.840309174],[693107.29105804,6094538.088040264],[693105.325389357,6094556.017940382]]]]},"properties":null,"id":"3386619"},{"type":"Feature","geometry":{"type":"MultiPolygon","coordinates":[[[[693283.7088966082,6094722.024718091],[693288.4608975522,6094734.815531338],[693315.1382405027,6094728.4300801745],[693319.3617334511,6094750.729597565],[693328.8395801538,6094732.015396237],[693333.2491722356,6094712.098220771],[693338.5998686847,6094719.006586902],[693335.5127136772,6094730.151495346],[693347.8893604717,6094733.504717613],[693355.2069188345,6094723.980703397],[693350.0258176103,6094713.952523954],[693352.6774822555,6094692.10098049],[693362.6872157401,6094667.245279936],[693344.422237394,6094666.418226488],[693322.653026145,6094672.224184351],[693303.2884010335,6094677.039051934],[693293.3026529644,6094698.750069178],[693283.7088966082,6094722.024718091]]]]},"properties":null,"id":"29207776"},{"type":"Feature","geometry":{"type":"MultiPolygon","coordinates":[[[[693322.112987488,6094920.758565873],[693331.0045306883,6094929.851457866],[693338.3809631921,6094929.116644178],[693334.6695655165,6094916.833765272],[693334.5543625838,6094903.62732785],[693328.4338827035,6094901.7399527915],[693322.0067546839,6094909.393742418],[693322.112987488,6094920.758565873]]]]},"properties":null,"id":"29207772"},{"type":"Feature","geometry":{"type":"MultiPolygon","coordinates":[[[[693335.5638316672,6094815.468792419],[693340.8605011951,6094836.582545907],[693347.6698778246,6094854.2407211615],[693343.9440732959,6094863.352865482],[693343.7074787017,6094878.29702539],[693354.1563310762,6094894.202824159],[693360.7392166608,6094894.17335045],[693367.4407836607,6094890.783288226],[693362.9796157386,6094876.265394295],[693367.5906887576,6094863.255310675],[693367.112622714,6094848.782266793],[693366.6741213452,6094835.443224654],[693341.9536937755,6094808.215773762],[693335.5638316672,6094815.468792419]]]]},"properties":null,"id":"29207774"},{"type":"Feature","geometry":{"type":"MultiPolygon","coordinates":[[[[693300.4085629451,6094816.761698937],[693305.4777205505,6094822.634289581],[693312.2914958353,6094822.702222621],[693319.3740845188,6094828.550263012],[693322.6421371044,6094825.131489872],[693313.018328758,6094807.849882226],[693306.5034227663,6094804.640756294],[693300.4085629451,6094816.761698937]]]]},"properties":null,"id":"29207775"},{"type":"Feature","geometry":{"type":"MultiPolygon","coordinates":[[[[693302.1468548188,6094864.062560498],[693308.6791329967,6094885.168455297],[693317.1896034514,6094891.432400191],[693323.4257434116,6094888.749998927],[693322.7572971279,6094871.797391275],[693330.0371189201,6094863.353254683],[693323.1686686977,6094850.412471971],[693319.4888897523,6094840.314892041],[693313.2303303626,6094836.25378966],[693308.4053568449,6094826.469110599],[693302.6644267684,6094842.647463126],[693302.1468548188,6094864.062560498]]]]},"properties":null,"id":"29207779"},{"type":"Feature","geometry":{"type":"MultiPolygon","coordinates":[[[[693275.4641733847,6094901.907570116],[693304.2521796058,6094896.807156274],[693284.3773425833,6094851.485563995],[693280.3710672867,6094852.138827526],[693275.4641733847,6094901.907570116]]]]},"properties":null,"id":"43038995"},{"type":"Feature","geometry":{"type":"MultiPolygon","coordinates":[[[[693277.0879343378,6094832.423723342],[693280.3710672867,6094852.138827526],[693284.3773425833,6094851.485563995],[693281.0940016976,6094831.761163111],[693277.0879343378,6094832.423723342]]]]},"properties":null,"id":"43038996"},{"type":"Feature","geometry":{"type":"MultiPolygon","coordinates":[[[[693261.611354208,6094802.598081288],[693261.6654152498,6094803.341086561],[693262.143292403,6094803.926179228],[693262.871856097,6094804.105913226],[693263.5828348192,6094803.8209217265],[693263.9738157485,6094803.198610318],[693263.9350046339,6094802.455278326],[693282.081106591,6094797.722435633],[693280.591835762,6094793.726559836],[693278.6742584703,6094790.391003956],[693275.6931605334,6094787.264275501],[693263.4497015695,6094801.879646888],[693262.7209388387,6094801.69061517],[693262.0171869296,6094801.956847694],[693261.611354208,6094802.598081288]]]]},"properties":null,"id":"43038999"},{"type":"Feature","geometry":{"type":"MultiPolygon","coordinates":[[[[693240.1631795403,6094893.919905534],[693271.002087825,6094891.61278731],[693252.4314907457,6094845.202759748],[693253.0158903499,6094844.706534036],[693253.198407102,6094843.967762649],[693252.9087657215,6094843.2670123875],[693252.2592947592,6094842.862334007],[693251.5054066908,6094842.924994595],[693250.9208079481,6094843.411922438],[693250.7382910302,6094844.150693771],[693251.0281314433,6094844.8607418705],[693251.6697782057,6094845.256285919],[693240.1631795403,6094893.919905534]]]]},"properties":null,"id":"43039014"},{"type":"Feature","geometry":{"type":"MultiPolygon","coordinates":[[[[693269.1601175797,6094811.691886105],[693270.9953475058,6094819.3732627835],[693281.9664018727,6094814.0871902695],[693282.4948673487,6094814.540969424],[693283.1815219005,6094814.544860969],[693283.72938623,6094814.12383219],[693283.8825947233,6094813.441500192],[693283.5644435959,6094812.834382102],[693282.9253873082,6094812.559711432],[693282.2657916754,6094812.750583042],[693281.8659911149,6094813.31727199],[693269.1601175797,6094811.691886105]]]]},"properties":null,"id":"43039018"},{"type":"Feature","geometry":{"type":"MultiPolygon","coordinates":[[[[693366.9878362295,6094895.276584943],[693367.5495860521,6094898.706301909],[693368.3717504353,6094899.693299923],[693369.4741039891,6094900.227793556],[693371.4329686733,6094900.1485961005],[693373.0271769217,6094899.072593582],[693374.043320658,6094897.720618586],[693375.4714209762,6094896.369114773],[693376.8902498722,6094895.296870943],[693377.8881979514,6094894.875490476],[693379.7710606963,6094894.453744488],[693381.8669261901,6094894.71578371],[693386.25670246,6094898.072740526],[693388.1638827631,6094898.785321668],[693390.1362036119,6094898.622113208],[693391.6838105996,6094897.863375986],[693392.3325494691,6094896.454160765],[693392.5863754475,6094895.1278280355],[693392.3969974131,6094893.411008518],[693391.9609222477,6094892.285506882],[693391.0567239742,6094891.030510036],[693389.9558161652,6094890.207624458],[693389.1567247962,6094889.229435712],[693389.2027299695,6094887.461059837],[693389.6460392488,6094885.721374864],[693390.2598917404,6094884.108262492],[693390.5993878613,6094882.863811665],[693389.9972567182,6094881.109330391],[693388.9538142,6094879.764297984],[693387.0939830389,6094879.125118598],[693384.9877563078,6094878.379596293],[693383.1634091864,6094877.972206714],[693380.3878636108,6094878.031705863],[693378.1176149156,6094879.243128633],[693377.1384038446,6094880.538500296],[693375.7492807249,6094881.572899364],[693373.9880240168,6094881.973433833],[693372.785844732,6094882.120130348],[693370.6404449857,6094881.682412079],[693369.1120312627,6094881.557039665],[693367.8786502087,6094882.383453956],[693367.3844044341,6094883.882376168],[693367.5405386178,6094885.116201945],[693368.0899391738,6094886.546243018],[693369.3888396183,6094889.132276427],[693369.4691213605,6094890.386332214],[693368.9165684718,6094891.300475212],[693367.8388699379,6094893.695598598],[693366.9878362295,6094895.276584943]]]]},"properties":null,"id":"39577217"},{"type":"Feature","geometry":{"type":"MultiPolygon","coordinates":[[[[693343.9989064147,6094794.014219829],[693345.2383726917,6094798.099159595],[693347.2057129219,6094801.619677378],[693348.6519690356,6094803.607223434],[693350.7925571569,6094805.245013232],[693353.4261324403,6094807.104786994],[693355.1351348584,6094808.5378794335],[693356.7478020731,6094810.103265189],[693358.1986453944,6094812.304658738],[693358.7959239098,6094815.612687971],[693358.7295701603,6094819.279117856],[693359.0281796745,6094821.821478855],[693359.6588011133,6094824.905544151],[693360.5677203455,6094826.737169458],[693362.852395297,6094828.334660135],[693368.1909877667,6094830.7596845785],[693370.7825074529,6094833.504050186],[693371.9606029578,6094834.725271182],[693372.6606585197,6094836.42184194],[693373.06682066,6094838.999105366],[693372.8706518889,6094841.235802568],[693371.8700096814,6094843.666483492],[693370.6658809186,6094846.213150784],[693369.9969998904,6094849.529716603],[693369.9420611481,6094853.372640906],[693370.5437301516,6094856.885220576],[693370.7369869626,6094859.494953988],[693371.2273208767,6094862.795973035],[693370.4373882731,6094865.091908092],[693369.3306400988,6094867.199291147],[693368.8142142575,6094869.442852955],[693369.1090403157,6094871.808555851],[693369.9563665442,6094873.613594634],[693372.3415761851,6094875.274042982],[693373.8265270237,6094876.218926845],[693375.4833198414,6094876.639212044],[693376.9118090403,6094876.729517156],[693377.416263091,6094876.774515768],[693379.0952367985,6094876.4501608275],[693380.5138114895,6094875.722097473],[693382.3997159663,6094873.663124578],[693384.1533551083,6094870.416324145],[693386.0257037855,6094867.725101495],[693387.5244674317,6094866.111623021],[693388.4104308827,6094864.381052626],[693388.5910495664,6094861.419128334],[693388.4909342856,6094858.528336695],[693388.0250600926,6094856.724424042],[693387.7258401345,6094855.577384308],[693386.898752988,6094851.158036784],[693387.1414158118,6094849.311028527],[693387.5837771578,6094847.171375573],[693388.9463324132,6094845.253848883],[693389.2364411782,6094842.773283875],[693389.010036617,6094840.396812376],[693388.5422711443,6094837.79296387],[693388.8166870478,6094832.8011813555],[693389.4516199292,6094829.680684395],[693389.6916932832,6094826.289590871],[693388.3764968438,6094824.010877378],[693385.8771706348,6094822.008704302],[693383.1444579902,6094820.151064593],[693381.2594740656,6094818.69384346],[693380.4591934349,6094817.659867485],[693379.9448787265,6094816.443022185],[693379.0650613627,6094814.545660391],[693378.4334370443,6094811.415107264],[693378.6318514103,6094807.503992341],[693380.2656219658,6094803.292347861],[693381.7644299136,6094799.902176757],[693382.2516913065,6094798.077831028],[693382.4137678945,6094795.674427178],[693381.6097567596,6094792.687100517],[693380.3542735386,6094789.635035783],[693378.8499505433,6094788.141747971],[693376.9132438089,6094786.406573583],[693375.9638633525,6094782.687500769],[693375.2355076455,6094779.670645709],[693373.9398535652,6094778.303112715],[693371.94389212,6094777.006404069],[693368.9194450612,6094776.485208064],[693366.333708263,6094776.856905848],[693363.6272627993,6094778.003260555],[693361.5750203348,6094780.130910743],[693359.4616731848,6094782.966826006],[693357.4686870305,6094784.656008582],[693354.5754504906,6094785.629625235],[693350.7501208645,6094785.469765412],[693347.8148246538,6094785.904762477],[693345.9858004227,6094787.413689064],[693344.4500523561,6094790.8604576215],[693343.9989064147,6094794.014219829]]]]},"properties":null,"id":"39577228"},{"type":"Feature","geometry":{"type":"MultiPolygon","coordinates":[[[[693454.431985762,6095229.550047839],[693455.7290747444,6095246.991484393],[693458.1530243236,6095252.23237488],[693461.422848067,6095254.22731549],[693465.8174485192,6095254.598183267],[693488.3753020024,6095251.351725475],[693491.7858557072,6095248.525174508],[693493.7465137013,6095243.190257452],[693493.7216787754,6095231.0051016],[693490.7537967988,6095222.101574322],[693486.2411650261,6095216.226436083],[693481.1034181789,6095213.57390975],[693472.7796046659,6095212.83151139],[693465.1839006251,6095214.380400655],[693459.0574129629,6095219.339537587],[693454.7762703982,6095224.259101206],[693454.431985762,6095229.550047839]]]]},"properties":null,"id":"3414171"},{"type":"Feature","geometry":{"type":"MultiPolygon","coordinates":[[[[693186.7686560154,6095284.651315667],[693187.1823203429,6095286.512166393],[693188.5170733746,6095288.278878012],[693190.3757150285,6095289.215792803],[693270.7232631102,6095329.782027926],[693288.6349068002,6095294.469166722],[693323.9582333639,6095312.325725835],[693340.4018178477,6095280.430145541],[693320.5372423341,6095152.673684001],[693313.9450419846,6095109.197665423],[693284.990897734,6095113.696992064],[693289.8904510862,6095128.3822646905],[693292.954654922,6095146.064907075],[693292.6707124434,6095165.214589372],[693289.9073369021,6095180.445421146],[693289.6679383669,6095181.734231628],[693283.6375586507,6095199.016387865],[693278.1970899295,6095211.4302364085],[693272.9044485068,6095225.403656016],[693262.676429109,6095245.101224249],[693247.3975482701,6095268.3394157095],[693221.140044848,6095264.483327357],[693204.1909104811,6095267.088090161],[693203.5522804038,6095262.915851362],[693192.6298571506,6095263.019513748],[693191.0436202389,6095273.378735335],[693187.2182615554,6095282.846396476],[693186.7686560154,6095284.651315667]]]]},"properties":null,"id":"3414175"},{"type":"Feature","geometry":{"type":"MultiPolygon","coordinates":[[[[693192.1209873285,6095208.260043738],[693197.7565976025,6095244.854487289],[693234.5978502748,6095239.209834235],[693228.9622900032,6095202.624704925],[693192.1209873285,6095208.260043738]]]]},"properties":null,"id":"4139358"},{"type":"Feature","geometry":{"type":"MultiPolygon","coordinates":[[[[693185.8530229821,6095167.428109035],[693191.6046297674,6095203.74101081],[693228.1690102739,6095197.999979494],[693222.4172567143,6095161.687094587],[693185.8530229821,6095167.428109035]]]]},"properties":null,"id":"4139359"},{"type":"Feature","geometry":{"type":"MultiPolygon","coordinates":[[[[693306.364317804,6095023.502247888],[693317.5202592211,6095038.937140512],[693318.6705235504,6095059.507216293],[693323.2276671426,6095082.776295161],[693336.3105271362,6095068.86843848],[693327.7269895927,6095030.011704697],[693313.1942730139,6095017.197943351],[693306.364317804,6095023.502247888]]]]},"properties":null,"id":"37034585"},{"type":"Feature","geometry":{"type":"MultiPolygon","coordinates":[[[[693242.2526431143,6094902.786501765],[693259.8911024005,6094949.839755995],[693259.3243364245,6094950.447228387],[693259.3496890446,6094951.274566924],[693259.956802783,6094951.83828736],[693260.7877485711,6094951.811184015],[693261.3545145458,6094951.203711532],[693261.3291617413,6094950.376372993],[693260.7144228171,6094949.8128160015],[693273.2379421648,6094901.257613566],[693242.2526431143,6094902.786501765]]]]},"properties":null,"id":"43039000"},{"type":"Feature","geometry":{"type":"MultiPolygon","coordinates":[[[[693258.8074072422,6094945.546824725],[693258.8602727852,6094946.234043246],[693259.3064606838,6094946.764003025],[693259.9812609523,6094946.926285631],[693260.6318475095,6094946.67049506],[693261.0005576911,6094946.076567568],[693260.9476919844,6094945.389349052],[693260.5015040452,6094944.859389352],[693259.8265047305,6094944.687809018],[693259.1763166715,6094944.962195085],[693258.8074072422,6094945.546824725]]]]},"properties":null,"id":"43039003"},{"type":"Feature","geometry":{"type":"MultiPolygon","coordinates":[[[[693102.2117916662,6095180.688142922],[693105.9484449708,6095204.142292755],[693116.9045910644,6095202.410153862],[693113.1755347289,6095178.955844101],[693102.2117916662,6095180.688142922]]]]},"properties":null,"id":"54545062"},{"type":"Feature","geometry":{"type":"MultiPolygon","coordinates":[[[[693120.356369669,6095177.983556842],[693124.0930700481,6095201.437701222],[693135.056836148,6095199.705376772],[693131.3201073518,6095176.251235686],[693120.356369669,6095177.983556842]]]]},"properties":null,"id":"54545063"},{"type":"Feature","geometry":{"type":"MultiPolygon","coordinates":[[[[693226.4802894521,6095146.223809413],[693231.4496863022,6095182.339502868],[693268.7288434952,6095177.206227461],[693263.7590981943,6095141.081250235],[693226.4802894521,6095146.223809413]]]]},"properties":null,"id":"4139360"},{"type":"Feature","geometry":{"type":"MultiPolygon","coordinates":[[[[693120.3990197997,6095234.148289405],[693120.7753832748,6095240.326081548],[693124.1294724363,6095243.054195596],[693125.964749048,6095243.256762621],[693127.8312734133,6095244.919078776],[693128.729505904,6095246.964901235],[693129.3888998171,6095249.257689007],[693129.4408468681,6095251.684406318],[693130.56756967,6095252.999779322],[693133.1350891461,6095253.195972333],[693136.5329718257,6095252.267447626],[693138.687497025,6095250.277201298],[693140.3514062292,6095248.176530907],[693140.3020437339,6095245.870684502],[693139.9955308114,6095242.956409149],[693139.8006745632,6095239.55603799],[693137.8873743417,6095235.708748806],[693134.766946604,6095232.491932258],[693131.1947809316,6095230.624277061],[693127.9994588023,6095229.967119417],[693125.5798887148,6095230.623544944],[693122.3221313882,6095232.395551071],[693120.3990197997,6095234.148289405]]]]},"properties":null,"id":"4801937"},{"type":"Feature","geometry":{"type":"MultiPolygon","coordinates":[[[[692796.5586478824,6095125.208613016],[692798.8638937128,6095135.62410789],[692805.0662582113,6095149.909670852],[692814.1494301733,6095161.203529645],[692823.2852763418,6095169.249853607],[692834.1016908481,6095174.54406195],[692845.5955513793,6095177.981979433],[692857.358805377,6095179.032809271],[692862.8404571812,6095139.61462826],[692873.0644693587,6095141.107628318],[692899.8731810309,6095137.232238213],[692905.5580560779,6095172.262997702],[692946.7476927837,6095165.912597999],[693143.6780120488,6095135.587963039],[693133.7882916888,6095071.671485274],[693125.6611143757,6095019.168067886],[693124.9159409514,6095017.50035253],[693123.3162819648,6095016.185802519],[693121.9335891126,6095015.740998549],[693120.1400672452,6095015.704976317],[692855.3848643762,6095056.7163403295],[692840.4558893358,6095059.593522865],[692827.1631662671,6095065.142591924],[692817.7579004283,6095071.613171406],[692809.6923114316,6095079.729470257],[692800.9446538462,6095094.483367673],[692798.0454503875,6095103.038059888],[692796.6202335374,6095112.0263515],[692796.5586478824,6095125.208613016]]],[[[693826.6271138531,6094935.271570478],[693841.8466461627,6095027.593263159],[693925.2680319546,6095014.842561863],[694152.7426847292,6094979.71803844],[694155.0674458437,6094978.561055649],[694156.4162394546,6094976.364637649],[694156.6712008329,6094974.387105114],[694156.1089036587,6094971.655087337],[694139.2393461766,6094862.718464353],[694138.4215625974,6094860.875643643],[694137.080403196,6094859.881275385],[694135.5710693304,6094859.225401775],[694036.6706890229,6094874.720360102],[694037.9061948359,6094888.181820881],[693980.009820207,6094896.589568246],[693977.5900983873,6094880.558286328],[693898.0834535303,6094894.016092446],[693900.1462050918,6094908.352777796],[693854.2400325383,6094916.315935],[693851.5657067092,6094900.1412718035],[693841.2952486429,6094906.426922269],[693835.4746141953,6094911.044896603],[693831.1827705828,6094916.160237161],[693828.2684145507,6094921.832009627],[693826.6337850891,6094928.480909475],[693826.6271138531,6094935.271570478]]],[[[693155.7885480274,6095014.25343003],[693156.1237739478,6095017.083372701],[693173.7259364651,6095130.86103346],[693284.990897734,6095113.696992064],[693313.9450419846,6095109.197665423],[693678.6216446422,6095062.4376364555],[693759.558046048,6095049.760453608],[693780.2825128643,6095043.938720284],[693766.469055021,6094945.661342556],[693764.5550592883,6094938.595668083],[693760.9266881155,6094932.692366796],[693756.1220998231,6094928.144523853],[693750.8802115372,6094924.192101418],[693743.286830141,6094921.573864916],[693733.9442685287,6094920.983830875],[693644.5654615618,6094934.437416788],[693645.8159122161,6094947.200916941],[693598.2320545837,6094955.208060797],[693596.1867854891,6094941.308159605],[693159.003536193,6095009.775429702],[693157.1256968402,6095011.1458272785],[693155.9728510672,6095012.52860776],[693155.7885480274,6095014.25343003]]],[[[694169.4576598224,6094857.100764109],[694169.5702941559,6094859.498282269],[694186.3826388267,6094968.240759799],[694186.7738076099,6094970.464844275],[694187.5147764799,6094971.927928832],[694188.513222193,6094972.948272192],[694190.0370286612,6094973.566618366],[694192.4552290288,6094973.56107491],[694274.5444126171,6094960.975293802],[694555.8990456518,6095087.16019221],[694557.5370853716,6095087.413232809],[694559.2397487774,6095087.125356186],[694560.6159373163,6095086.202673354],[694561.4499298022,6095084.900994107],[694607.9997077571,6094981.201467799],[694608.0996558756,6094979.469115507],[694607.6997468797,6094977.905682361],[694606.7433915612,6094976.717035907],[694605.4402862836,6094975.721911993],[694321.7260495148,6094848.60351698],[694291.3296768551,6094834.9701992],[694174.1832633703,6094853.0084451195],[694173.1646976852,6094853.179203225],[694171.6067286847,6094853.808072615],[694170.5943467272,6094854.620542422],[694169.9038212806,6094855.50050117],[694169.4576598224,6094857.100764109]]]]},"properties":null,"id":"271668"},{"type":"Feature","geometry":{"type":"MultiPolygon","coordinates":[[[[693841.8466461627,6095027.593263159],[693868.8741749896,6095208.589068034],[693953.1992594255,6095195.567642404],[693925.2680319546,6095014.842561863],[693841.8466461627,6095027.593263159]]]]},"properties":null,"id":"10272143"},{"type":"Feature","geometry":{"type":"MultiPolygon","coordinates":[[[[693982.2713719954,6095067.755179327],[693982.9581688574,6095073.79607052],[693990.4565342658,6095072.695325798],[693989.7406306552,6095066.720175339],[693982.2713719954,6095067.755179327]]]]},"properties":null,"id":"40035763"},{"type":"Feature","geometry":{"type":"MultiPolygon","coordinates":[[[[694341.5742909762,6095092.877312217],[694342.4242952226,6095098.337944843],[694344.101657942,6095103.604014458],[694346.5503992104,6095108.555799185],[694351.2811004845,6095114.25840578],[694354.1388831689,6095117.303746304],[694359.7527889046,6095121.508286454],[694409.6407702684,6095143.9305273695],[694414.9698563109,6095145.536581183],[694421.4113064383,6095145.30474795],[694426.6846916683,6095144.326007277],[694432.8504685177,6095142.630372459],[694438.6273806229,6095139.882672878],[694443.8422467243,6095136.188964969],[694448.3295117492,6095131.655141167],[694451.9697746102,6095126.404703594],[694454.6295867846,6095120.617269887],[694456.2437281822,6095114.452382758],[694456.7552059345,6095108.097313698],[694456.1531805496,6095101.756943265],[694454.4645385613,6095095.616734241],[694451.7161662619,6095089.8621490095],[694448.0184274082,6095084.658246119],[694443.466835055,6095080.1890082285],[694438.2086755304,6095076.562885094],[694432.391434649,6095073.897624377],[694390.5782138171,6095055.515398882],[694385.121958525,6095054.023699624],[694379.5013286981,6095053.400635419],[694373.8457527282,6095053.634115141],[694368.3003102136,6095054.730315001],[694362.9787783205,6095056.658877509],[694358.0252353676,6095059.379490521],[694353.5450325916,6095062.824770184],[694349.6585720532,6095066.917706467],[694346.4473286112,6095071.544919619],[694343.9783282089,6095076.630549607],[694342.3525178153,6095081.902661288],[694341.5472230241,6095087.3710457515],[694341.5742909762,6095092.877312217]],[[694348.16454353,6095088.93078104],[694348.8355690481,6095083.95830016],[694350.3267102524,6095079.163495946],[694352.933965404,6095074.121396184],[694356.4466004352,6095069.6737298025],[694360.7299631478,6095065.944324131],[694365.6423778067,6095063.085064243],[694370.9950153707,6095061.183736558],[694376.6217230649,6095060.318337206],[694382.3019696318,6095060.5215238035],[694387.8445231438,6095061.769510528],[694431.3351278489,6095080.459777928],[694434.6151709468,6095082.212301633],[694438.4634562288,6095085.552541369],[694442.2143977494,6095089.685557656],[694445.407469457,6095094.48174471],[694447.6278960656,6095099.810511158],[694448.7793622339,6095105.450682731],[694448.8351823277,6095111.226094633],[694447.7977692347,6095116.894839697],[694445.6779630112,6095122.252037203],[694442.5941609864,6095127.1276964005],[694438.6258328387,6095131.315456945],[694433.9152556756,6095134.691323848],[694428.6651093767,6095137.102094179],[694423.0417511606,6095138.479067216],[694417.2576917736,6095138.77115226],[694412.8618761167,6095138.344961547],[694360.8093548386,6095114.955441912],[694356.9554665207,6095111.708312144],[694353.7068160527,6095107.871411416],[694351.1496856418,6095103.554506936],[694349.3396553319,6095098.858725139],[694348.3413321931,6095093.950112608],[694348.16454353,6095088.93078104]]]]},"properties":null,"id":"2406906"},{"type":"Feature","geometry":{"type":"MultiPolygon","coordinates":[[[[694492.1791199981,6095201.657198768],[694502.4081328253,6095206.190063049],[694512.1095872569,6095184.483706577],[694501.8805924712,6095179.950853992],[694492.1791199981,6095201.657198768]]]]},"properties":null,"id":"4854655"},{"type":"Feature","geometry":{"type":"MultiPolygon","coordinates":[[[[694458.4449946964,6095116.41419334],[694459.2805535379,6095124.386702711],[694485.752964884,6095118.727804128],[694478.3539234102,6095088.339145036],[694464.7036915945,6095091.070546454],[694458.4449946964,6095116.41419334]]]]},"properties":null,"id":"33338424"},{"type":"Feature","geometry":{"type":"MultiPolygon","coordinates":[[[[694336.8972641011,6095119.414659293],[694364.8844693201,6095131.657959787],[694365.2555356787,6095130.822077581],[694337.2759577353,6095118.578614054],[694336.8972641011,6095119.414659293]]]]},"properties":null,"id":"40846462"},{"type":"Feature","geometry":{"type":"MultiPolygon","coordinates":[[[[694335.6245123504,6095122.307125393],[694353.260863205,6095130.020042896],[694353.6024305391,6095129.231307279],[694335.9739064802,6095121.527524025],[694335.6245123504,6095122.307125393]]]]},"properties":null,"id":"40846463"},{"type":"Feature","geometry":{"type":"MultiPolygon","coordinates":[[[[694332.0511795467,6095109.063476158],[694359.7527889046,6095121.508286454],[694409.6407702684,6095143.9305273695],[694434.0071427792,6095154.884237464],[694436.6579479971,6095149.031889902],[694412.8618761167,6095138.344961547],[694360.8093548386,6095114.955441912],[694346.5503992104,6095108.555799185],[694334.7024334108,6095103.229755998],[694332.0511795467,6095109.063476158]]]]},"properties":null,"id":"40846465"},{"type":"Feature","geometry":{"type":"MultiPolygon","coordinates":[[[[694476.647700283,6095194.634030299],[694486.8766965382,6095199.166911552],[694496.5779777447,6095177.45127503],[694486.3491999852,6095172.92770328],[694476.647700283,6095194.634030299]]]]},"properties":null,"id":"53428274"},{"type":"Feature","geometry":{"type":"MultiPolygon","coordinates":[[[[694460.1709634976,6095187.287033866],[694470.3999422797,6095191.819933118],[694480.0938275345,6095170.113777615],[694469.8724922141,6095165.580725683],[694460.1709634976,6095187.287033866]]]]},"properties":null,"id":"53428275"},{"type":"Feature","geometry":{"type":"MultiPolygon","coordinates":[[[[694325.4247412158,6095118.768779124],[694335.2901686095,6095123.077100437],[694335.6245123504,6095122.307125393],[694335.9739064802,6095121.527524025],[694336.8972641011,6095119.414659293],[694337.2759577353,6095118.578614054],[694338.1848651179,6095116.503268862],[694328.327268679,6095112.20408447],[694325.4247412158,6095118.768779124]]]]},"properties":null,"id":"40846461"},{"type":"Feature","geometry":{"type":"MultiPolygon","coordinates":[[[[694427.5529458936,6094663.5830721315],[694460.0831715954,6094678.193144467],[694490.6330049932,6094611.917297852],[694457.4851406574,6094596.957878323],[694427.5529458936,6094663.5830721315]]]]},"properties":null,"id":"4854567"},{"type":"Feature","geometry":{"type":"MultiPolygon","coordinates":[[[[694157.3963026606,6094591.264378624],[694162.6360296863,6094623.467109578],[694176.8064829,6094621.190029168],[694171.5741302075,6094588.977842283],[694157.3963026606,6094591.264378624]]]]},"properties":null,"id":"44125492"},{"type":"Feature","geometry":{"type":"MultiPolygon","coordinates":[[[[694194.2760931505,6094729.639300123],[694195.9718889655,6094740.37463221],[694208.235444785,6094738.454837619],[694206.5548844695,6094727.719178873],[694194.2760931505,6094729.639300123]]]]},"properties":null,"id":"44125494"},{"type":"Feature","geometry":{"type":"MultiPolygon","coordinates":[[[[694307.8828855094,6095743.187509596],[694312.1521368246,6095775.987797901],[694314.3339446185,6095772.080444716],[694318.6432433479,6095746.509198954],[694321.3825384083,6095738.375986964],[694329.3157461378,6095715.638248098],[694399.5152754062,6095560.948383195],[694415.9097177524,6095524.791337281],[694454.3927753678,6095431.740925444],[694583.683934892,6095148.727065427],[694936.3105983501,6094363.668422179],[694947.3140927581,6094333.1241535125],[694969.6336870122,6094256.866270008],[694986.6498957167,6094220.061822315],[694996.3912138905,6094206.3072588],[695000.9622296046,6094192.9807461],[695124.252833855,6093903.360594666],[695256.9262623835,6093599.023518484],[695267.4679548065,6093577.195545938],[695278.6290734622,6093554.3867139],[695284.2869068376,6093546.199177705],[695277.8001789805,6093545.697808791],[695271.2568993652,6093542.937226226],[695266.3095619655,6093538.849073371],[695265.6491380823,6093552.732949233],[695263.3708474537,6093567.284408672],[695255.3307542654,6093584.872220584],[695246.3294109947,6093602.806413285],[695209.6804801265,6093675.487216785],[694317.6039273087,6095668.486963581],[694307.9700313738,6095702.237794042],[694308.1146426781,6095723.83415387],[694307.8828855094,6095743.187509596]]]]},"properties":null,"id":"48732563"},{"type":"Feature","geometry":{"type":"MultiPolygon","coordinates":[[[[694661.415048914,6094622.660950702],[694740.5455393338,6094657.6405828055],[694781.2200859335,6094566.457120616],[694702.3909651318,6094531.6295119915],[694690.3579903902,6094558.353839129],[694661.415048914,6094622.660950702]]]]},"properties":null,"id":"19918911"},{"type":"Feature","geometry":{"type":"MultiPolygon","coordinates":[[[[694600.3430665196,6094582.081891114],[694617.2771943623,6094584.8606598],[694622.8659111061,6094573.41007326],[694628.3931599185,6094576.0814536195],[694633.558272547,6094564.79813561],[694613.0084015008,6094555.306852016],[694600.3430665196,6094582.081891114]]]]},"properties":null,"id":"19918926"},{"type":"Feature","geometry":{"type":"MultiPolygon","coordinates":[[[[694613.2270449665,6094568.622794669],[694622.8659111061,6094573.41007326],[694618.8847354912,6094566.73331893],[694615.0612557968,6094564.890271969],[694613.2270449665,6094568.622794669]]]]},"properties":null,"id":"19918898"},{"type":"Feature","geometry":{"type":"MultiPolygon","coordinates":[[[[694662.699055666,6094548.541697382],[694679.3416057818,6094555.838178288],[694694.0998738612,6094522.48773022],[694677.4571684826,6094515.181980501],[694662.699055666,6094548.541697382]]]]},"properties":null,"id":"19918912"}],"crs":{"type":"name","properties":{"name":"urn:ogc:def:crs:EPSG::28355"}}}