{"type":"FeatureCollection","features":[{"type":"Feature","geometry":{"type":"Point","coordinates":[694455.1539377035,6094921.261550351]},"properties":{"height":9.0,"crown_diameter":6.0},"id":""},{"type":"Feature","geometry":{"type":"Point","coordinates":[694466.7438512172,6094920.639631383]},"properties":{"height":9.0,"crown_diameter":6.0},"id":""},{"type":"Feature","geometry":{"type":"Point","coordinates":[694467.6177143147,6094929.681060118]},"properties":{"height":9.0,"crown_diameter":6.0},"id":""},{"type":"Feature","geometry":{"type":"Point","coordinates":[694463.542211846,6094938.801273885]},"properties":{"height":9.0,"crown_diameter":6.0},"id":""},{"type":"Feature","geometry":{"type":"Point","coordinates":[694454.8393265438,6094950.551407697]},"properties":{"height":9.0,"crown_diameter":6.0},"id":""},{"type":"Feature","geometry":{"type":"Point","coordinates":[694455.538054353,6094957.485030336]},"properties":{"height":9.0,"crown_diameter":6.0},"id":""},{"type":"Feature","geometry":{"type":"Point","coordinates":[694460.0619405543,6094952.885289039]},"properties":{"height":9.0,"crown_diameter":6.0},"id":""},{"type":"Feature","geometry":{"type":"Point","coordinates":[694465.9585840591,6094955.344169669]},"properties":{"height":9.0,"crown_diameter":6.0},"id":""},{"type":"Feature","geometry":{"type":"Point","coordinates":[694471.0573788407,6094958.303956242]},"properties":{"height":9.0,"crown_diameter":6.0},"id":""},{"type":"Feature","geometry":{"type":"Point","coordinates":[694460.7532476126,6094959.828373599]},"properties":{"height":9.0,"crown_diameter":6.0},"id":""},{"type":"Feature","geometry":{"type":"Point","coordinates":[694466.6498956998,6094962.287253958]},"properties":{"height":9.0,"crown_diameter":6.0},"id":""},{"type":"Feature","geometry":{"type":"Point","coordinates":[694471.7486944542,6094965.247040287]},"properties":{"height":9.0,"crown_diameter":6.0},"id":""},{"type":"Feature","geometry":{"type":"Point","coordinates":[694457.7979659864,6094971.370893312]},"properties":{"height":9.0,"crown_diameter":6.0},"id":""},{"type":"Feature","geometry":{"type":"Point","coordinates":[694471.1703588839,6094974.161637463]},"properties":{"height":9.0,"crown_diameter":6.0},"id":""},{"type":"Feature","geometry":{"type":"Point","coordinates":[694469.4884888164,6094978.244315868]},"properties":{"height":9.0,"crown_diameter":6.0},"id":""},{"type":"Feature","geometry":{"type":"Point","coordinates":[694465.6936571826,6094988.7072857395]},"properties":{"height":9.0,"crown_diameter":6.0},"id":""},{"type":"Feature","geometry":{"type":"Point","coordinates":[694466.2230983698,6095000.881650816]},"properties":{"height":9.0,"crown_diameter":6.0},"id":""},{"type":"Feature","geometry":{"type":"Point","coordinates":[694455.3213489973,6095016.800017821]},"properties":{"height":9.0,"crown_diameter":6.0},"id":""},{"type":"Feature","geometry":{"type":"Point","coordinates":[694472.2217576605,6095009.487032015]},"properties":{"height":9.0,"crown_diameter":6.0},"id":""},{"type":"Feature","geometry":{"type":"Point","coordinates":[694466.9290769666,6095022.661300383]},"properties":{"height":9.0,"crown_diameter":6.0},"id":""},{"type":"Feature","geometry":{"type":"Point","coordinates":[694463.7232268086,6095031.074406924]},"properties":{"height":9.0,"crown_diameter":6.0},"id":""},{"type":"Feature","geometry":{"type":"Point","coordinates":[694465.4173766737,6095041.363241182]},"properties":{"height":9.0,"crown_diameter":6.0},"id":""},{"type":"Feature","geometry":{"type":"Point","coordinates":[694473.1804525584,6095036.6192553695]},"properties":{"height":9.0,"crown_diameter":6.0},"id":""},{"type":"Feature","geometry":{"type":"Point","coordinates":[694477.2492281557,6094934.822150189]},"properties":{"height":9.0,"crown_diameter":6.0},"id":""},{"type":"Feature","geometry":{"type":"Point","coordinates":[694474.0102673449,6094945.235934203]},"properties":{"height":9.0,"crown_diameter":6.0},"id":""},{"type":"Feature","geometry":{"type":"Point","coordinates":[694485.9480761709,6094948.364550299]},"properties":{"height":9.0,"crown_diameter":6.0},"id":""},{"type":"Feature","geometry":{"type":"Point","coordinates":[694487.1647080812,6094930.4875476565]},"properties":{"height":9.0,"crown_diameter":6.0},"id":""},{"type":"Feature","geometry":{"type":"Point","coordinates":[694491.0921738371,6094935.732991081]},"properties":{"height":9.0,"crown_diameter":6.0},"id":""},{"type":"Feature","geometry":{"type":"Point","coordinates":[694496.2645827773,6094930.784371378]},"properties":{"height":9.0,"crown_diameter":6.0},"id":""},{"type":"Feature","geometry":{"type":"Point","coordinates":[694499.9057220964,6094944.686959412]},"properties":{"height":9.0,"crown_diameter":6.0},"id":""},{"type":"Feature","geometry":{"type":"Point","coordinates":[694476.8725654559,6094960.522730954]},"properties":{"height":9.0,"crown_diameter":6.0},"id":""},{"type":"Feature","geometry":{"type":"Point","coordinates":[694477.5638855885,6094967.465814732]},"properties":{"height":9.0,"crown_diameter":6.0},"id":""},{"type":"Feature","geometry":{"type":"Point","coordinates":[694482.1088217107,6094963.488850463]},"properties":{"height":9.0,"crown_diameter":6.0},"id":""},{"type":"Feature","geometry":{"type":"Point","coordinates":[694487.5999542824,6094965.184383687]},"properties":{"height":9.0,"crown_diameter":6.0},"id":""},{"type":"Feature","geometry":{"type":"Point","coordinates":[694496.4159593452,6094954.789887903]},"properties":{"height":9.0,"crown_diameter":6.0},"id":""},{"type":"Feature","geometry":{"type":"Point","coordinates":[694508.8445600527,6094941.052444914]},"properties":{"height":9.0,"crown_diameter":6.0},"id":""},{"type":"Feature","geometry":{"type":"Point","coordinates":[694530.6004255004,6094945.587876836]},"properties":{"height":9.0,"crown_diameter":6.0},"id":""},{"type":"Feature","geometry":{"type":"Point","coordinates":[694507.9263394312,6094959.676490803]},"properties":{"height":9.0,"crown_diameter":6.0},"id":""},{"type":"Feature","geometry":{"type":"Point","coordinates":[694518.3944527763,6094966.111101855]},"properties":{"height":9.0,"crown_diameter":6.0},"id":""},{"type":"Feature","geometry":{"type":"Point","coordinates":[694522.8089763335,6094949.718591229]},"properties":{"height":9.0,"crown_diameter":6.0},"id":""},{"type":"Feature","geometry":{"type":"Point","coordinates":[694523.453350644,6094958.02079636]},"properties":{"height":9.0,"crown_diameter":6.0},"id":""},{"type":"Feature","geometry":{"type":"Point","coordinates":[694540.0417963585,6094960.658371886]},"properties":{"height":9.0,"crown_diameter":6.0},"id":""},{"type":"Feature","geometry":{"type":"Point","coordinates":[694545.6763752095,6094964.760027759]},"properties":{"height":9.0,"crown_diameter":6.0},"id":""},{"type":"Feature","geometry":{"type":"Point","coordinates":[694551.5308516971,6094958.540879706]},"properties":{"height":9.0,"crown_diameter":6.0},"id":""},{"type":"Feature","geometry":{"type":"Point","coordinates":[694554.2997429844,6094963.122926861]},"properties":{"height":9.0,"crown_diameter":6.0},"id":""},{"type":"Feature","geometry":{"type":"Point","coordinates":[694562.2914478048,6094959.434368413]},"properties":{"height":9.0,"crown_diameter":6.0},"id":""},{"type":"Feature","geometry":{"type":"Point","coordinates":[694475.0812737446,6094975.454043308]},"properties":{"height":9.0,"crown_diameter":6.0},"id":""},{"type":"Feature","geometry":{"type":"Point","coordinates":[694482.7515882462,6094970.302751105]},"properties":{"height":9.0,"crown_diameter":6.0},"id":""},{"type":"Feature","geometry":{"type":"Point","coordinates":[694475.0135269519,6094980.4507428985]},"properties":{"height":9.0,"crown_diameter":6.0},"id":""},{"type":"Feature","geometry":{"type":"Point","coordinates":[694480.9315071243,6094981.067335026]},"properties":{"height":9.0,"crown_diameter":6.0},"id":""},{"type":"Feature","geometry":{"type":"Point","coordinates":[694488.3149602922,6094972.164164997]},"properties":{"height":9.0,"crown_diameter":6.0},"id":""},{"type":"Feature","geometry":{"type":"Point","coordinates":[694493.1211414357,6094968.981545468]},"properties":{"height":9.0,"crown_diameter":6.0},"id":""},{"type":"Feature","geometry":{"type":"Point","coordinates":[694493.8439695379,6094976.323940735]},"properties":{"height":9.0,"crown_diameter":6.0},"id":""},{"type":"Feature","geometry":{"type":"Point","coordinates":[694492.9451607097,6094986.650070174]},"properties":{"height":9.0,"crown_diameter":6.0},"id":""},{"type":"Feature","geometry":{"type":"Point","coordinates":[694476.7999728473,6094991.481756151]},"properties":{"height":9.0,"crown_diameter":6.0},"id":""},{"type":"Feature","geometry":{"type":"Point","coordinates":[694481.8265301671,6094995.336098935]},"properties":{"height":9.0,"crown_diameter":6.0},"id":""},{"type":"Feature","geometry":{"type":"Point","coordinates":[694486.1653056988,6094995.2425628025]},"properties":{"height":9.0,"crown_diameter":6.0},"id":""},{"type":"Feature","geometry":{"type":"Point","coordinates":[694473.5569238835,6095003.830466952]},"properties":{"height":9.0,"crown_diameter":6.0},"id":""},{"type":"Feature","geometry":{"type":"Point","coordinates":[694493.2639215714,6094999.666169158]},"properties":{"height":9.0,"crown_diameter":6.0},"id":""},{"type":"Feature","geometry":{"type":"Point","coordinates":[694497.8376243906,6095001.976812432]},"properties":{"height":9.0,"crown_diameter":6.0},"id":""},{"type":"Feature","geometry":{"type":"Point","coordinates":[694505.9459008955,6094973.26308291]},"properties":{"height":9.0,"crown_diameter":6.0},"id":""},{"type":"Feature","geometry":{"type":"Point","coordinates":[694509.512096062,6094973.781528183]},"properties":{"height":9.0,"crown_diameter":6.0},"id":""},{"type":"Feature","geometry":{"type":"Point","coordinates":[694504.4279174873,6094980.700301826]},"properties":{"height":9.0,"crown_diameter":6.0},"id":""},{"type":"Feature","geometry":{"type":"Point","coordinates":[694511.3804715916,6094984.010788232]},"properties":{"height":9.0,"crown_diameter":6.0},"id":""},{"type":"Feature","geometry":{"type":"Point","coordinates":[694512.9541965397,6094978.451394996]},"properties":{"height":9.0,"crown_diameter":6.0},"id":""},{"type":"Feature","geometry":{"type":"Point","coordinates":[694518.190226235,6094983.882562735]},"properties":{"height":9.0,"crown_diameter":6.0},"id":""},{"type":"Feature","geometry":{"type":"Point","coordinates":[694530.03232331,6094968.771721341]},"properties":{"height":9.0,"crown_diameter":6.0},"id":""},{"type":"Feature","geometry":{"type":"Point","coordinates":[694521.6899141967,6094978.839767163]},"properties":{"height":9.0,"crown_diameter":6.0},"id":""},{"type":"Feature","geometry":{"type":"Point","coordinates":[694527.9830800897,6094982.703982368]},"properties":{"height":9.0,"crown_diameter":6.0},"id":""},{"type":"Feature","geometry":{"type":"Point","coordinates":[694533.0596378325,6094985.692122018]},"properties":{"height":9.0,"crown_diameter":6.0},"id":""},{"type":"Feature","geometry":{"type":"Point","coordinates":[694504.3054400655,6094993.418944834]},"properties":{"height":9.0,"crown_diameter":6.0},"id":""},{"type":"Feature","geometry":{"type":"Point","coordinates":[694514.2607186903,6094998.35767556]},"properties":{"height":9.0,"crown_diameter":6.0},"id":""},{"type":"Feature","geometry":{"type":"Point","coordinates":[694529.8513168448,6094990.803056339]},"properties":{"height":9.0,"crown_diameter":6.0},"id":""},{"type":"Feature","geometry":{"type":"Point","coordinates":[694525.0856907513,6095003.296247352]},"properties":{"height":9.0,"crown_diameter":6.0},"id":""},{"type":"Feature","geometry":{"type":"Point","coordinates":[694479.0043586383,6095012.698884136]},"properties":{"height":9.0,"crown_diameter":6.0},"id":""},{"type":"Feature","geometry":{"type":"Point","coordinates":[694485.3069237563,6095009.5677312035]},"properties":{"height":9.0,"crown_diameter":6.0},"id":""},{"type":"Feature","geometry":{"type":"Point","coordinates":[694492.058411313,6095013.459299487]},"properties":{"height":9.0,"crown_diameter":6.0},"id":""},{"type":"Feature","geometry":{"type":"Point","coordinates":[694490.4194540759,6095018.824749304]},"properties":{"height":9.0,"crown_diameter":6.0},"id":""},{"type":"Feature","geometry":{"type":"Point","coordinates":[694497.676641072,6095022.110075861]},"properties":{"height":9.0,"crown_diameter":6.0},"id":""},{"type":"Feature","geometry":{"type":"Point","coordinates":[694478.5131953666,6095026.364985894]},"properties":{"height":9.0,"crown_diameter":6.0},"id":""},{"type":"Feature","geometry":{"type":"Point","coordinates":[694478.8375352818,6095039.994902976]},"properties":{"height":9.0,"crown_diameter":6.0},"id":""},{"type":"Feature","geometry":{"type":"Point","coordinates":[694500.5763490323,6095035.944929747]},"properties":{"height":9.0,"crown_diameter":6.0},"id":""},{"type":"Feature","geometry":{"type":"Point","coordinates":[694510.3387179818,6095008.228072692]},"properties":{"height":9.0,"crown_diameter":6.0},"id":""},{"type":"Feature","geometry":{"type":"Point","coordinates":[694505.8569940913,6095020.798848778]},"properties":{"height":9.0,"crown_diameter":6.0},"id":""},{"type":"Feature","geometry":{"type":"Point","coordinates":[694513.0164709256,6095023.797904329]},"properties":{"height":9.0,"crown_diameter":6.0},"id":""},{"type":"Feature","geometry":{"type":"Point","coordinates":[694518.134028414,6095024.441034215]},"properties":{"height":9.0,"crown_diameter":6.0},"id":""},{"type":"Feature","geometry":{"type":"Point","coordinates":[694521.163698947,6095013.166649535]},"properties":{"height":9.0,"crown_diameter":6.0},"id":""},{"type":"Feature","geometry":{"type":"Point","coordinates":[694531.8938003873,6095016.888681745]},"properties":{"height":9.0,"crown_diameter":6.0},"id":""},{"type":"Feature","geometry":{"type":"Point","coordinates":[694506.8064248767,6095026.266631018]},"properties":{"height":9.0,"crown_diameter":6.0},"id":""},{"type":"Feature","geometry":{"type":"Point","coordinates":[694513.1048862829,6095027.544753608]},"properties":{"height":9.0,"crown_diameter":6.0},"id":""},{"type":"Feature","geometry":{"type":"Point","coordinates":[694518.4912570349,6095032.163396314]},"properties":{"height":9.0,"crown_diameter":6.0},"id":""},{"type":"Feature","geometry":{"type":"Point","coordinates":[694511.4452659703,6095042.566256779]},"properties":{"height":9.0,"crown_diameter":6.0},"id":""},{"type":"Feature","geometry":{"type":"Point","coordinates":[694522.3870801431,6095027.093456441]},"properties":{"height":9.0,"crown_diameter":6.0},"id":""},{"type":"Feature","geometry":{"type":"Point","coordinates":[694523.1021349648,6095033.012793184]},"properties":{"height":9.0,"crown_diameter":6.0},"id":""},{"type":"Feature","geometry":{"type":"Point","coordinates":[694529.4663323637,6095028.494264066]},"properties":{"height":9.0,"crown_diameter":6.0},"id":""},{"type":"Feature","geometry":{"type":"Point","coordinates":[694534.7616231279,6095032.426504389]},"properties":{"height":9.0,"crown_diameter":6.0},"id":""},{"type":"Feature","geometry":{"type":"Point","coordinates":[694529.698558421,6095036.0797898695]},"properties":{"height":9.0,"crown_diameter":6.0},"id":""},{"type":"Feature","geometry":{"type":"Point","coordinates":[694535.3907637201,6095040.375556396]},"properties":{"height":9.0,"crown_diameter":6.0},"id":""},{"type":"Feature","geometry":{"type":"Point","coordinates":[694540.5004640332,6094975.206307804]},"properties":{"height":9.0,"crown_diameter":6.0},"id":""},{"type":"Feature","geometry":{"type":"Point","coordinates":[694559.5654952435,6094968.162741464]},"properties":{"height":9.0,"crown_diameter":6.0},"id":""},{"type":"Feature","geometry":{"type":"Point","coordinates":[694551.7319818888,6094979.540743927]},"properties":{"height":9.0,"crown_diameter":6.0},"id":""},{"type":"Feature","geometry":{"type":"Point","coordinates":[694562.1999509813,6094985.966008529]},"properties":{"height":9.0,"crown_diameter":6.0},"id":""},{"type":"Feature","geometry":{"type":"Point","coordinates":[694540.0567870247,6094987.178409031]},"properties":{"height":9.0,"crown_diameter":6.0},"id":""},{"type":"Feature","geometry":{"type":"Point","coordinates":[694538.7352929219,6094993.820717374]},"properties":{"height":9.0,"crown_diameter":6.0},"id":""},{"type":"Feature","geometry":{"type":"Point","coordinates":[694544.7926268631,6094989.9320346005]},"properties":{"height":9.0,"crown_diameter":6.0},"id":""},{"type":"Feature","geometry":{"type":"Point","coordinates":[694543.2189185305,6094995.491434053]},"properties":{"height":9.0,"crown_diameter":6.0},"id":""},{"type":"Feature","geometry":{"type":"Point","coordinates":[694549.1681722429,6094998.972362816]},"properties":{"height":9.0,"crown_diameter":6.0},"id":""},{"type":"Feature","geometry":{"type":"Point","coordinates":[694550.7418777723,6094993.412962225]},"properties":{"height":9.0,"crown_diameter":6.0},"id":""},{"type":"Feature","geometry":{"type":"Point","coordinates":[694557.8529980525,6094995.938616345]},"properties":{"height":9.0,"crown_diameter":6.0},"id":""},{"type":"Feature","geometry":{"type":"Point","coordinates":[694556.2869215143,6095001.497853871]},"properties":{"height":9.0,"crown_diameter":6.0},"id":""},{"type":"Feature","geometry":{"type":"Point","coordinates":[694561.6251653016,6095004.591960635]},"properties":{"height":9.0,"crown_diameter":6.0},"id":""},{"type":"Feature","geometry":{"type":"Point","coordinates":[694569.5600809397,6094975.277261794]},"properties":{"height":9.0,"crown_diameter":6.0},"id":""},{"type":"Feature","geometry":{"type":"Point","coordinates":[694578.9542309715,6094971.884015652]},"properties":{"height":9.0,"crown_diameter":6.0},"id":""},{"type":"Feature","geometry":{"type":"Point","coordinates":[694590.6453872873,6094984.794355543]},"properties":{"height":9.0,"crown_diameter":6.0},"id":""},{"type":"Feature","geometry":{"type":"Point","coordinates":[694596.9936421257,6094982.369097143]},"properties":{"height":9.0,"crown_diameter":6.0},"id":""},{"type":"Feature","geometry":{"type":"Point","coordinates":[694575.3863641341,6094990.74196615]},"properties":{"height":9.0,"crown_diameter":6.0},"id":""},{"type":"Feature","geometry":{"type":"Point","coordinates":[694568.1484314739,6095001.43738363]},"properties":{"height":9.0,"crown_diameter":6.0},"id":""},{"type":"Feature","geometry":{"type":"Point","coordinates":[694573.7776631176,6095003.167096993]},"properties":{"height":9.0,"crown_diameter":6.0},"id":""},{"type":"Feature","geometry":{"type":"Point","coordinates":[694585.8543641171,6094997.167204499]},"properties":{"height":9.0,"crown_diameter":6.0},"id":""},{"type":"Feature","geometry":{"type":"Point","coordinates":[694595.7178048552,6095001.028782556]},"properties":{"height":9.0,"crown_diameter":6.0},"id":""},{"type":"Feature","geometry":{"type":"Point","coordinates":[694535.8159832321,6095007.027572321]},"properties":{"height":9.0,"crown_diameter":6.0},"id":""},{"type":"Feature","geometry":{"type":"Point","coordinates":[694547.1773430168,6095012.78244162]},"properties":{"height":9.0,"crown_diameter":6.0},"id":""},{"type":"Feature","geometry":{"type":"Point","coordinates":[694543.2627944923,6095022.643391891]},"properties":{"height":9.0,"crown_diameter":6.0},"id":""},{"type":"Feature","geometry":{"type":"Point","coordinates":[694566.574534104,6095006.987489788]},"properties":{"height":9.0,"crown_diameter":6.0},"id":""},{"type":"Feature","geometry":{"type":"Point","coordinates":[694556.9510990389,6095015.669272715]},"properties":{"height":9.0,"crown_diameter":6.0},"id":""},{"type":"Feature","geometry":{"type":"Point","coordinates":[694539.7800208007,6095035.192645112]},"properties":{"height":9.0,"crown_diameter":6.0},"id":""},{"type":"Feature","geometry":{"type":"Point","coordinates":[694542.3056931773,6095041.231072757]},"properties":{"height":9.0,"crown_diameter":6.0},"id":""},{"type":"Feature","geometry":{"type":"Point","coordinates":[694553.036759902,6095025.53952539]},"properties":{"height":9.0,"crown_diameter":6.0},"id":""},{"type":"Feature","geometry":{"type":"Point","coordinates":[694555.6529857963,6095041.082769522]},"properties":{"height":9.0,"crown_diameter":6.0},"id":""},{"type":"Feature","geometry":{"type":"Point","coordinates":[694572.2039692798,6095008.72650206]},"properties":{"height":9.0,"crown_diameter":6.0},"id":""},{"type":"Feature","geometry":{"type":"Point","coordinates":[694578.7950559638,6095005.886726944]},"properties":{"height":9.0,"crown_diameter":6.0},"id":""},{"type":"Feature","geometry":{"type":"Point","coordinates":[694577.2213645375,6095011.446132977]},"properties":{"height":9.0,"crown_diameter":6.0},"id":""},{"type":"Feature","geometry":{"type":"Point","coordinates":[694573.0028146836,6095023.127569894]},"properties":{"height":9.0,"crown_diameter":6.0},"id":""},{"type":"Feature","geometry":{"type":"Point","coordinates":[694585.8453262595,6095013.725187776]},"properties":{"height":9.0,"crown_diameter":6.0},"id":""},{"type":"Feature","geometry":{"type":"Point","coordinates":[694591.9881385897,6095009.909046372]},"properties":{"height":9.0,"crown_diameter":6.0},"id":""},{"type":"Feature","geometry":{"type":"Point","coordinates":[694581.1355443937,6095026.328833102]},"properties":{"height":9.0,"crown_diameter":6.0},"id":""},{"type":"Feature","geometry":{"type":"Point","coordinates":[694577.2212253674,6095036.19909705]},"properties":{"height":9.0,"crown_diameter":6.0},"id":""},{"type":"Feature","geometry":{"type":"Point","coordinates":[694487.2393373856,6095051.432128202]},"properties":{"height":9.0,"crown_diameter":6.0},"id":""},{"type":"Feature","geometry":{"type":"Point","coordinates":[694490.9094587865,6095045.4461594215]},"properties":{"height":9.0,"crown_diameter":6.0},"id":""},{"type":"Feature","geometry":{"type":"Point","coordinates":[694504.1430354624,6095051.7002443215]},"properties":{"height":9.0,"crown_diameter":6.0},"id":""},{"type":"Feature","geometry":{"type":"Point","coordinates":[694506.2111136904,6095060.222910842]},"properties":{"height":9.0,"crown_diameter":6.0},"id":""},{"type":"Feature","geometry":{"type":"Point","coordinates":[694516.6020930836,6095056.352441293]},"properties":{"height":9.0,"crown_diameter":6.0},"id":""},{"type":"Feature","geometry":{"type":"Point","coordinates":[694532.6639525319,6095049.066726932]},"properties":{"height":9.0,"crown_diameter":6.0},"id":""},{"type":"Feature","geometry":{"type":"Point","coordinates":[694512.4302853621,6095063.837577609]},"properties":{"height":9.0,"crown_diameter":6.0},"id":""},{"type":"Feature","geometry":{"type":"Point","coordinates":[694517.9683804268,6095068.415741935]},"properties":{"height":9.0,"crown_diameter":6.0},"id":""},{"type":"Feature","geometry":{"type":"Point","coordinates":[694522.2877025492,6095069.541188283]},"properties":{"height":9.0,"crown_diameter":6.0},"id":""},{"type":"Feature","geometry":{"type":"Point","coordinates":[694530.7374710883,6095064.0939893015]},"properties":{"height":9.0,"crown_diameter":6.0},"id":""},{"type":"Feature","geometry":{"type":"Point","coordinates":[694530.8497097722,6095071.068161864]},"properties":{"height":9.0,"crown_diameter":6.0},"id":""},{"type":"Feature","geometry":{"type":"Point","coordinates":[694534.6848299329,6095072.027302865]},"properties":{"height":9.0,"crown_diameter":6.0},"id":""},{"type":"Feature","geometry":{"type":"Point","coordinates":[694546.8535223218,6095044.816642326]},"properties":{"height":9.0,"crown_diameter":6.0},"id":""},{"type":"Feature","geometry":{"type":"Point","coordinates":[694545.3254554202,6095056.030748768]},"properties":{"height":9.0,"crown_diameter":6.0},"id":""},{"type":"Feature","geometry":{"type":"Point","coordinates":[694555.3715706853,6095046.074777816]},"properties":{"height":9.0,"crown_diameter":6.0},"id":""},{"type":"Feature","geometry":{"type":"Point","coordinates":[694560.9476497662,6095047.814949078]},"properties":{"height":9.0,"crown_diameter":6.0},"id":""},{"type":"Feature","geometry":{"type":"Point","coordinates":[694564.8515817886,6095049.488856589]},"properties":{"height":9.0,"crown_diameter":6.0},"id":""},{"type":"Feature","geometry":{"type":"Point","coordinates":[694555.0093156404,6095061.468305657]},"properties":{"height":9.0,"crown_diameter":6.0},"id":""},{"type":"Feature","geometry":{"type":"Point","coordinates":[694540.45933315,6095065.279671461]},"properties":{"height":9.0,"crown_diameter":6.0},"id":""},{"type":"Feature","geometry":{"type":"Point","coordinates":[694549.1699398337,6095072.282374786]},"properties":{"height":9.0,"crown_diameter":6.0},"id":""},{"type":"Feature","geometry":{"type":"Point","coordinates":[694551.8262239343,6095080.4853789555]},"properties":{"height":9.0,"crown_diameter":6.0},"id":""},{"type":"Feature","geometry":{"type":"Point","coordinates":[694567.3942066494,6095063.740690265]},"properties":{"height":9.0,"crown_diameter":6.0},"id":""},{"type":"Feature","geometry":{"type":"Point","coordinates":[694561.6270469433,6095076.841533685]},"properties":{"height":9.0,"crown_diameter":6.0},"id":""},{"type":"Feature","geometry":{"type":"Point","coordinates":[694572.2782359899,6095049.31008045]},"properties":{"height":9.0,"crown_diameter":6.0},"id":""},{"type":"Feature","geometry":{"type":"Point","coordinates":[694559.1330631664,6095082.885887826]},"properties":{"height":9.0,"crown_diameter":6.0},"id":""},{"type":"Feature","geometry":{"type":"Point","coordinates":[694606.6402977785,6094971.93796495]},"properties":{"height":9.0,"crown_diameter":6.0},"id":""},{"type":"Feature","geometry":{"type":"Point","coordinates":[694602.1672951897,6094990.210816691]},"properties":{"height":9.0,"crown_diameter":6.0},"id":""},{"type":"Feature","geometry":{"type":"Point","coordinates":[693965.0943881946,6094941.941693123]},"properties":{"height":9.0,"crown_diameter":6.0},"id":""},{"type":"Feature","geometry":{"type":"Point","coordinates":[693957.1559132778,6094957.339892475]},"properties":{"height":9.0,"crown_diameter":6.0},"id":""},{"type":"Feature","geometry":{"type":"Point","coordinates":[693966.6573855651,6094953.9635929335]},"properties":{"height":9.0,"crown_diameter":6.0},"id":""},{"type":"Feature","geometry":{"type":"Point","coordinates":[693966.745201755,6094999.560538156]},"properties":{"height":9.0,"crown_diameter":6.0},"id":""},{"type":"Feature","geometry":{"type":"Point","coordinates":[693965.9740431316,6095019.399866173]},"properties":{"height":9.0,"crown_diameter":6.0},"id":""},{"type":"Feature","geometry":{"type":"Point","coordinates":[693998.0888592853,6094940.888038472]},"properties":{"height":9.0,"crown_diameter":6.0},"id":""},{"type":"Feature","geometry":{"type":"Point","coordinates":[694011.6630768895,6094938.53105389]},"properties":{"height":9.0,"crown_diameter":6.0},"id":""},{"type":"Feature","geometry":{"type":"Point","coordinates":[693974.838938433,6094942.420524014]},"properties":{"height":9.0,"crown_diameter":6.0},"id":""},{"type":"Feature","geometry":{"type":"Point","coordinates":[693976.1378312191,6094949.964495105]},"properties":{"height":9.0,"crown_diameter":6.0},"id":""},{"type":"Feature","geometry":{"type":"Point","coordinates":[693989.5662220587,6094949.694348652]},"properties":{"height":9.0,"crown_diameter":6.0},"id":""},{"type":"Feature","geometry":{"type":"Point","coordinates":[693999.3877715863,6094948.432007058]},"properties":{"height":9.0,"crown_diameter":6.0},"id":""},{"type":"Feature","geometry":{"type":"Point","coordinates":[694000.3144959799,6094960.662930692]},"properties":{"height":9.0,"crown_diameter":6.0},"id":""},{"type":"Feature","geometry":{"type":"Point","coordinates":[694012.9620004845,6094946.075021024]},"properties":{"height":9.0,"crown_diameter":6.0},"id":""},{"type":"Feature","geometry":{"type":"Point","coordinates":[694008.1155473947,6094959.806812151]},"properties":{"height":9.0,"crown_diameter":6.0},"id":""},{"type":"Feature","geometry":{"type":"Point","coordinates":[694013.0144163072,6094958.799154283]},"properties":{"height":9.0,"crown_diameter":6.0},"id":""},{"type":"Feature","geometry":{"type":"Point","coordinates":[694024.708921791,6094944.594503738]},"properties":{"height":9.0,"crown_diameter":6.0},"id":""},{"type":"Feature","geometry":{"type":"Point","coordinates":[694019.8917353214,6094958.976819359]},"properties":{"height":9.0,"crown_diameter":6.0},"id":""},{"type":"Feature","geometry":{"type":"Point","coordinates":[694028.8453485601,6094956.0215279255]},"properties":{"height":9.0,"crown_diameter":6.0},"id":""},{"type":"Feature","geometry":{"type":"Point","coordinates":[694009.7357704522,6094964.199763096]},"properties":{"height":9.0,"crown_diameter":6.0},"id":""},{"type":"Feature","geometry":{"type":"Point","coordinates":[694003.7068845738,6094966.227043925]},"properties":{"height":9.0,"crown_diameter":6.0},"id":""},{"type":"Feature","geometry":{"type":"Point","coordinates":[694015.7099178402,6094964.238719512]},"properties":{"height":9.0,"crown_diameter":6.0},"id":""},{"type":"Feature","geometry":{"type":"Point","coordinates":[694011.4444277495,6094977.316172948]},"properties":{"height":9.0,"crown_diameter":6.0},"id":""},{"type":"Feature","geometry":{"type":"Point","coordinates":[694024.5205005059,6094963.500406716]},"properties":{"height":9.0,"crown_diameter":6.0},"id":""},{"type":"Feature","geometry":{"type":"Point","coordinates":[694033.0307508233,6094961.922054542]},"properties":{"height":9.0,"crown_diameter":6.0},"id":""},{"type":"Feature","geometry":{"type":"Point","coordinates":[694024.3077945749,6094977.0209204545]},"properties":{"height":9.0,"crown_diameter":6.0},"id":""},{"type":"Feature","geometry":{"type":"Point","coordinates":[694034.5021303778,6094976.773754824]},"properties":{"height":9.0,"crown_diameter":6.0},"id":""},{"type":"Feature","geometry":{"type":"Point","coordinates":[694072.3118678659,6094937.840458966]},"properties":{"height":9.0,"crown_diameter":6.0},"id":""},{"type":"Feature","geometry":{"type":"Point","coordinates":[694037.6932772486,6094941.059498667]},"properties":{"height":9.0,"crown_diameter":6.0},"id":""},{"type":"Feature","geometry":{"type":"Point","coordinates":[694050.8167753076,6094941.865558997]},"properties":{"height":9.0,"crown_diameter":6.0},"id":""},{"type":"Feature","geometry":{"type":"Point","coordinates":[694039.624914818,6094962.412764065]},"properties":{"height":9.0,"crown_diameter":6.0},"id":""},{"type":"Feature","geometry":{"type":"Point","coordinates":[694044.2536284438,6094976.154717134]},"properties":{"height":9.0,"crown_diameter":6.0},"id":""},{"type":"Feature","geometry":{"type":"Point","coordinates":[694065.2856048213,6094958.753887235]},"properties":{"height":9.0,"crown_diameter":6.0},"id":""},{"type":"Feature","geometry":{"type":"Point","coordinates":[694055.5694998562,6094969.883553442]},"properties":{"height":9.0,"crown_diameter":6.0},"id":""},{"type":"Feature","geometry":{"type":"Point","coordinates":[694072.1724890956,6094951.219870142]},"properties":{"height":9.0,"crown_diameter":6.0},"id":""},{"type":"Feature","geometry":{"type":"Point","coordinates":[694069.9805636301,6094958.197085118]},"properties":{"height":9.0,"crown_diameter":6.0},"id":""},{"type":"Feature","geometry":{"type":"Point","coordinates":[694077.6368624927,6094949.54886415]},"properties":{"height":9.0,"crown_diameter":6.0},"id":""},{"type":"Feature","geometry":{"type":"Point","coordinates":[694076.0776346507,6094956.503167296]},"properties":{"height":9.0,"crown_diameter":6.0},"id":""},{"type":"Feature","geometry":{"type":"Point","coordinates":[694088.3479785768,6094947.792880449]},"properties":{"height":9.0,"crown_diameter":6.0},"id":""},{"type":"Feature","geometry":{"type":"Point","coordinates":[694095.7716494708,6094945.70762536]},"properties":{"height":9.0,"crown_diameter":6.0},"id":""},{"type":"Feature","geometry":{"type":"Point","coordinates":[694082.9912087861,6094948.7918272335]},"properties":{"height":9.0,"crown_diameter":6.0},"id":""},{"type":"Feature","geometry":{"type":"Point","coordinates":[694081.5343855465,6094954.832323104]},"properties":{"height":9.0,"crown_diameter":6.0},"id":""},{"type":"Feature","geometry":{"type":"Point","coordinates":[694086.8885347975,6094954.065986212]},"properties":{"height":9.0,"crown_diameter":6.0},"id":""},{"type":"Feature","geometry":{"type":"Point","coordinates":[694092.2453074796,6094953.067037239]},"properties":{"height":9.0,"crown_diameter":6.0},"id":""},{"type":"Feature","geometry":{"type":"Point","coordinates":[694075.3157847903,6094967.18906014]},"properties":{"height":9.0,"crown_diameter":6.0},"id":""},{"type":"Feature","geometry":{"type":"Point","coordinates":[694069.3292597973,6094969.057338629]},"properties":{"height":9.0,"crown_diameter":6.0},"id":""},{"type":"Feature","geometry":{"type":"Point","coordinates":[694080.0875418795,6094973.393224072]},"properties":{"height":9.0,"crown_diameter":6.0},"id":""},{"type":"Feature","geometry":{"type":"Point","coordinates":[694089.4640509202,6094965.9823724665]},"properties":{"height":9.0,"crown_diameter":6.0},"id":""},{"type":"Feature","geometry":{"type":"Point","coordinates":[694088.806791713,6094976.210214332]},"properties":{"height":9.0,"crown_diameter":6.0},"id":""},{"type":"Feature","geometry":{"type":"Point","coordinates":[693984.1599857188,6094982.451631321]},"properties":{"height":9.0,"crown_diameter":6.0},"id":""},{"type":"Feature","geometry":{"type":"Point","coordinates":[693987.387053163,6094992.744766327]},"properties":{"height":9.0,"crown_diameter":6.0},"id":""},{"type":"Feature","geometry":{"type":"Point","coordinates":[693996.9774343006,6094981.794624134]},"properties":{"height":9.0,"crown_diameter":6.0},"id":""},{"type":"Feature","geometry":{"type":"Point","coordinates":[693997.1539012918,6094991.065012518]},"properties":{"height":9.0,"crown_diameter":6.0},"id":""},{"type":"Feature","geometry":{"type":"Point","coordinates":[693982.4051843655,6095002.66559419]},"properties":{"height":9.0,"crown_diameter":6.0},"id":""},{"type":"Feature","geometry":{"type":"Point","coordinates":[694011.1524483714,6094990.698858277]},"properties":{"height":9.0,"crown_diameter":6.0},"id":""},{"type":"Feature","geometry":{"type":"Point","coordinates":[694004.9452117033,6094997.2042795215]},"properties":{"height":9.0,"crown_diameter":6.0},"id":""},{"type":"Feature","geometry":{"type":"Point","coordinates":[694029.2130864314,6094986.952375976]},"properties":{"height":9.0,"crown_diameter":6.0},"id":""},{"type":"Feature","geometry":{"type":"Point","coordinates":[694021.5935387842,6094988.799931444]},"properties":{"height":9.0,"crown_diameter":6.0},"id":""},{"type":"Feature","geometry":{"type":"Point","coordinates":[694029.9187018094,6094996.704395797]},"properties":{"height":9.0,"crown_diameter":6.0},"id":""},{"type":"Feature","geometry":{"type":"Point","coordinates":[694012.3717168692,6095008.727994012]},"properties":{"height":9.0,"crown_diameter":6.0},"id":""},{"type":"Feature","geometry":{"type":"Point","coordinates":[694036.3464676169,6094984.492030515]},"properties":{"height":9.0,"crown_diameter":6.0},"id":""},{"type":"Feature","geometry":{"type":"Point","coordinates":[694046.3907585259,6094983.65274533]},"properties":{"height":9.0,"crown_diameter":6.0},"id":""},{"type":"Feature","geometry":{"type":"Point","coordinates":[694035.9887482874,6094997.299403126]},"properties":{"height":9.0,"crown_diameter":6.0},"id":""},{"type":"Feature","geometry":{"type":"Point","coordinates":[694040.2059433861,6094994.036682989]},"properties":{"height":9.0,"crown_diameter":6.0},"id":""},{"type":"Feature","geometry":{"type":"Point","coordinates":[694058.0971502496,6094982.7683933135]},"properties":{"height":9.0,"crown_diameter":6.0},"id":""},{"type":"Feature","geometry":{"type":"Point","coordinates":[694037.1435907651,6095005.237154728]},"properties":{"height":9.0,"crown_diameter":6.0},"id":""},{"type":"Feature","geometry":{"type":"Point","coordinates":[694050.250632583,6095004.5645430125]},"properties":{"height":9.0,"crown_diameter":6.0},"id":""},{"type":"Feature","geometry":{"type":"Point","coordinates":[694062.488119012,6095002.12461563]},"properties":{"height":9.0,"crown_diameter":6.0},"id":""},{"type":"Feature","geometry":{"type":"Point","coordinates":[694066.6850923521,6094980.89997414]},"properties":{"height":9.0,"crown_diameter":6.0},"id":""},{"type":"Feature","geometry":{"type":"Point","coordinates":[694073.9631397778,6094978.42718384]},"properties":{"height":9.0,"crown_diameter":6.0},"id":""},{"type":"Feature","geometry":{"type":"Point","coordinates":[694080.4823780688,6094983.235648442]},"properties":{"height":9.0,"crown_diameter":6.0},"id":""},{"type":"Feature","geometry":{"type":"Point","coordinates":[694070.8188349602,6094991.489852188]},"properties":{"height":9.0,"crown_diameter":6.0},"id":""},{"type":"Feature","geometry":{"type":"Point","coordinates":[694079.0083495233,6094991.313672009]},"properties":{"height":9.0,"crown_diameter":6.0},"id":""},{"type":"Feature","geometry":{"type":"Point","coordinates":[694090.3174854069,6094989.693657361]},"properties":{"height":9.0,"crown_diameter":6.0},"id":""},{"type":"Feature","geometry":{"type":"Point","coordinates":[694101.5842589375,6094945.684885154]},"properties":{"height":9.0,"crown_diameter":6.0},"id":""},{"type":"Feature","geometry":{"type":"Point","coordinates":[694108.283262185,6094944.6663485505]},"properties":{"height":9.0,"crown_diameter":6.0},"id":""},{"type":"Feature","geometry":{"type":"Point","coordinates":[694099.6768073846,6094950.990912833]},"properties":{"height":9.0,"crown_diameter":6.0},"id":""},{"type":"Feature","geometry":{"type":"Point","coordinates":[694105.481595136,6094950.9590365365]},"properties":{"height":9.0,"crown_diameter":6.0},"id":""},{"type":"Feature","geometry":{"type":"Point","coordinates":[694112.1882273066,6094949.9403331205]},"properties":{"height":9.0,"crown_diameter":6.0},"id":""},{"type":"Feature","geometry":{"type":"Point","coordinates":[694113.200098203,6094944.848917032]},"properties":{"height":9.0,"crown_diameter":6.0},"id":""},{"type":"Feature","geometry":{"type":"Point","coordinates":[694119.3958813407,6094943.134240619]},"properties":{"height":9.0,"crown_diameter":6.0},"id":""},{"type":"Feature","geometry":{"type":"Point","coordinates":[694126.2933369607,6094942.1207221765]},"properties":{"height":9.0,"crown_diameter":6.0},"id":""},{"type":"Feature","geometry":{"type":"Point","coordinates":[694117.1050663996,6094950.122899601]},"properties":{"height":9.0,"crown_diameter":6.0},"id":""},{"type":"Feature","geometry":{"type":"Point","coordinates":[694123.2936276105,6094948.426980313]},"properties":{"height":9.0,"crown_diameter":6.0},"id":""},{"type":"Feature","geometry":{"type":"Point","coordinates":[694099.4668397041,6094964.278824557]},"properties":{"height":9.0,"crown_diameter":6.0},"id":""},{"type":"Feature","geometry":{"type":"Point","coordinates":[694111.2233581269,6094963.597969381]},"properties":{"height":9.0,"crown_diameter":6.0},"id":""},{"type":"Feature","geometry":{"type":"Point","coordinates":[694098.8415997697,6094975.994314422]},"properties":{"height":9.0,"crown_diameter":6.0},"id":""},{"type":"Feature","geometry":{"type":"Point","coordinates":[694124.1622762729,6094958.305720891]},"properties":{"height":9.0,"crown_diameter":6.0},"id":""},{"type":"Feature","geometry":{"type":"Point","coordinates":[694112.9165189699,6094973.505479417]},"properties":{"height":9.0,"crown_diameter":6.0},"id":""},{"type":"Feature","geometry":{"type":"Point","coordinates":[694124.6093138162,6094971.63531015]},"properties":{"height":9.0,"crown_diameter":6.0},"id":""},{"type":"Feature","geometry":{"type":"Point","coordinates":[694133.3912257365,6094941.558687963]},"properties":{"height":9.0,"crown_diameter":6.0},"id":""},{"type":"Feature","geometry":{"type":"Point","coordinates":[694130.1985122144,6094947.403997172]},"properties":{"height":9.0,"crown_diameter":6.0},"id":""},{"type":"Feature","geometry":{"type":"Point","coordinates":[694138.5708504334,6094939.772844422]},"properties":{"height":9.0,"crown_diameter":6.0},"id":""},{"type":"Feature","geometry":{"type":"Point","coordinates":[694137.2964051178,6094946.8419600595]},"properties":{"height":9.0,"crown_diameter":6.0},"id":""},{"type":"Feature","geometry":{"type":"Point","coordinates":[694142.4686071941,6094945.065576281]},"properties":{"height":9.0,"crown_diameter":6.0},"id":""},{"type":"Feature","geometry":{"type":"Point","coordinates":[694148.3917302104,6094945.924127119]},"properties":{"height":9.0,"crown_diameter":6.0},"id":""},{"type":"Feature","geometry":{"type":"Point","coordinates":[694136.2376238459,6094957.906336868]},"properties":{"height":9.0,"crown_diameter":6.0},"id":""},{"type":"Feature","geometry":{"type":"Point","coordinates":[694137.4144317056,6094968.9877183195]},"properties":{"height":9.0,"crown_diameter":6.0},"id":""},{"type":"Feature","geometry":{"type":"Point","coordinates":[694143.3869442367,6094969.659168532]},"properties":{"height":9.0,"crown_diameter":6.0},"id":""},{"type":"Feature","geometry":{"type":"Point","coordinates":[694146.9161768398,6094957.118402838]},"properties":{"height":9.0,"crown_diameter":6.0},"id":""},{"type":"Feature","geometry":{"type":"Point","coordinates":[694149.8099896355,6094969.6418655105]},"properties":{"height":9.0,"crown_diameter":6.0},"id":""},{"type":"Feature","geometry":{"type":"Point","coordinates":[694152.918482409,6094969.454038711]},"properties":{"height":9.0,"crown_diameter":6.0},"id":""},{"type":"Feature","geometry":{"type":"Point","coordinates":[694185.0501631366,6094951.702397528]},"properties":{"height":9.0,"crown_diameter":6.0},"id":""},{"type":"Feature","geometry":{"type":"Point","coordinates":[694186.4461612902,6094962.686037354]},"properties":{"height":9.0,"crown_diameter":6.0},"id":""},{"type":"Feature","geometry":{"type":"Point","coordinates":[694195.2777563703,6094948.39394062]},"properties":{"height":9.0,"crown_diameter":6.0},"id":""},{"type":"Feature","geometry":{"type":"Point","coordinates":[694207.0433193607,6094947.070919134]},"properties":{"height":9.0,"crown_diameter":6.0},"id":""},{"type":"Feature","geometry":{"type":"Point","coordinates":[694220.5397846964,6094946.064097045]},"properties":{"height":9.0,"crown_diameter":6.0},"id":""},{"type":"Feature","geometry":{"type":"Point","coordinates":[694196.6661416721,6094959.377743572]},"properties":{"height":9.0,"crown_diameter":6.0},"id":""},{"type":"Feature","geometry":{"type":"Point","coordinates":[694195.7469052777,6094970.187971019]},"properties":{"height":9.0,"crown_diameter":6.0},"id":""},{"type":"Feature","geometry":{"type":"Point","coordinates":[694208.4238936371,6094958.04558726]},"properties":{"height":9.0,"crown_diameter":6.0},"id":""},{"type":"Feature","geometry":{"type":"Point","coordinates":[694214.3939534607,6094967.107541274]},"properties":{"height":9.0,"crown_diameter":6.0},"id":""},{"type":"Feature","geometry":{"type":"Point","coordinates":[694106.8338066813,6094982.603581894]},"properties":{"height":9.0,"crown_diameter":6.0},"id":""},{"type":"Feature","geometry":{"type":"Point","coordinates":[694127.8318038981,6094993.407292836]},"properties":{"height":9.0,"crown_diameter":6.0},"id":""},{"type":"Feature","geometry":{"type":"Point","coordinates":[694101.2802973258,6094996.797143972]},"properties":{"height":9.0,"crown_diameter":6.0},"id":""},{"type":"Feature","geometry":{"type":"Point","coordinates":[694100.095288854,6094998.097027443]},"properties":{"height":9.0,"crown_diameter":6.0},"id":""},{"type":"Feature","geometry":{"type":"Point","coordinates":[694111.8073692546,6094996.4125040285]},"properties":{"height":9.0,"crown_diameter":6.0},"id":""},{"type":"Feature","geometry":{"type":"Point","coordinates":[694131.345351993,6094978.718088469]},"properties":{"height":9.0,"crown_diameter":6.0},"id":""},{"type":"Feature","geometry":{"type":"Point","coordinates":[694147.5979329785,6094988.442504387]},"properties":{"height":9.0,"crown_diameter":6.0},"id":""},{"type":"Feature","geometry":{"type":"Point","coordinates":[694149.1903229799,6094989.766340998]},"properties":{"height":9.0,"crown_diameter":6.0},"id":""},{"type":"Feature","geometry":{"type":"Point","coordinates":[694194.9081210694,6094981.191810362]},"properties":{"height":9.0,"crown_diameter":6.0},"id":""},{"type":"Feature","geometry":{"type":"Point","coordinates":[694214.0141324898,6094992.696504122]},"properties":{"height":9.0,"crown_diameter":6.0},"id":""},{"type":"Feature","geometry":{"type":"Point","coordinates":[694198.715317965,6094995.742062552]},"properties":{"height":9.0,"crown_diameter":6.0},"id":""},{"type":"Feature","geometry":{"type":"Point","coordinates":[694232.1891993416,6094943.952864002]},"properties":{"height":9.0,"crown_diameter":6.0},"id":""},{"type":"Feature","geometry":{"type":"Point","coordinates":[694233.577429482,6094954.927365452]},"properties":{"height":9.0,"crown_diameter":6.0},"id":""},{"type":"Feature","geometry":{"type":"Point","coordinates":[694243.8733497502,6094941.329251802]},"properties":{"height":9.0,"crown_diameter":6.0},"id":""},{"type":"Feature","geometry":{"type":"Point","coordinates":[694244.6999304295,6094952.436773224]},"properties":{"height":9.0,"crown_diameter":6.0},"id":""},{"type":"Feature","geometry":{"type":"Point","coordinates":[694221.9282008496,6094957.0478974525]},"properties":{"height":9.0,"crown_diameter":6.0},"id":""},{"type":"Feature","geometry":{"type":"Point","coordinates":[694228.5779023602,6094966.495201184]},"properties":{"height":9.0,"crown_diameter":6.0},"id":""},{"type":"Feature","geometry":{"type":"Point","coordinates":[694256.3783112993,6094940.687902337]},"properties":{"height":9.0,"crown_diameter":6.0},"id":""},{"type":"Feature","geometry":{"type":"Point","coordinates":[694261.303864318,6094939.149312684]},"properties":{"height":9.0,"crown_diameter":6.0},"id":""},{"type":"Feature","geometry":{"type":"Point","coordinates":[694257.9833317538,6094950.746127233]},"properties":{"height":9.0,"crown_diameter":6.0},"id":""},{"type":"Feature","geometry":{"type":"Point","coordinates":[694266.056002152,6094951.167625926]},"properties":{"height":9.0,"crown_diameter":6.0},"id":""},{"type":"Feature","geometry":{"type":"Point","coordinates":[694262.3953547494,6094962.557817625]},"properties":{"height":9.0,"crown_diameter":6.0},"id":""},{"type":"Feature","geometry":{"type":"Point","coordinates":[694270.379252821,6094960.627791434]},"properties":{"height":9.0,"crown_diameter":6.0},"id":""},{"type":"Feature","geometry":{"type":"Point","coordinates":[694279.1379709889,6094961.732163281]},"properties":{"height":9.0,"crown_diameter":6.0},"id":""},{"type":"Feature","geometry":{"type":"Point","coordinates":[694299.6013010604,6094933.18047039]},"properties":{"height":9.0,"crown_diameter":6.0},"id":""},{"type":"Feature","geometry":{"type":"Point","coordinates":[694342.7970898545,6094932.2034965595]},"properties":{"height":9.0,"crown_diameter":6.0},"id":""},{"type":"Feature","geometry":{"type":"Point","coordinates":[694288.413727301,6094942.211917227]},"properties":{"height":9.0,"crown_diameter":6.0},"id":""},{"type":"Feature","geometry":{"type":"Point","coordinates":[694285.2153752871,6094950.624791196]},"properties":{"height":9.0,"crown_diameter":6.0},"id":""},{"type":"Feature","geometry":{"type":"Point","coordinates":[694299.2455027365,6094947.476174944]},"properties":{"height":9.0,"crown_diameter":6.0},"id":""},{"type":"Feature","geometry":{"type":"Point","coordinates":[694307.1013479913,6094936.414200176]},"properties":{"height":9.0,"crown_diameter":6.0},"id":""},{"type":"Feature","geometry":{"type":"Point","coordinates":[694308.7148251338,6094951.82095124]},"properties":{"height":9.0,"crown_diameter":6.0},"id":""},{"type":"Feature","geometry":{"type":"Point","coordinates":[694296.0549837471,6094955.898186608]},"properties":{"height":9.0,"crown_diameter":6.0},"id":""},{"type":"Feature","geometry":{"type":"Point","coordinates":[694284.6797333466,6094965.426680309]},"properties":{"height":9.0,"crown_diameter":6.0},"id":""},{"type":"Feature","geometry":{"type":"Point","coordinates":[694289.0766569655,6094965.908716446]},"properties":{"height":9.0,"crown_diameter":6.0},"id":""},{"type":"Feature","geometry":{"type":"Point","coordinates":[694305.5245131312,6094960.252264312]},"properties":{"height":9.0,"crown_diameter":6.0},"id":""},{"type":"Feature","geometry":{"type":"Point","coordinates":[694321.840861374,6094936.450193802]},"properties":{"height":9.0,"crown_diameter":6.0},"id":""},{"type":"Feature","geometry":{"type":"Point","coordinates":[694318.0450892737,6094941.917878934]},"properties":{"height":9.0,"crown_diameter":6.0},"id":""},{"type":"Feature","geometry":{"type":"Point","coordinates":[694326.7905085362,6094939.2179264845]},"properties":{"height":9.0,"crown_diameter":6.0},"id":""},{"type":"Feature","geometry":{"type":"Point","coordinates":[694322.9947379816,6094944.685613754]},"properties":{"height":9.0,"crown_diameter":6.0},"id":""},{"type":"Feature","geometry":{"type":"Point","coordinates":[694329.8749721086,6094947.476873416]},"properties":{"height":9.0,"crown_diameter":6.0},"id":""},{"type":"Feature","geometry":{"type":"Point","coordinates":[694333.6707399965,6094942.009183144]},"properties":{"height":9.0,"crown_diameter":6.0},"id":""},{"type":"Feature","geometry":{"type":"Point","coordinates":[694335.5110838851,6094950.592596749]},"properties":{"height":9.0,"crown_diameter":6.0},"id":""},{"type":"Feature","geometry":{"type":"Point","coordinates":[694346.1496332573,6094946.177463271]},"properties":{"height":9.0,"crown_diameter":6.0},"id":""},{"type":"Feature","geometry":{"type":"Point","coordinates":[694321.375018531,6094958.385305343]},"properties":{"height":9.0,"crown_diameter":6.0},"id":""},{"type":"Feature","geometry":{"type":"Point","coordinates":[694318.1768896965,6094966.807489671]},"properties":{"height":9.0,"crown_diameter":6.0},"id":""},{"type":"Feature","geometry":{"type":"Point","coordinates":[694329.0344790554,6094970.080506557]},"properties":{"height":9.0,"crown_diameter":6.0},"id":""},{"type":"Feature","geometry":{"type":"Point","coordinates":[694332.2247739201,6094961.649184504]},"properties":{"height":9.0,"crown_diameter":6.0},"id":""},{"type":"Feature","geometry":{"type":"Point","coordinates":[694343.2785060098,6094967.652780157]},"properties":{"height":9.0,"crown_diameter":6.0},"id":""},{"type":"Feature","geometry":{"type":"Point","coordinates":[694243.4529912742,6094988.769742129]},"properties":{"height":9.0,"crown_diameter":6.0},"id":""},{"type":"Feature","geometry":{"type":"Point","coordinates":[694259.823957561,6094985.208007513]},"properties":{"height":9.0,"crown_diameter":6.0},"id":""},{"type":"Feature","geometry":{"type":"Point","coordinates":[694316.0554111444,6094977.75526003]},"properties":{"height":9.0,"crown_diameter":6.0},"id":""},{"type":"Feature","geometry":{"type":"Point","coordinates":[694321.8099786157,6094979.6405624915]},"properties":{"height":9.0,"crown_diameter":6.0},"id":""},{"type":"Feature","geometry":{"type":"Point","coordinates":[694340.0801927621,6094976.06567507]},"properties":{"height":9.0,"crown_diameter":6.0},"id":""},{"type":"Feature","geometry":{"type":"Point","coordinates":[694369.8593097401,6094932.699499944]},"properties":{"height":9.0,"crown_diameter":6.0},"id":""},{"type":"Feature","geometry":{"type":"Point","coordinates":[694394.1839928204,6094930.063787207]},"properties":{"height":9.0,"crown_diameter":6.0},"id":""},{"type":"Feature","geometry":{"type":"Point","coordinates":[694354.9863775726,6094937.447746018]},"properties":{"height":9.0,"crown_diameter":6.0},"id":""},{"type":"Feature","geometry":{"type":"Point","coordinates":[694351.7240807135,6094951.034000494]},"properties":{"height":9.0,"crown_diameter":6.0},"id":""},{"type":"Feature","geometry":{"type":"Point","coordinates":[694365.7351025733,6094943.10440431]},"properties":{"height":9.0,"crown_diameter":6.0},"id":""},{"type":"Feature","geometry":{"type":"Point","coordinates":[694376.0269666936,6094947.738359641]},"properties":{"height":9.0,"crown_diameter":6.0},"id":""},{"type":"Feature","geometry":{"type":"Point","coordinates":[694355.0415741646,6094958.42282349]},"properties":{"height":9.0,"crown_diameter":6.0},"id":""},{"type":"Feature","geometry":{"type":"Point","coordinates":[694362.6568438436,6094961.691235758]},"properties":{"height":9.0,"crown_diameter":6.0},"id":""},{"type":"Feature","geometry":{"type":"Point","coordinates":[694366.955612768,6094957.61731284]},"properties":{"height":9.0,"crown_diameter":6.0},"id":""},{"type":"Feature","geometry":{"type":"Point","coordinates":[694367.369185654,6094963.003628577]},"properties":{"height":9.0,"crown_diameter":6.0},"id":""},{"type":"Feature","geometry":{"type":"Point","coordinates":[694375.1433921463,6094966.212793773]},"properties":{"height":9.0,"crown_diameter":6.0},"id":""},{"type":"Feature","geometry":{"type":"Point","coordinates":[694380.1507642049,6094937.314854626]},"properties":{"height":9.0,"crown_diameter":6.0},"id":""},{"type":"Feature","geometry":{"type":"Point","coordinates":[694390.4944041445,6094941.873261031]},"properties":{"height":9.0,"crown_diameter":6.0},"id":""},{"type":"Feature","geometry":{"type":"Point","coordinates":[694399.1882284926,6094933.23959832]},"properties":{"height":9.0,"crown_diameter":6.0},"id":""},{"type":"Feature","geometry":{"type":"Point","coordinates":[694405.6220227905,6094935.491596827]},"properties":{"height":9.0,"crown_diameter":6.0},"id":""},{"type":"Feature","geometry":{"type":"Point","coordinates":[694402.1329399957,6094946.338637199]},"properties":{"height":9.0,"crown_diameter":6.0},"id":""},{"type":"Feature","geometry":{"type":"Point","coordinates":[694378.9391427267,6094960.745083777]},"properties":{"height":9.0,"crown_diameter":6.0},"id":""},{"type":"Feature","geometry":{"type":"Point","coordinates":[694386.3706157238,6094952.29677113]},"properties":{"height":9.0,"crown_diameter":6.0},"id":""},{"type":"Feature","geometry":{"type":"Point","coordinates":[694385.49295033,6094962.901490393]},"properties":{"height":9.0,"crown_diameter":6.0},"id":""},{"type":"Feature","geometry":{"type":"Point","coordinates":[694381.6972025159,6094968.36920326]},"properties":{"height":9.0,"crown_diameter":6.0},"id":""},{"type":"Feature","geometry":{"type":"Point","coordinates":[694390.3089730972,6094966.192988125]},"properties":{"height":9.0,"crown_diameter":6.0},"id":""},{"type":"Feature","geometry":{"type":"Point","coordinates":[694398.0091621727,6094956.762153035]},"properties":{"height":9.0,"crown_diameter":6.0},"id":""},{"type":"Feature","geometry":{"type":"Point","coordinates":[694396.953843068,6094969.742742071]},"properties":{"height":9.0,"crown_diameter":6.0},"id":""},{"type":"Feature","geometry":{"type":"Point","coordinates":[694409.3074017864,6094961.011603525]},"properties":{"height":9.0,"crown_diameter":6.0},"id":""},{"type":"Feature","geometry":{"type":"Point","coordinates":[694410.256892584,6094930.731353523]},"properties":{"height":9.0,"crown_diameter":6.0},"id":""},{"type":"Feature","geometry":{"type":"Point","coordinates":[694439.7447924205,6094929.44467847]},"properties":{"height":9.0,"crown_diameter":6.0},"id":""},{"type":"Feature","geometry":{"type":"Point","coordinates":[694416.0006015489,6094933.174956602]},"properties":{"height":9.0,"crown_diameter":6.0},"id":""},{"type":"Feature","geometry":{"type":"Point","coordinates":[694410.9481609013,6094937.674440403]},"properties":{"height":9.0,"crown_diameter":6.0},"id":""},{"type":"Feature","geometry":{"type":"Point","coordinates":[694416.6994995511,6094940.117878877]},"properties":{"height":9.0,"crown_diameter":6.0},"id":""},{"type":"Feature","geometry":{"type":"Point","coordinates":[694422.0170392147,6094934.821998371]},"properties":{"height":9.0,"crown_diameter":6.0},"id":""},{"type":"Feature","geometry":{"type":"Point","coordinates":[694413.4313696504,6094950.597379914]},"properties":{"height":9.0,"crown_diameter":6.0},"id":""},{"type":"Feature","geometry":{"type":"Point","coordinates":[694422.7159418856,6094941.764920369]},"properties":{"height":9.0,"crown_diameter":6.0},"id":""},{"type":"Feature","geometry":{"type":"Point","coordinates":[694427.4075794345,6094937.515061034]},"properties":{"height":9.0,"crown_diameter":6.0},"id":""},{"type":"Feature","geometry":{"type":"Point","coordinates":[694432.4812501688,6094941.080047207]},"properties":{"height":9.0,"crown_diameter":6.0},"id":""},{"type":"Feature","geometry":{"type":"Point","coordinates":[694428.1064863037,6094944.457982779]},"properties":{"height":9.0,"crown_diameter":6.0},"id":""},{"type":"Feature","geometry":{"type":"Point","coordinates":[694437.7797337953,6094942.333259676]},"properties":{"height":9.0,"crown_diameter":6.0},"id":""},{"type":"Feature","geometry":{"type":"Point","coordinates":[694433.1801610005,6094948.022968703]},"properties":{"height":9.0,"crown_diameter":6.0},"id":""},{"type":"Feature","geometry":{"type":"Point","coordinates":[694438.4786487386,6094949.2761809295]},"properties":{"height":9.0,"crown_diameter":6.0},"id":""},{"type":"Feature","geometry":{"type":"Point","coordinates":[694421.6065518785,6094965.685971154]},"properties":{"height":9.0,"crown_diameter":6.0},"id":""},{"type":"Feature","geometry":{"type":"Point","coordinates":[694425.7381337578,6094955.271577135]},"properties":{"height":9.0,"crown_diameter":6.0},"id":""},{"type":"Feature","geometry":{"type":"Point","coordinates":[694436.985394764,6094960.340678932]},"properties":{"height":9.0,"crown_diameter":6.0},"id":""},{"type":"Feature","geometry":{"type":"Point","coordinates":[694450.2126185076,6094935.870067474]},"properties":{"height":9.0,"crown_diameter":6.0},"id":""},{"type":"Feature","geometry":{"type":"Point","coordinates":[694443.9300195831,6094944.172747117]},"properties":{"height":9.0,"crown_diameter":6.0},"id":""},{"type":"Feature","geometry":{"type":"Point","coordinates":[694448.549403757,6094947.542869974]},"properties":{"height":9.0,"crown_diameter":6.0},"id":""},{"type":"Feature","geometry":{"type":"Point","coordinates":[694444.6213140788,6094951.115832437]},"properties":{"height":9.0,"crown_diameter":6.0},"id":""},{"type":"Feature","geometry":{"type":"Point","coordinates":[694449.2481266775,6094954.476492912]},"properties":{"height":9.0,"crown_diameter":6.0},"id":""},{"type":"Feature","geometry":{"type":"Point","coordinates":[694445.7628935727,6094965.500209985]},"properties":{"height":9.0,"crown_diameter":6.0},"id":""},{"type":"Feature","geometry":{"type":"Point","coordinates":[694353.7863211231,6094971.686774244]},"properties":{"height":9.0,"crown_diameter":6.0},"id":""},{"type":"Feature","geometry":{"type":"Point","coordinates":[694350.5956409124,6094980.099508915]},"properties":{"height":9.0,"crown_diameter":6.0},"id":""},{"type":"Feature","geometry":{"type":"Point","coordinates":[694360.3914814811,6094985.079046138]},"properties":{"height":9.0,"crown_diameter":6.0},"id":""},{"type":"Feature","geometry":{"type":"Point","coordinates":[694363.5897801984,6094976.666143463]},"properties":{"height":9.0,"crown_diameter":6.0},"id":""},{"type":"Feature","geometry":{"type":"Point","coordinates":[694375.8231006357,6094981.472221015]},"properties":{"height":9.0,"crown_diameter":6.0},"id":""},{"type":"Feature","geometry":{"type":"Point","coordinates":[694372.6252115978,6094989.903723979]},"properties":{"height":9.0,"crown_diameter":6.0},"id":""},{"type":"Feature","geometry":{"type":"Point","coordinates":[694350.6936381907,6094993.855222726]},"properties":{"height":9.0,"crown_diameter":6.0},"id":""},{"type":"Feature","geometry":{"type":"Point","coordinates":[694355.8913933879,6094995.389717781]},"properties":{"height":9.0,"crown_diameter":6.0},"id":""},{"type":"Feature","geometry":{"type":"Point","coordinates":[694386.513426858,6094971.670000859]},"properties":{"height":9.0,"crown_diameter":6.0},"id":""},{"type":"Feature","geometry":{"type":"Point","coordinates":[694391.2772917795,6094974.664954521]},"properties":{"height":9.0,"crown_diameter":6.0},"id":""},{"type":"Feature","geometry":{"type":"Point","coordinates":[694386.9158645988,6094986.098212488]},"properties":{"height":9.0,"crown_diameter":6.0},"id":""},{"type":"Feature","geometry":{"type":"Point","coordinates":[694401.8068440545,6094971.563702902]},"properties":{"height":9.0,"crown_diameter":6.0},"id":""},{"type":"Feature","geometry":{"type":"Point","coordinates":[694398.0109012185,6094977.02212503]},"properties":{"height":9.0,"crown_diameter":6.0},"id":""},{"type":"Feature","geometry":{"type":"Point","coordinates":[694408.6931822934,6094973.21991553]},"properties":{"height":9.0,"crown_diameter":6.0},"id":""},{"type":"Feature","geometry":{"type":"Point","coordinates":[694401.9751237035,6094980.080815316]},"properties":{"height":9.0,"crown_diameter":6.0},"id":""},{"type":"Feature","geometry":{"type":"Point","coordinates":[694408.9071746522,6094983.14996487]},"properties":{"height":9.0,"crown_diameter":6.0},"id":""},{"type":"Feature","geometry":{"type":"Point","coordinates":[694383.7252082264,6094994.510959801]},"properties":{"height":9.0,"crown_diameter":6.0},"id":""},{"type":"Feature","geometry":{"type":"Point","coordinates":[694384.141299543,6095008.510979313]},"properties":{"height":9.0,"crown_diameter":6.0},"id":""},{"type":"Feature","geometry":{"type":"Point","coordinates":[694394.6060757897,6094999.569406092]},"properties":{"height":9.0,"crown_diameter":6.0},"id":""},{"type":"Feature","geometry":{"type":"Point","coordinates":[694397.8043497333,6094991.15649032]},"properties":{"height":9.0,"crown_diameter":6.0},"id":""},{"type":"Feature","geometry":{"type":"Point","coordinates":[694409.7214226987,6094997.215822658]},"properties":{"height":9.0,"crown_diameter":6.0},"id":""},{"type":"Feature","geometry":{"type":"Point","coordinates":[694406.5157320378,6095005.638205083]},"properties":{"height":9.0,"crown_diameter":6.0},"id":""},{"type":"Feature","geometry":{"type":"Point","coordinates":[694388.8622960275,6095009.8696866995]},"properties":{"height":9.0,"crown_diameter":6.0},"id":""},{"type":"Feature","geometry":{"type":"Point","coordinates":[694413.8009936505,6094976.244654263]},"properties":{"height":9.0,"crown_diameter":6.0},"id":""},{"type":"Feature","geometry":{"type":"Point","coordinates":[694413.8232133996,6094984.35562163]},"properties":{"height":9.0,"crown_diameter":6.0},"id":""},{"type":"Feature","geometry":{"type":"Point","coordinates":[694424.726376463,6094982.3067335235]},"properties":{"height":9.0,"crown_diameter":6.0},"id":""},{"type":"Feature","geometry":{"type":"Point","coordinates":[694418.5594426293,6094986.067465227]},"properties":{"height":9.0,"crown_diameter":6.0},"id":""},{"type":"Feature","geometry":{"type":"Point","coordinates":[694432.8614479286,6094970.754914137]},"properties":{"height":9.0,"crown_diameter":6.0},"id":""},{"type":"Feature","geometry":{"type":"Point","coordinates":[694421.3497866285,6095002.267431492]},"properties":{"height":9.0,"crown_diameter":6.0},"id":""},{"type":"Feature","geometry":{"type":"Point","coordinates":[694432.7326545654,6094996.989663938]},"properties":{"height":9.0,"crown_diameter":6.0},"id":""},{"type":"Feature","geometry":{"type":"Point","coordinates":[694441.6313284811,6094975.914613809]},"properties":{"height":9.0,"crown_diameter":6.0},"id":""},{"type":"Feature","geometry":{"type":"Point","coordinates":[694453.6742368026,6094981.794436471]},"properties":{"height":9.0,"crown_diameter":6.0},"id":""},{"type":"Feature","geometry":{"type":"Point","coordinates":[694441.5207974365,6094988.837639492]},"properties":{"height":9.0,"crown_diameter":6.0},"id":""},{"type":"Feature","geometry":{"type":"Point","coordinates":[694443.1945170778,6094996.764178621]},"properties":{"height":9.0,"crown_diameter":6.0},"id":""},{"type":"Feature","geometry":{"type":"Point","coordinates":[694450.0358404774,6094994.5609521065]},"properties":{"height":9.0,"crown_diameter":6.0},"id":""},{"type":"Feature","geometry":{"type":"Point","coordinates":[694450.1534803548,6095000.018760523]},"properties":{"height":9.0,"crown_diameter":6.0},"id":""},{"type":"Feature","geometry":{"type":"Point","coordinates":[694418.1591545137,6095010.680191913]},"properties":{"height":9.0,"crown_diameter":6.0},"id":""},{"type":"Feature","geometry":{"type":"Point","coordinates":[694418.0954273476,6095020.820872774]},"properties":{"height":9.0,"crown_diameter":6.0},"id":""},{"type":"Feature","geometry":{"type":"Point","coordinates":[694415.042040778,6095022.858723618]},"properties":{"height":9.0,"crown_diameter":6.0},"id":""},{"type":"Feature","geometry":{"type":"Point","coordinates":[694421.9528992674,6095024.588817205]},"properties":{"height":9.0,"crown_diameter":6.0},"id":""},{"type":"Feature","geometry":{"type":"Point","coordinates":[694433.7838068919,6095008.24117619]},"properties":{"height":9.0,"crown_diameter":6.0},"id":""},{"type":"Feature","geometry":{"type":"Point","coordinates":[694430.5931834757,6095016.6539413445]},"properties":{"height":9.0,"crown_diameter":6.0},"id":""},{"type":"Feature","geometry":{"type":"Point","coordinates":[694440.9235133327,6095020.5893418845]},"properties":{"height":9.0,"crown_diameter":6.0},"id":""},{"type":"Feature","geometry":{"type":"Point","coordinates":[694433.8499307573,6095031.839224283]},"properties":{"height":9.0,"crown_diameter":6.0},"id":""},{"type":"Feature","geometry":{"type":"Point","coordinates":[694441.2252133435,6095031.047722411]},"properties":{"height":9.0,"crown_diameter":6.0},"id":""},{"type":"Feature","geometry":{"type":"Point","coordinates":[694444.1293796262,6095012.176244073]},"properties":{"height":9.0,"crown_diameter":6.0},"id":""},{"type":"Feature","geometry":{"type":"Point","coordinates":[694452.1231161428,6095025.2129555745]},"properties":{"height":9.0,"crown_diameter":6.0},"id":""},{"type":"Feature","geometry":{"type":"Point","coordinates":[694448.517009634,6095037.7090109885]},"properties":{"height":9.0,"crown_diameter":6.0},"id":""},{"type":"Feature","geometry":{"type":"Point","coordinates":[694453.7797618397,6095041.5489769075]},"properties":{"height":9.0,"crown_diameter":6.0},"id":""},{"type":"Feature","geometry":{"type":"Point","coordinates":[694220.7159530463,6095130.716360899]},"properties":{"height":9.0,"crown_diameter":6.0},"id":""},{"type":"Feature","geometry":{"type":"Point","coordinates":[694221.1206935535,6095145.618917126]},"properties":{"height":9.0,"crown_diameter":6.0},"id":""},{"type":"Feature","geometry":{"type":"Point","coordinates":[694237.1712298614,6095127.869132216]},"properties":{"height":9.0,"crown_diameter":6.0},"id":""},{"type":"Feature","geometry":{"type":"Point","coordinates":[694236.1648091245,6095144.550866818]},"properties":{"height":9.0,"crown_diameter":6.0},"id":""},{"type":"Feature","geometry":{"type":"Point","coordinates":[694247.9232936376,6095145.367444887]},"properties":{"height":9.0,"crown_diameter":6.0},"id":""},{"type":"Feature","geometry":{"type":"Point","coordinates":[694257.8117931407,6095129.489786699]},"properties":{"height":9.0,"crown_diameter":6.0},"id":""},{"type":"Feature","geometry":{"type":"Point","coordinates":[694277.1562165756,6095136.105630581]},"properties":{"height":9.0,"crown_diameter":6.0},"id":""},{"type":"Feature","geometry":{"type":"Point","coordinates":[694281.3663674444,6095154.126167286]},"properties":{"height":9.0,"crown_diameter":6.0},"id":""},{"type":"Feature","geometry":{"type":"Point","coordinates":[694292.9836163394,6095141.653018889]},"properties":{"height":9.0,"crown_diameter":6.0},"id":""},{"type":"Feature","geometry":{"type":"Point","coordinates":[694302.1196695757,6095166.999846633]},"properties":{"height":9.0,"crown_diameter":6.0},"id":""},{"type":"Feature","geometry":{"type":"Point","coordinates":[694002.2817640093,6094665.49313736]},"properties":{"height":9.0,"crown_diameter":6.0},"id":""},{"type":"Feature","geometry":{"type":"Point","coordinates":[693994.0770101342,6094674.878667947]},"properties":{"height":9.0,"crown_diameter":6.0},"id":""},{"type":"Feature","geometry":{"type":"Point","coordinates":[693995.5138584448,6094686.354456991]},"properties":{"height":9.0,"crown_diameter":6.0},"id":""},{"type":"Feature","geometry":{"type":"Point","coordinates":[693997.0154967364,6094700.842730833]},"properties":{"height":9.0,"crown_diameter":6.0},"id":""},{"type":"Feature","geometry":{"type":"Point","coordinates":[694005.8002161158,6094685.435572669]},"properties":{"height":9.0,"crown_diameter":6.0},"id":""},{"type":"Feature","geometry":{"type":"Point","coordinates":[694007.1744885792,6094694.001150962]},"properties":{"height":9.0,"crown_diameter":6.0},"id":""},{"type":"Feature","geometry":{"type":"Point","coordinates":[694018.7638272716,6094708.263154145]},"properties":{"height":9.0,"crown_diameter":6.0},"id":""},{"type":"Feature","geometry":{"type":"Point","coordinates":[693998.539760021,6094716.028174838]},"properties":{"height":9.0,"crown_diameter":6.0},"id":""},{"type":"Feature","geometry":{"type":"Point","coordinates":[694009.1975076105,6094713.222278501]},"properties":{"height":9.0,"crown_diameter":6.0},"id":""},{"type":"Feature","geometry":{"type":"Point","coordinates":[694000.9275856013,6094729.511367368]},"properties":{"height":9.0,"crown_diameter":6.0},"id":""},{"type":"Feature","geometry":{"type":"Point","coordinates":[694010.8149519217,6094724.936036292]},"properties":{"height":9.0,"crown_diameter":6.0},"id":""},{"type":"Feature","geometry":{"type":"Point","coordinates":[694020.4420678786,6094714.645502906]},"properties":{"height":9.0,"crown_diameter":6.0},"id":""},{"type":"Feature","geometry":{"type":"Point","coordinates":[694021.997029201,6094724.8722683415]},"properties":{"height":9.0,"crown_diameter":6.0},"id":""},{"type":"Feature","geometry":{"type":"Point","coordinates":[694003.297056955,6094738.948543441]},"properties":{"height":9.0,"crown_diameter":6.0},"id":""},{"type":"Feature","geometry":{"type":"Point","coordinates":[694023.3314628141,6094737.96882217]},"properties":{"height":9.0,"crown_diameter":6.0},"id":""},{"type":"Feature","geometry":{"type":"Point","coordinates":[694024.7065854233,6094743.380970163]},"properties":{"height":9.0,"crown_diameter":6.0},"id":""},{"type":"Feature","geometry":{"type":"Point","coordinates":[694420.9177836089,6094657.28901724]},"properties":{"height":9.0,"crown_diameter":6.0},"id":""},{"type":"Feature","geometry":{"type":"Point","coordinates":[694398.6863217336,6094679.144432493]},"properties":{"height":9.0,"crown_diameter":6.0},"id":""},{"type":"Feature","geometry":{"type":"Point","coordinates":[694403.0961600723,6094666.072935851]},"properties":{"height":9.0,"crown_diameter":6.0},"id":""},{"type":"Feature","geometry":{"type":"Point","coordinates":[693967.6464429492,6094876.493137352]},"properties":{"height":9.0,"crown_diameter":6.0},"id":""},{"type":"Feature","geometry":{"type":"Point","coordinates":[693959.475257873,6094892.063785643]},"properties":{"height":9.0,"crown_diameter":6.0},"id":""},{"type":"Feature","geometry":{"type":"Point","coordinates":[693963.9003881561,6094885.345553436]},"properties":{"height":9.0,"crown_diameter":6.0},"id":""},{"type":"Feature","geometry":{"type":"Point","coordinates":[693961.508063647,6094903.229095012]},"properties":{"height":9.0,"crown_diameter":6.0},"id":""},{"type":"Feature","geometry":{"type":"Point","coordinates":[693968.1327569808,6094895.207786005]},"properties":{"height":9.0,"crown_diameter":6.0},"id":""},{"type":"Feature","geometry":{"type":"Point","coordinates":[694004.9342753215,6094762.577858089]},"properties":{"height":9.0,"crown_diameter":6.0},"id":""},{"type":"Feature","geometry":{"type":"Point","coordinates":[694015.5620884557,6094755.540148814]},"properties":{"height":9.0,"crown_diameter":6.0},"id":""},{"type":"Feature","geometry":{"type":"Point","coordinates":[694026.5522719802,6094759.675749725]},"properties":{"height":9.0,"crown_diameter":6.0},"id":""},{"type":"Feature","geometry":{"type":"Point","coordinates":[694026.7822663356,6094764.69393395]},"properties":{"height":9.0,"crown_diameter":6.0},"id":""},{"type":"Feature","geometry":{"type":"Point","coordinates":[694029.692397954,6094776.212447091]},"properties":{"height":9.0,"crown_diameter":6.0},"id":""},{"type":"Feature","geometry":{"type":"Point","coordinates":[694020.9977625394,6094782.68767523]},"properties":{"height":9.0,"crown_diameter":6.0},"id":""},{"type":"Feature","geometry":{"type":"Point","coordinates":[694030.2441157247,6094785.902664818]},"properties":{"height":9.0,"crown_diameter":6.0},"id":""},{"type":"Feature","geometry":{"type":"Point","coordinates":[693985.5653392843,6094800.891122885]},"properties":{"height":9.0,"crown_diameter":6.0},"id":""},{"type":"Feature","geometry":{"type":"Point","coordinates":[693992.5548211319,6094799.550148039]},"properties":{"height":9.0,"crown_diameter":6.0},"id":""},{"type":"Feature","geometry":{"type":"Point","coordinates":[694003.6952382217,6094799.673346458]},"properties":{"height":9.0,"crown_diameter":6.0},"id":""},{"type":"Feature","geometry":{"type":"Point","coordinates":[694007.2982193284,6094813.967592159]},"properties":{"height":9.0,"crown_diameter":6.0},"id":""},{"type":"Feature","geometry":{"type":"Point","coordinates":[694027.9508198854,6094815.830319022]},"properties":{"height":9.0,"crown_diameter":6.0},"id":""},{"type":"Feature","geometry":{"type":"Point","coordinates":[693971.0119653221,6094860.942094837]},"properties":{"height":9.0,"crown_diameter":6.0},"id":""},{"type":"Feature","geometry":{"type":"Point","coordinates":[693984.6182829763,6094859.728610189]},"properties":{"height":9.0,"crown_diameter":6.0},"id":""},{"type":"Feature","geometry":{"type":"Point","coordinates":[693999.7406534858,6094857.710427845]},"properties":{"height":9.0,"crown_diameter":6.0},"id":""},{"type":"Feature","geometry":{"type":"Point","coordinates":[693981.7494524476,6094877.445667879]},"properties":{"height":9.0,"crown_diameter":6.0},"id":""},{"type":"Feature","geometry":{"type":"Point","coordinates":[694000.6247321897,6094873.988679597]},"properties":{"height":9.0,"crown_diameter":6.0},"id":""},{"type":"Feature","geometry":{"type":"Point","coordinates":[693972.982236473,6094889.066456416]},"properties":{"height":9.0,"crown_diameter":6.0},"id":""},{"type":"Feature","geometry":{"type":"Point","coordinates":[693973.6588911135,6094898.893517231]},"properties":{"height":9.0,"crown_diameter":6.0},"id":""},{"type":"Feature","geometry":{"type":"Point","coordinates":[693984.0044675837,6094898.233858939]},"properties":{"height":9.0,"crown_diameter":6.0},"id":""},{"type":"Feature","geometry":{"type":"Point","coordinates":[693995.9163641371,6094895.559160089]},"properties":{"height":9.0,"crown_diameter":6.0},"id":""},{"type":"Feature","geometry":{"type":"Point","coordinates":[694018.22921736,6094873.163568562]},"properties":{"height":9.0,"crown_diameter":6.0},"id":""},{"type":"Feature","geometry":{"type":"Point","coordinates":[694031.9592310119,6094870.961331153]},"properties":{"height":9.0,"crown_diameter":6.0},"id":""},{"type":"Feature","geometry":{"type":"Point","coordinates":[694006.7304977202,6094894.6940552555]},"properties":{"height":9.0,"crown_diameter":6.0},"id":""},{"type":"Feature","geometry":{"type":"Point","coordinates":[694030.2640128236,6094887.908999053]},"properties":{"height":9.0,"crown_diameter":6.0},"id":""},{"type":"Feature","geometry":{"type":"Point","coordinates":[694020.6931862229,6094896.923931493]},"properties":{"height":9.0,"crown_diameter":6.0},"id":""},{"type":"Feature","geometry":{"type":"Point","coordinates":[694064.1550182246,6094846.62284674]},"properties":{"height":9.0,"crown_diameter":6.0},"id":""},{"type":"Feature","geometry":{"type":"Point","coordinates":[694081.8177170936,6094862.688964013]},"properties":{"height":9.0,"crown_diameter":6.0},"id":""},{"type":"Feature","geometry":{"type":"Point","coordinates":[694049.0547517703,6094868.463427681]},"properties":{"height":9.0,"crown_diameter":6.0},"id":""},{"type":"Feature","geometry":{"type":"Point","coordinates":[694052.509243569,6094875.495918239]},"properties":{"height":9.0,"crown_diameter":6.0},"id":""},{"type":"Feature","geometry":{"type":"Point","coordinates":[694033.4622086303,6094898.277158158]},"properties":{"height":9.0,"crown_diameter":6.0},"id":""},{"type":"Feature","geometry":{"type":"Point","coordinates":[694052.1586896665,6094886.861316737]},"properties":{"height":9.0,"crown_diameter":6.0},"id":""},{"type":"Feature","geometry":{"type":"Point","coordinates":[694062.1606466628,6094887.250794034]},"properties":{"height":9.0,"crown_diameter":6.0},"id":""},{"type":"Feature","geometry":{"type":"Point","coordinates":[694053.6688486608,6094895.712331798]},"properties":{"height":9.0,"crown_diameter":6.0},"id":""},{"type":"Feature","geometry":{"type":"Point","coordinates":[694063.6706155806,6094896.092510046]},"properties":{"height":9.0,"crown_diameter":6.0},"id":""},{"type":"Feature","geometry":{"type":"Point","coordinates":[694064.2968535748,6094864.563538498]},"properties":{"height":9.0,"crown_diameter":6.0},"id":""},{"type":"Feature","geometry":{"type":"Point","coordinates":[694065.8068227338,6094873.405254371]},"properties":{"height":9.0,"crown_diameter":6.0},"id":""},{"type":"Feature","geometry":{"type":"Point","coordinates":[694090.1417827366,6094871.25384297]},"properties":{"height":9.0,"crown_diameter":6.0},"id":""},{"type":"Feature","geometry":{"type":"Point","coordinates":[694075.0985796032,6094883.3353413455]},"properties":{"height":9.0,"crown_diameter":6.0},"id":""},{"type":"Feature","geometry":{"type":"Point","coordinates":[694076.600935834,6094892.177219808]},"properties":{"height":9.0,"crown_diameter":6.0},"id":""},{"type":"Feature","geometry":{"type":"Point","coordinates":[694086.3374344732,6094883.419118476]},"properties":{"height":9.0,"crown_diameter":6.0},"id":""},{"type":"Feature","geometry":{"type":"Point","coordinates":[694087.8476270388,6094892.270129276]},"properties":{"height":9.0,"crown_diameter":6.0},"id":""},{"type":"Feature","geometry":{"type":"Point","coordinates":[693970.9123497067,6094930.105269348]},"properties":{"height":9.0,"crown_diameter":6.0},"id":""},{"type":"Feature","geometry":{"type":"Point","coordinates":[693958.9104696665,6094933.209762409]},"properties":{"height":9.0,"crown_diameter":6.0},"id":""},{"type":"Feature","geometry":{"type":"Point","coordinates":[693963.5618373622,6094933.109754652]},"properties":{"height":9.0,"crown_diameter":6.0},"id":""},{"type":"Feature","geometry":{"type":"Point","coordinates":[693975.5891295106,6094908.12619541]},"properties":{"height":9.0,"crown_diameter":6.0},"id":""},{"type":"Feature","geometry":{"type":"Point","coordinates":[693975.6092847957,6094922.1905207755]},"properties":{"height":9.0,"crown_diameter":6.0},"id":""},{"type":"Feature","geometry":{"type":"Point","coordinates":[693982.746796001,6094920.278949473]},"properties":{"height":9.0,"crown_diameter":6.0},"id":""},{"type":"Feature","geometry":{"type":"Point","coordinates":[693990.2747882932,6094918.433392141]},"properties":{"height":9.0,"crown_diameter":6.0},"id":""},{"type":"Feature","geometry":{"type":"Point","coordinates":[693994.9270033936,6094917.663599001]},"properties":{"height":9.0,"crown_diameter":6.0},"id":""},{"type":"Feature","geometry":{"type":"Point","coordinates":[693982.0664600604,6094929.084053333]},"properties":{"height":9.0,"crown_diameter":6.0},"id":""},{"type":"Feature","geometry":{"type":"Point","coordinates":[693987.0755484244,6094927.171735829]},"properties":{"height":9.0,"crown_diameter":6.0},"id":""},{"type":"Feature","geometry":{"type":"Point","coordinates":[693987.494988009,6094936.743868688]},"properties":{"height":9.0,"crown_diameter":6.0},"id":""},{"type":"Feature","geometry":{"type":"Point","coordinates":[694009.4525344373,6094904.560846367]},"properties":{"height":9.0,"crown_diameter":6.0},"id":""},{"type":"Feature","geometry":{"type":"Point","coordinates":[694004.2302550736,6094921.035534758]},"properties":{"height":9.0,"crown_diameter":6.0},"id":""},{"type":"Feature","geometry":{"type":"Point","coordinates":[694022.5500994632,6094905.227970546]},"properties":{"height":9.0,"crown_diameter":6.0},"id":""},{"type":"Feature","geometry":{"type":"Point","coordinates":[694024.6312408727,6094915.089938175]},"properties":{"height":9.0,"crown_diameter":6.0},"id":""},{"type":"Feature","geometry":{"type":"Point","coordinates":[694023.4023631829,6094937.050701866]},"properties":{"height":9.0,"crown_diameter":6.0},"id":""},{"type":"Feature","geometry":{"type":"Point","coordinates":[694037.1863895091,6094913.592018583]},"properties":{"height":9.0,"crown_diameter":6.0},"id":""},{"type":"Feature","geometry":{"type":"Point","coordinates":[694035.6767161326,6094920.368507914]},"properties":{"height":9.0,"crown_diameter":6.0},"id":""},{"type":"Feature","geometry":{"type":"Point","coordinates":[694048.5989542776,6094920.68588748]},"properties":{"height":9.0,"crown_diameter":6.0},"id":""},{"type":"Feature","geometry":{"type":"Point","coordinates":[694052.0375139674,6094906.407623857]},"properties":{"height":9.0,"crown_diameter":6.0},"id":""},{"type":"Feature","geometry":{"type":"Point","coordinates":[694060.4111326868,6094909.473926399]},"properties":{"height":9.0,"crown_diameter":6.0},"id":""},{"type":"Feature","geometry":{"type":"Point","coordinates":[694057.6366724211,6094916.677618472]},"properties":{"height":9.0,"crown_diameter":6.0},"id":""},{"type":"Feature","geometry":{"type":"Point","coordinates":[694048.7577289769,6094928.421814227]},"properties":{"height":9.0,"crown_diameter":6.0},"id":""},{"type":"Feature","geometry":{"type":"Point","coordinates":[694036.0685781435,6094931.848164138]},"properties":{"height":9.0,"crown_diameter":6.0},"id":""},{"type":"Feature","geometry":{"type":"Point","coordinates":[694059.6881057378,6094930.1215259265]},"properties":{"height":9.0,"crown_diameter":6.0},"id":""},{"type":"Feature","geometry":{"type":"Point","coordinates":[694069.7668431393,6094906.063439706]},"properties":{"height":9.0,"crown_diameter":6.0},"id":""},{"type":"Feature","geometry":{"type":"Point","coordinates":[694079.1767798198,6094904.819164643]},"properties":{"height":9.0,"crown_diameter":6.0},"id":""},{"type":"Feature","geometry":{"type":"Point","coordinates":[694074.6202683875,6094911.810045218]},"properties":{"height":9.0,"crown_diameter":6.0},"id":""},{"type":"Feature","geometry":{"type":"Point","coordinates":[694088.7023394881,6094902.921245202]},"properties":{"height":9.0,"crown_diameter":6.0},"id":""},{"type":"Feature","geometry":{"type":"Point","coordinates":[694093.5557759257,6094908.667840997]},"properties":{"height":9.0,"crown_diameter":6.0},"id":""},{"type":"Feature","geometry":{"type":"Point","coordinates":[694084.030410822,6094910.575063121]},"properties":{"height":9.0,"crown_diameter":6.0},"id":""},{"type":"Feature","geometry":{"type":"Point","coordinates":[694070.260414819,6094924.396553645]},"properties":{"height":9.0,"crown_diameter":6.0},"id":""},{"type":"Feature","geometry":{"type":"Point","coordinates":[694082.996824962,6094922.103993166]},"properties":{"height":9.0,"crown_diameter":6.0},"id":""},{"type":"Feature","geometry":{"type":"Point","coordinates":[694095.0029188041,6094921.32476517]},"properties":{"height":9.0,"crown_diameter":6.0},"id":""},{"type":"Feature","geometry":{"type":"Point","coordinates":[694085.0559221245,6094935.547732372]},"properties":{"height":9.0,"crown_diameter":6.0},"id":""},{"type":"Feature","geometry":{"type":"Point","coordinates":[694154.0188377913,6094822.0850732]},"properties":{"height":9.0,"crown_diameter":6.0},"id":""},{"type":"Feature","geometry":{"type":"Point","coordinates":[694095.6802885807,6094842.893508384]},"properties":{"height":9.0,"crown_diameter":6.0},"id":""},{"type":"Feature","geometry":{"type":"Point","coordinates":[694110.7340142053,6094840.523134086]},"properties":{"height":9.0,"crown_diameter":6.0},"id":""},{"type":"Feature","geometry":{"type":"Point","coordinates":[694097.0597983787,6094858.789018448]},"properties":{"height":9.0,"crown_diameter":6.0},"id":""},{"type":"Feature","geometry":{"type":"Point","coordinates":[694113.8991203215,6094858.212734522]},"properties":{"height":9.0,"crown_diameter":6.0},"id":""},{"type":"Feature","geometry":{"type":"Point","coordinates":[694128.4294478267,6094837.900541118]},"properties":{"height":9.0,"crown_diameter":6.0},"id":""},{"type":"Feature","geometry":{"type":"Point","coordinates":[694129.1411835393,6094854.312733839]},"properties":{"height":9.0,"crown_diameter":6.0},"id":""},{"type":"Feature","geometry":{"type":"Point","coordinates":[694098.7599747854,6094880.723992228]},"properties":{"height":9.0,"crown_diameter":6.0},"id":""},{"type":"Feature","geometry":{"type":"Point","coordinates":[694109.7142329048,6094878.572057815]},"properties":{"height":9.0,"crown_diameter":6.0},"id":""},{"type":"Feature","geometry":{"type":"Point","coordinates":[694111.6248214601,6094867.740511809]},"properties":{"height":9.0,"crown_diameter":6.0},"id":""},{"type":"Feature","geometry":{"type":"Point","coordinates":[694123.2840862819,6094863.96412618]},"properties":{"height":9.0,"crown_diameter":6.0},"id":""},{"type":"Feature","geometry":{"type":"Point","coordinates":[694122.6817486415,6094876.032609011]},"properties":{"height":9.0,"crown_diameter":6.0},"id":""},{"type":"Feature","geometry":{"type":"Point","coordinates":[694100.2701794355,6094889.5750014875]},"properties":{"height":9.0,"crown_diameter":6.0},"id":""},{"type":"Feature","geometry":{"type":"Point","coordinates":[694111.2089978374,6094887.414096072]},"properties":{"height":9.0,"crown_diameter":6.0},"id":""},{"type":"Feature","geometry":{"type":"Point","coordinates":[694124.1919765944,6094884.883615303]},"properties":{"height":9.0,"crown_diameter":6.0},"id":""},{"type":"Feature","geometry":{"type":"Point","coordinates":[694116.0005034242,6094898.436302938]},"properties":{"height":9.0,"crown_diameter":6.0},"id":""},{"type":"Feature","geometry":{"type":"Point","coordinates":[694125.4154529395,6094897.0709436415]},"properties":{"height":9.0,"crown_diameter":6.0},"id":""},{"type":"Feature","geometry":{"type":"Point","coordinates":[694131.7637512878,6094862.032851995]},"properties":{"height":9.0,"crown_diameter":6.0},"id":""},{"type":"Feature","geometry":{"type":"Point","coordinates":[694132.9576024228,6094873.197586744]},"properties":{"height":9.0,"crown_diameter":6.0},"id":""},{"type":"Feature","geometry":{"type":"Point","coordinates":[694134.4674401401,6094882.029996175]},"properties":{"height":9.0,"crown_diameter":6.0},"id":""},{"type":"Feature","geometry":{"type":"Point","coordinates":[694134.0576136226,6094896.308237196]},"properties":{"height":9.0,"crown_diameter":6.0},"id":""},{"type":"Feature","geometry":{"type":"Point","coordinates":[694171.6820018117,6094846.318259372]},"properties":{"height":9.0,"crown_diameter":6.0},"id":""},{"type":"Feature","geometry":{"type":"Point","coordinates":[694167.1985400596,6094854.926187316]},"properties":{"height":9.0,"crown_diameter":6.0},"id":""},{"type":"Feature","geometry":{"type":"Point","coordinates":[694168.7238226917,6094860.930421581]},"properties":{"height":9.0,"crown_diameter":6.0},"id":""},{"type":"Feature","geometry":{"type":"Point","coordinates":[694200.7408977682,6094858.073831556]},"properties":{"height":9.0,"crown_diameter":6.0},"id":""},{"type":"Feature","geometry":{"type":"Point","coordinates":[694168.9325180817,6094867.790881384]},"properties":{"height":9.0,"crown_diameter":6.0},"id":""},{"type":"Feature","geometry":{"type":"Point","coordinates":[694179.0215450957,6094864.7830865085]},"properties":{"height":9.0,"crown_diameter":6.0},"id":""},{"type":"Feature","geometry":{"type":"Point","coordinates":[694175.1799119853,6094878.400338052]},"properties":{"height":9.0,"crown_diameter":6.0},"id":""},{"type":"Feature","geometry":{"type":"Point","coordinates":[694184.368941972,6094876.109567901]},"properties":{"height":9.0,"crown_diameter":6.0},"id":""},{"type":"Feature","geometry":{"type":"Point","coordinates":[694182.6702016022,6094889.336517134]},"properties":{"height":9.0,"crown_diameter":6.0},"id":""},{"type":"Feature","geometry":{"type":"Point","coordinates":[694177.2207510098,6094890.635185061]},"properties":{"height":9.0,"crown_diameter":6.0},"id":""},{"type":"Feature","geometry":{"type":"Point","coordinates":[694181.3133051081,6094896.826011695]},"properties":{"height":9.0,"crown_diameter":6.0},"id":""},{"type":"Feature","geometry":{"type":"Point","coordinates":[694187.7913760215,6094895.11451105]},"properties":{"height":9.0,"crown_diameter":6.0},"id":""},{"type":"Feature","geometry":{"type":"Point","coordinates":[694197.1410731842,6094875.8346278835]},"properties":{"height":9.0,"crown_diameter":6.0},"id":""},{"type":"Feature","geometry":{"type":"Point","coordinates":[694208.384102029,6094872.922885012]},"properties":{"height":9.0,"crown_diameter":6.0},"id":""},{"type":"Feature","geometry":{"type":"Point","coordinates":[694189.15589199,6094887.62485112]},"properties":{"height":9.0,"crown_diameter":6.0},"id":""},{"type":"Feature","geometry":{"type":"Point","coordinates":[694195.1721454532,6094887.495341455]},"properties":{"height":9.0,"crown_diameter":6.0},"id":""},{"type":"Feature","geometry":{"type":"Point","coordinates":[694202.568553499,6094887.336116209]},"properties":{"height":9.0,"crown_diameter":6.0},"id":""},{"type":"Feature","geometry":{"type":"Point","coordinates":[694193.8228847772,6094894.984674221]},"properties":{"height":9.0,"crown_diameter":6.0},"id":""},{"type":"Feature","geometry":{"type":"Point","coordinates":[694201.2192989177,6094894.825450348]},"properties":{"height":9.0,"crown_diameter":6.0},"id":""},{"type":"Feature","geometry":{"type":"Point","coordinates":[694208.4789119733,6094886.185645796]},"properties":{"height":9.0,"crown_diameter":6.0},"id":""},{"type":"Feature","geometry":{"type":"Point","coordinates":[694214.2980045781,6094884.339478385]},"properties":{"height":9.0,"crown_diameter":6.0},"id":""},{"type":"Feature","geometry":{"type":"Point","coordinates":[694212.1754530284,6094890.989669492]},"properties":{"height":9.0,"crown_diameter":6.0},"id":""},{"type":"Feature","geometry":{"type":"Point","coordinates":[694207.1220373239,6094893.675145206]},"properties":{"height":9.0,"crown_diameter":6.0},"id":""},{"type":"Feature","geometry":{"type":"Point","coordinates":[694216.4935176997,6094890.64554876]},"properties":{"height":9.0,"crown_diameter":6.0},"id":""},{"type":"Feature","geometry":{"type":"Point","coordinates":[694221.1505906635,6094857.504203338]},"properties":{"height":9.0,"crown_diameter":6.0},"id":""},{"type":"Feature","geometry":{"type":"Point","coordinates":[694247.0043702343,6094853.970858325]},"properties":{"height":9.0,"crown_diameter":6.0},"id":""},{"type":"Feature","geometry":{"type":"Point","coordinates":[694272.8921519715,6094848.120480422]},"properties":{"height":9.0,"crown_diameter":6.0},"id":""},{"type":"Feature","geometry":{"type":"Point","coordinates":[694233.5631298425,6094868.873888018]},"properties":{"height":9.0,"crown_diameter":6.0},"id":""},{"type":"Feature","geometry":{"type":"Point","coordinates":[694221.586551073,6094870.666599495]},"properties":{"height":9.0,"crown_diameter":6.0},"id":""},{"type":"Feature","geometry":{"type":"Point","coordinates":[694244.6017770596,6094867.808316689]},"properties":{"height":9.0,"crown_diameter":6.0},"id":""},{"type":"Feature","geometry":{"type":"Point","coordinates":[694225.073030234,6094882.721481459]},"properties":{"height":9.0,"crown_diameter":6.0},"id":""},{"type":"Feature","geometry":{"type":"Point","coordinates":[694231.0806732574,6094882.192142452]},"properties":{"height":9.0,"crown_diameter":6.0},"id":""},{"type":"Feature","geometry":{"type":"Point","coordinates":[694223.7237951122,6094890.210819844]},"properties":{"height":9.0,"crown_diameter":6.0},"id":""},{"type":"Feature","geometry":{"type":"Point","coordinates":[694229.7238180053,6094889.681646135]},"properties":{"height":9.0,"crown_diameter":6.0},"id":""},{"type":"Feature","geometry":{"type":"Point","coordinates":[694237.8076833948,6094881.768237609]},"properties":{"height":9.0,"crown_diameter":6.0},"id":""},{"type":"Feature","geometry":{"type":"Point","coordinates":[694244.5202784877,6094880.674886366]},"properties":{"height":9.0,"crown_diameter":6.0},"id":""},{"type":"Feature","geometry":{"type":"Point","coordinates":[694250.2709353775,6094878.839470775]},"properties":{"height":9.0,"crown_diameter":6.0},"id":""},{"type":"Feature","geometry":{"type":"Point","coordinates":[694248.9138963865,6094886.319680288]},"properties":{"height":9.0,"crown_diameter":6.0},"id":""},{"type":"Feature","geometry":{"type":"Point","coordinates":[694236.4508337455,6094889.257742548]},"properties":{"height":9.0,"crown_diameter":6.0},"id":""},{"type":"Feature","geometry":{"type":"Point","coordinates":[694243.1632343845,6094888.15509478]},"properties":{"height":9.0,"crown_diameter":6.0},"id":""},{"type":"Feature","geometry":{"type":"Point","coordinates":[694255.1492434576,6094865.897514712]},"properties":{"height":9.0,"crown_diameter":6.0},"id":""},{"type":"Feature","geometry":{"type":"Point","coordinates":[694261.9260639881,6094876.99783125]},"properties":{"height":9.0,"crown_diameter":6.0},"id":""},{"type":"Feature","geometry":{"type":"Point","coordinates":[694270.6590740943,6094863.805417651]},"properties":{"height":9.0,"crown_diameter":6.0},"id":""},{"type":"Feature","geometry":{"type":"Point","coordinates":[694268.894288473,6094876.084998829]},"properties":{"height":9.0,"crown_diameter":6.0},"id":""},{"type":"Feature","geometry":{"type":"Point","coordinates":[694273.9439762604,6094875.353009971]},"properties":{"height":9.0,"crown_diameter":6.0},"id":""},{"type":"Feature","geometry":{"type":"Point","coordinates":[694279.968666075,6094874.906989839]},"properties":{"height":9.0,"crown_diameter":6.0},"id":""},{"type":"Feature","geometry":{"type":"Point","coordinates":[694255.2580056237,6094878.387904158]},"properties":{"height":9.0,"crown_diameter":6.0},"id":""},{"type":"Feature","geometry":{"type":"Point","coordinates":[694253.9087961873,6094885.877248206]},"properties":{"height":9.0,"crown_diameter":6.0},"id":""},{"type":"Feature","geometry":{"type":"Point","coordinates":[694260.5768603241,6094884.487176558]},"properties":{"height":9.0,"crown_diameter":6.0},"id":""},{"type":"Feature","geometry":{"type":"Point","coordinates":[694253.4439328699,6094896.882349891]},"properties":{"height":9.0,"crown_diameter":6.0},"id":""},{"type":"Feature","geometry":{"type":"Point","coordinates":[694265.3250200795,6094895.259092454]},"properties":{"height":9.0,"crown_diameter":6.0},"id":""},{"type":"Feature","geometry":{"type":"Point","coordinates":[694267.5450907173,6094883.57434544]},"properties":{"height":9.0,"crown_diameter":6.0},"id":""},{"type":"Feature","geometry":{"type":"Point","coordinates":[694272.5947828058,6094882.842357532]},"properties":{"height":9.0,"crown_diameter":6.0},"id":""},{"type":"Feature","geometry":{"type":"Point","coordinates":[694278.6116522504,6094882.387204941]},"properties":{"height":9.0,"crown_diameter":6.0},"id":""},{"type":"Feature","geometry":{"type":"Point","coordinates":[694276.8244288084,6094893.978914881]},"properties":{"height":9.0,"crown_diameter":6.0},"id":""},{"type":"Feature","geometry":{"type":"Point","coordinates":[694285.5988267532,6094847.9956561085]},"properties":{"height":9.0,"crown_diameter":6.0},"id":""},{"type":"Feature","geometry":{"type":"Point","coordinates":[694307.2483299001,6094853.6315445695]},"properties":{"height":9.0,"crown_diameter":6.0},"id":""},{"type":"Feature","geometry":{"type":"Point","coordinates":[694327.2323522535,6094844.633827584]},"properties":{"height":9.0,"crown_diameter":6.0},"id":""},{"type":"Feature","geometry":{"type":"Point","coordinates":[694282.7600908573,6094861.061144663]},"properties":{"height":9.0,"crown_diameter":6.0},"id":""},{"type":"Feature","geometry":{"type":"Point","coordinates":[694293.5669375975,6094860.56793356]},"properties":{"height":9.0,"crown_diameter":6.0},"id":""},{"type":"Feature","geometry":{"type":"Point","coordinates":[694285.7686688387,6094873.237926195]},"properties":{"height":9.0,"crown_diameter":6.0},"id":""},{"type":"Feature","geometry":{"type":"Point","coordinates":[694306.7946536924,6094872.236238275]},"properties":{"height":9.0,"crown_diameter":6.0},"id":""},{"type":"Feature","geometry":{"type":"Point","coordinates":[694287.0489172293,6094881.675273704]},"properties":{"height":9.0,"crown_diameter":6.0},"id":""},{"type":"Feature","geometry":{"type":"Point","coordinates":[694292.5119073489,6094877.818166118]},"properties":{"height":9.0,"crown_diameter":6.0},"id":""},{"type":"Feature","geometry":{"type":"Point","coordinates":[694293.7921623769,6094886.255512913]},"properties":{"height":9.0,"crown_diameter":6.0},"id":""},{"type":"Feature","geometry":{"type":"Point","coordinates":[694299.9927428182,6094878.74538916]},"properties":{"height":9.0,"crown_diameter":6.0},"id":""},{"type":"Feature","geometry":{"type":"Point","coordinates":[694308.5677900919,6094884.430322738]},"properties":{"height":9.0,"crown_diameter":6.0},"id":""},{"type":"Feature","geometry":{"type":"Point","coordinates":[694301.2653797923,6094887.182899423]},"properties":{"height":9.0,"crown_diameter":6.0},"id":""},{"type":"Feature","geometry":{"type":"Point","coordinates":[694307.5574095726,6094890.293811897]},"properties":{"height":9.0,"crown_diameter":6.0},"id":""},{"type":"Feature","geometry":{"type":"Point","coordinates":[694314.0100997565,6094895.196567214]},"properties":{"height":9.0,"crown_diameter":6.0},"id":""},{"type":"Feature","geometry":{"type":"Point","coordinates":[694316.3347922299,6094875.267879093]},"properties":{"height":9.0,"crown_diameter":6.0},"id":""},{"type":"Feature","geometry":{"type":"Point","coordinates":[694333.2704617972,6094859.684802974]},"properties":{"height":9.0,"crown_diameter":6.0},"id":""},{"type":"Feature","geometry":{"type":"Point","coordinates":[694335.0278096913,6094871.144357789]},"properties":{"height":9.0,"crown_diameter":6.0},"id":""},{"type":"Feature","geometry":{"type":"Point","coordinates":[694343.000167249,6094874.702756929]},"properties":{"height":9.0,"crown_diameter":6.0},"id":""},{"type":"Feature","geometry":{"type":"Point","coordinates":[694328.6982216458,6094879.03867358]},"properties":{"height":9.0,"crown_diameter":6.0},"id":""},{"type":"Feature","geometry":{"type":"Point","coordinates":[694326.2337109125,6094893.537944529]},"properties":{"height":9.0,"crown_diameter":6.0},"id":""},{"type":"Feature","geometry":{"type":"Point","coordinates":[694339.1657048275,6094885.45488812]},"properties":{"height":9.0,"crown_diameter":6.0},"id":""},{"type":"Feature","geometry":{"type":"Point","coordinates":[694331.6778559699,6094894.11832664]},"properties":{"height":9.0,"crown_diameter":6.0},"id":""},{"type":"Feature","geometry":{"type":"Point","coordinates":[694096.8081904189,6094901.342226999]},"properties":{"height":9.0,"crown_diameter":6.0},"id":""},{"type":"Feature","geometry":{"type":"Point","coordinates":[694101.6618315884,6094907.098116428]},"properties":{"height":9.0,"crown_diameter":6.0},"id":""},{"type":"Feature","geometry":{"type":"Point","coordinates":[694108.3176201042,6094900.527155148]},"properties":{"height":9.0,"crown_diameter":6.0},"id":""},{"type":"Feature","geometry":{"type":"Point","coordinates":[694105.5584942907,6094919.432573711]},"properties":{"height":9.0,"crown_diameter":6.0},"id":""},{"type":"Feature","geometry":{"type":"Point","coordinates":[694113.1712686087,6094906.28303869]},"properties":{"height":9.0,"crown_diameter":6.0},"id":""},{"type":"Feature","geometry":{"type":"Point","coordinates":[694118.9034448507,6094905.359712865]},"properties":{"height":9.0,"crown_diameter":6.0},"id":""},{"type":"Feature","geometry":{"type":"Point","coordinates":[694125.0129887938,6094905.665441927]},"properties":{"height":9.0,"crown_diameter":6.0},"id":""},{"type":"Feature","geometry":{"type":"Point","coordinates":[694097.0618338773,6094934.759204622]},"properties":{"height":9.0,"crown_diameter":6.0},"id":""},{"type":"Feature","geometry":{"type":"Point","coordinates":[694107.6021746343,6094932.867339587]},"properties":{"height":9.0,"crown_diameter":6.0},"id":""},{"type":"Feature","geometry":{"type":"Point","coordinates":[694130.2765363608,6094902.817356519]},"properties":{"height":9.0,"crown_diameter":6.0},"id":""},{"type":"Feature","geometry":{"type":"Point","coordinates":[694136.4687341516,6094903.418966271]},"properties":{"height":9.0,"crown_diameter":6.0},"id":""},{"type":"Feature","geometry":{"type":"Point","coordinates":[694129.97925448,6094917.362935353]},"properties":{"height":9.0,"crown_diameter":6.0},"id":""},{"type":"Feature","geometry":{"type":"Point","coordinates":[694143.3090085367,6094914.992405033]},"properties":{"height":9.0,"crown_diameter":6.0},"id":""},{"type":"Feature","geometry":{"type":"Point","coordinates":[694144.9845560913,6094927.979285754]},"properties":{"height":9.0,"crown_diameter":6.0},"id":""},{"type":"Feature","geometry":{"type":"Point","coordinates":[694178.6418530669,6094908.10185123]},"properties":{"height":9.0,"crown_diameter":6.0},"id":""},{"type":"Feature","geometry":{"type":"Point","coordinates":[694186.6115669161,6094907.99541446]},"properties":{"height":9.0,"crown_diameter":6.0},"id":""},{"type":"Feature","geometry":{"type":"Point","coordinates":[694178.8155693309,6094919.71643817]},"properties":{"height":9.0,"crown_diameter":6.0},"id":""},{"type":"Feature","geometry":{"type":"Point","coordinates":[694186.7856937299,6094919.628597277]},"properties":{"height":9.0,"crown_diameter":6.0},"id":""},{"type":"Feature","geometry":{"type":"Point","coordinates":[694193.351464348,6094907.106161496]},"properties":{"height":9.0,"crown_diameter":6.0},"id":""},{"type":"Feature","geometry":{"type":"Point","coordinates":[694206.2214041358,6094906.0570313055]},"properties":{"height":9.0,"crown_diameter":6.0},"id":""},{"type":"Feature","geometry":{"type":"Point","coordinates":[694217.8938627554,6094903.601139446]},"properties":{"height":9.0,"crown_diameter":6.0},"id":""},{"type":"Feature","geometry":{"type":"Point","coordinates":[694218.0676299414,6094915.215727869]},"properties":{"height":9.0,"crown_diameter":6.0},"id":""},{"type":"Feature","geometry":{"type":"Point","coordinates":[694193.5177745909,6094918.730210921]},"properties":{"height":9.0,"crown_diameter":6.0},"id":""},{"type":"Feature","geometry":{"type":"Point","coordinates":[694206.4027812633,6094917.671455116]},"properties":{"height":9.0,"crown_diameter":6.0},"id":""},{"type":"Feature","geometry":{"type":"Point","coordinates":[694228.9721166787,6094901.89289209]},"properties":{"height":9.0,"crown_diameter":6.0},"id":""},{"type":"Feature","geometry":{"type":"Point","coordinates":[694229.145898277,6094913.50748094]},"properties":{"height":9.0,"crown_diameter":6.0},"id":""},{"type":"Feature","geometry":{"type":"Point","coordinates":[694241.8387149505,6094899.27172629]},"properties":{"height":9.0,"crown_diameter":6.0},"id":""},{"type":"Feature","geometry":{"type":"Point","coordinates":[694242.0052885588,6094910.905075422]},"properties":{"height":9.0,"crown_diameter":6.0},"id":""},{"type":"Feature","geometry":{"type":"Point","coordinates":[694253.6101212354,6094908.497103899]},"properties":{"height":9.0,"crown_diameter":6.0},"id":""},{"type":"Feature","geometry":{"type":"Point","coordinates":[694260.4833805421,6094909.195589247]},"properties":{"height":9.0,"crown_diameter":6.0},"id":""},{"type":"Feature","geometry":{"type":"Point","coordinates":[694265.4988490636,6094906.873682714]},"properties":{"height":9.0,"crown_diameter":6.0},"id":""},{"type":"Feature","geometry":{"type":"Point","coordinates":[694277.0058978917,6094905.593341361]},"properties":{"height":9.0,"crown_diameter":6.0},"id":""},{"type":"Feature","geometry":{"type":"Point","coordinates":[694252.3243187864,6094919.994289909]},"properties":{"height":9.0,"crown_diameter":6.0},"id":""},{"type":"Feature","geometry":{"type":"Point","coordinates":[694258.6853649782,6094919.224771524]},"properties":{"height":9.0,"crown_diameter":6.0},"id":""},{"type":"Feature","geometry":{"type":"Point","coordinates":[694265.7966658304,6094918.932103958]},"properties":{"height":9.0,"crown_diameter":6.0},"id":""},{"type":"Feature","geometry":{"type":"Point","coordinates":[694256.2906621399,6094927.406380261]},"properties":{"height":9.0,"crown_diameter":6.0},"id":""},{"type":"Feature","geometry":{"type":"Point","coordinates":[694262.6669638485,6094926.636530897]},"properties":{"height":9.0,"crown_diameter":6.0},"id":""},{"type":"Feature","geometry":{"type":"Point","coordinates":[694271.5477118558,6094917.822232339]},"properties":{"height":9.0,"crown_diameter":6.0},"id":""},{"type":"Feature","geometry":{"type":"Point","coordinates":[694275.5218961594,6094925.243448488]},"properties":{"height":9.0,"crown_diameter":6.0},"id":""},{"type":"Feature","geometry":{"type":"Point","coordinates":[694278.834158664,6094918.223440802]},"properties":{"height":9.0,"crown_diameter":6.0},"id":""},{"type":"Feature","geometry":{"type":"Point","coordinates":[694269.7784708523,6094926.353158239]},"properties":{"height":9.0,"crown_diameter":6.0},"id":""},{"type":"Feature","geometry":{"type":"Point","coordinates":[694283.6719191064,6094927.486477657]},"properties":{"height":9.0,"crown_diameter":6.0},"id":""},{"type":"Feature","geometry":{"type":"Point","coordinates":[694290.7030545841,6094897.968287485]},"properties":{"height":9.0,"crown_diameter":6.0},"id":""},{"type":"Feature","geometry":{"type":"Point","coordinates":[694283.3241216263,6094906.3781793695]},"properties":{"height":9.0,"crown_diameter":6.0},"id":""},{"type":"Feature","geometry":{"type":"Point","coordinates":[694292.6797547231,6094912.176547159]},"properties":{"height":9.0,"crown_diameter":6.0},"id":""},{"type":"Feature","geometry":{"type":"Point","coordinates":[694297.3798739783,6094912.214848354]},"properties":{"height":9.0,"crown_diameter":6.0},"id":""},{"type":"Feature","geometry":{"type":"Point","coordinates":[694301.1044576479,6094900.962791947]},"properties":{"height":9.0,"crown_diameter":6.0},"id":""},{"type":"Feature","geometry":{"type":"Point","coordinates":[694313.1736915369,6094905.949220434]},"properties":{"height":9.0,"crown_diameter":6.0},"id":""},{"type":"Feature","geometry":{"type":"Point","coordinates":[694285.2275783936,6094920.374068738]},"properties":{"height":9.0,"crown_diameter":6.0},"id":""},{"type":"Feature","geometry":{"type":"Point","coordinates":[694291.0537331599,6094922.397378081]},"properties":{"height":9.0,"crown_diameter":6.0},"id":""},{"type":"Feature","geometry":{"type":"Point","coordinates":[694295.4878838672,6094924.608800534]},"properties":{"height":9.0,"crown_diameter":6.0},"id":""},{"type":"Feature","geometry":{"type":"Point","coordinates":[694289.2168254168,6094927.785653119]},"properties":{"height":9.0,"crown_diameter":6.0},"id":""},{"type":"Feature","geometry":{"type":"Point","coordinates":[694295.0806179275,6094931.910426481]},"properties":{"height":9.0,"crown_diameter":6.0},"id":""},{"type":"Feature","geometry":{"type":"Point","coordinates":[694309.4340698628,6094917.210908581]},"properties":{"height":9.0,"crown_diameter":6.0},"id":""},{"type":"Feature","geometry":{"type":"Point","coordinates":[694301.7530555261,6094927.534254663]},"properties":{"height":9.0,"crown_diameter":6.0},"id":""},{"type":"Feature","geometry":{"type":"Point","coordinates":[694307.8896495373,6094929.448544053]},"properties":{"height":9.0,"crown_diameter":6.0},"id":""},{"type":"Feature","geometry":{"type":"Point","coordinates":[694326.2727679426,6094900.309041213]},"properties":{"height":9.0,"crown_diameter":6.0},"id":""},{"type":"Feature","geometry":{"type":"Point","coordinates":[694325.7000359157,6094911.260662952]},"properties":{"height":9.0,"crown_diameter":6.0},"id":""},{"type":"Feature","geometry":{"type":"Point","coordinates":[694331.6863882438,6094901.597041708]},"properties":{"height":9.0,"crown_diameter":6.0},"id":""},{"type":"Feature","geometry":{"type":"Point","coordinates":[694337.1372934824,6094903.90746831]},"properties":{"height":9.0,"crown_diameter":6.0},"id":""},{"type":"Feature","geometry":{"type":"Point","coordinates":[694338.0565971285,6094897.004100174]},"properties":{"height":9.0,"crown_diameter":6.0},"id":""},{"type":"Feature","geometry":{"type":"Point","coordinates":[694344.0936658727,6094898.548423732]},"properties":{"height":9.0,"crown_diameter":6.0},"id":""},{"type":"Feature","geometry":{"type":"Point","coordinates":[694343.1453184679,6094909.415118861]},"properties":{"height":9.0,"crown_diameter":6.0},"id":""},{"type":"Feature","geometry":{"type":"Point","coordinates":[694320.2928973794,6094923.023382067]},"properties":{"height":9.0,"crown_diameter":6.0},"id":""},{"type":"Feature","geometry":{"type":"Point","coordinates":[694330.0016632813,6094925.735107809]},"properties":{"height":9.0,"crown_diameter":6.0},"id":""},{"type":"Feature","geometry":{"type":"Point","coordinates":[694334.7324413054,6094916.926420267]},"properties":{"height":9.0,"crown_diameter":6.0},"id":""},{"type":"Feature","geometry":{"type":"Point","coordinates":[694355.3167037691,6094871.693284119]},"properties":{"height":9.0,"crown_diameter":6.0},"id":""},{"type":"Feature","geometry":{"type":"Point","coordinates":[694356.8999949798,6094880.738036528]},"properties":{"height":9.0,"crown_diameter":6.0},"id":""},{"type":"Feature","geometry":{"type":"Point","coordinates":[694351.2998033244,6094889.202687253]},"properties":{"height":9.0,"crown_diameter":6.0},"id":""},{"type":"Feature","geometry":{"type":"Point","coordinates":[694366.4430175936,6094882.485872002]},"properties":{"height":9.0,"crown_diameter":6.0},"id":""},{"type":"Feature","geometry":{"type":"Point","coordinates":[694376.155830385,6094889.281088226]},"properties":{"height":9.0,"crown_diameter":6.0},"id":""},{"type":"Feature","geometry":{"type":"Point","coordinates":[694379.7733966834,6094882.626543498]},"properties":{"height":9.0,"crown_diameter":6.0},"id":""},{"type":"Feature","geometry":{"type":"Point","coordinates":[694398.0966080632,6094890.371059308]},"properties":{"height":9.0,"crown_diameter":6.0},"id":""},{"type":"Feature","geometry":{"type":"Point","coordinates":[694347.7481818646,6094902.460299282]},"properties":{"height":9.0,"crown_diameter":6.0},"id":""},{"type":"Feature","geometry":{"type":"Point","coordinates":[694353.3788784862,6094904.971489516]},"properties":{"height":9.0,"crown_diameter":6.0},"id":""},{"type":"Feature","geometry":{"type":"Point","coordinates":[694349.7769875316,6094910.230366796]},"properties":{"height":9.0,"crown_diameter":6.0},"id":""},{"type":"Feature","geometry":{"type":"Point","coordinates":[694360.069252998,6094908.157504253]},"properties":{"height":9.0,"crown_diameter":6.0},"id":""},{"type":"Feature","geometry":{"type":"Point","coordinates":[694354.8948512464,6094911.245662292]},"properties":{"height":9.0,"crown_diameter":6.0},"id":""},{"type":"Feature","geometry":{"type":"Point","coordinates":[694361.7677160552,6094895.637472283]},"properties":{"height":9.0,"crown_diameter":6.0},"id":""},{"type":"Feature","geometry":{"type":"Point","coordinates":[694373.6255545064,6094898.60051514]},"properties":{"height":9.0,"crown_diameter":6.0},"id":""},{"type":"Feature","geometry":{"type":"Point","coordinates":[694365.2767270803,6094911.561506783]},"properties":{"height":9.0,"crown_diameter":6.0},"id":""},{"type":"Feature","geometry":{"type":"Point","coordinates":[694371.39667408,6094913.410997143]},"properties":{"height":9.0,"crown_diameter":6.0},"id":""},{"type":"Feature","geometry":{"type":"Point","coordinates":[694346.920916077,6094921.780007839]},"properties":{"height":9.0,"crown_diameter":6.0},"id":""},{"type":"Feature","geometry":{"type":"Point","coordinates":[694360.7679071492,6094915.09113138]},"properties":{"height":9.0,"crown_diameter":6.0},"id":""},{"type":"Feature","geometry":{"type":"Point","coordinates":[694359.1178182121,6094927.02408702]},"properties":{"height":9.0,"crown_diameter":6.0},"id":""},{"type":"Feature","geometry":{"type":"Point","coordinates":[694365.9755856158,6094918.504431455]},"properties":{"height":9.0,"crown_diameter":6.0},"id":""},{"type":"Feature","geometry":{"type":"Point","coordinates":[694376.4420602737,6094915.66502372]},"properties":{"height":9.0,"crown_diameter":6.0},"id":""},{"type":"Feature","geometry":{"type":"Point","coordinates":[694372.0953370355,6094920.344623735]},"properties":{"height":9.0,"crown_diameter":6.0},"id":""},{"type":"Feature","geometry":{"type":"Point","coordinates":[694384.0934951205,6094905.035275345]},"properties":{"height":9.0,"crown_diameter":6.0},"id":""},{"type":"Feature","geometry":{"type":"Point","coordinates":[694397.3735791206,6094897.884146801]},"properties":{"height":9.0,"crown_diameter":6.0},"id":""},{"type":"Feature","geometry":{"type":"Point","coordinates":[694394.6743305081,6094908.211850602]},"properties":{"height":9.0,"crown_diameter":6.0},"id":""},{"type":"Feature","geometry":{"type":"Point","coordinates":[694380.9956179349,6094918.106385447]},"properties":{"height":9.0,"crown_diameter":6.0},"id":""},{"type":"Feature","geometry":{"type":"Point","coordinates":[694387.8786343784,6094921.734731458]},"properties":{"height":9.0,"crown_diameter":6.0},"id":""},{"type":"Feature","geometry":{"type":"Point","coordinates":[694388.5775105046,6094928.677655058]},"properties":{"height":9.0,"crown_diameter":6.0},"id":""},{"type":"Feature","geometry":{"type":"Point","coordinates":[694405.1497230603,6094914.637125308]},"properties":{"height":9.0,"crown_diameter":6.0},"id":""},{"type":"Feature","geometry":{"type":"Point","coordinates":[694393.4853126984,6094923.130161665]},"properties":{"height":9.0,"crown_diameter":6.0},"id":""},{"type":"Feature","geometry":{"type":"Point","coordinates":[694398.4893441083,6094926.296675216]},"properties":{"height":9.0,"crown_diameter":6.0},"id":""},{"type":"Feature","geometry":{"type":"Point","coordinates":[694404.9383838201,6094928.548345382]},"properties":{"height":9.0,"crown_diameter":6.0},"id":""},{"type":"Feature","geometry":{"type":"Point","coordinates":[694420.9091009162,6094897.218806263]},"properties":{"height":9.0,"crown_diameter":6.0},"id":""},{"type":"Feature","geometry":{"type":"Point","coordinates":[694410.4975174437,6094904.019787261]},"properties":{"height":9.0,"crown_diameter":6.0},"id":""},{"type":"Feature","geometry":{"type":"Point","coordinates":[694423.1151525425,6094905.068760461]},"properties":{"height":9.0,"crown_diameter":6.0},"id":""},{"type":"Feature","geometry":{"type":"Point","coordinates":[694430.0148150362,6094902.389879173]},"properties":{"height":9.0,"crown_diameter":6.0},"id":""},{"type":"Feature","geometry":{"type":"Point","coordinates":[694438.1257793142,6094910.252092589]},"properties":{"height":9.0,"crown_diameter":6.0},"id":""},{"type":"Feature","geometry":{"type":"Point","coordinates":[694418.0790531583,6094920.59090794]},"properties":{"height":9.0,"crown_diameter":6.0},"id":""},{"type":"Feature","geometry":{"type":"Point","coordinates":[694433.9247692322,6094914.965792427]},"properties":{"height":9.0,"crown_diameter":6.0},"id":""},{"type":"Feature","geometry":{"type":"Point","coordinates":[694437.2874104296,6094917.367679926]},"properties":{"height":9.0,"crown_diameter":6.0},"id":""},{"type":"Feature","geometry":{"type":"Point","coordinates":[694428.5155707989,6094926.2728257235]},"properties":{"height":9.0,"crown_diameter":6.0},"id":""},{"type":"Feature","geometry":{"type":"Point","coordinates":[694446.6170930131,6094907.799351826]},"properties":{"height":9.0,"crown_diameter":6.0},"id":""},{"type":"Feature","geometry":{"type":"Point","coordinates":[694440.3570169975,6094915.022499022]},"properties":{"height":9.0,"crown_diameter":6.0},"id":""},{"type":"Feature","geometry":{"type":"Point","coordinates":[694446.5499162984,6094913.530906003]},"properties":{"height":9.0,"crown_diameter":6.0},"id":""},{"type":"Feature","geometry":{"type":"Point","coordinates":[694445.6961026606,6094920.637525274]},"properties":{"height":9.0,"crown_diameter":6.0},"id":""},{"type":"Feature","geometry":{"type":"Point","coordinates":[693956.5788982036,6094429.551640589]},"properties":{"height":9.0,"crown_diameter":6.0},"id":""},{"type":"Feature","geometry":{"type":"Point","coordinates":[693959.2114519158,6094445.196967206]},"properties":{"height":9.0,"crown_diameter":6.0},"id":""},{"type":"Feature","geometry":{"type":"Point","coordinates":[693970.3712275778,6094406.1579370275]},"properties":{"height":9.0,"crown_diameter":6.0},"id":""},{"type":"Feature","geometry":{"type":"Point","coordinates":[693964.0487729053,6094423.958582737]},"properties":{"height":9.0,"crown_diameter":6.0},"id":""},{"type":"Feature","geometry":{"type":"Point","coordinates":[693973.1815624095,6094430.069001768]},"properties":{"height":9.0,"crown_diameter":6.0},"id":""},{"type":"Feature","geometry":{"type":"Point","coordinates":[693974.4102504882,6094442.153907431]},"properties":{"height":9.0,"crown_diameter":6.0},"id":""},{"type":"Feature","geometry":{"type":"Point","coordinates":[693959.7922750796,6094472.207063323]},"properties":{"height":9.0,"crown_diameter":6.0},"id":""},{"type":"Feature","geometry":{"type":"Point","coordinates":[693951.7326375365,6094572.768566633]},"properties":{"height":9.0,"crown_diameter":6.0},"id":""},{"type":"Feature","geometry":{"type":"Point","coordinates":[693968.7746046472,6094454.6468916]},"properties":{"height":9.0,"crown_diameter":6.0},"id":""},{"type":"Feature","geometry":{"type":"Point","coordinates":[693972.556915581,6094483.671809861]},"properties":{"height":9.0,"crown_diameter":6.0},"id":""},{"type":"Feature","geometry":{"type":"Point","coordinates":[693979.857105416,6094472.315091196]},"properties":{"height":9.0,"crown_diameter":6.0},"id":""},{"type":"Feature","geometry":{"type":"Point","coordinates":[693985.369136994,6094495.2192358095]},"properties":{"height":9.0,"crown_diameter":6.0},"id":""},{"type":"Feature","geometry":{"type":"Point","coordinates":[693967.1882647225,6094512.4842250645]},"properties":{"height":9.0,"crown_diameter":6.0},"id":""},{"type":"Feature","geometry":{"type":"Point","coordinates":[693987.5400442434,6094508.195481602]},"properties":{"height":9.0,"crown_diameter":6.0},"id":""},{"type":"Feature","geometry":{"type":"Point","coordinates":[693979.1715651335,6094516.700831411]},"properties":{"height":9.0,"crown_diameter":6.0},"id":""},{"type":"Feature","geometry":{"type":"Point","coordinates":[693989.1140801146,6094517.538142124]},"properties":{"height":9.0,"crown_diameter":6.0},"id":""},{"type":"Feature","geometry":{"type":"Point","coordinates":[693968.2076114484,6094522.6387961935]},"properties":{"height":9.0,"crown_diameter":6.0},"id":""},{"type":"Feature","geometry":{"type":"Point","coordinates":[693990.4271692663,6094528.225916419]},"properties":{"height":9.0,"crown_diameter":6.0},"id":""},{"type":"Feature","geometry":{"type":"Point","coordinates":[693980.0289146658,6094589.201525783]},"properties":{"height":9.0,"crown_diameter":6.0},"id":""},{"type":"Feature","geometry":{"type":"Point","coordinates":[693999.1715945217,6094589.338660652]},"properties":{"height":9.0,"crown_diameter":6.0},"id":""},{"type":"Feature","geometry":{"type":"Point","coordinates":[693980.9393416104,6094601.73977416]},"properties":{"height":9.0,"crown_diameter":6.0},"id":""},{"type":"Feature","geometry":{"type":"Point","coordinates":[693993.7105931188,6094602.506950447]},"properties":{"height":9.0,"crown_diameter":6.0},"id":""},{"type":"Feature","geometry":{"type":"Point","coordinates":[693983.3917100392,6094618.226158645]},"properties":{"height":9.0,"crown_diameter":6.0},"id":""},{"type":"Feature","geometry":{"type":"Point","coordinates":[693995.3145720084,6094624.946315658]},"properties":{"height":9.0,"crown_diameter":6.0},"id":""},{"type":"Feature","geometry":{"type":"Point","coordinates":[694001.2251800166,6094612.819493008]},"properties":{"height":9.0,"crown_diameter":6.0},"id":""},{"type":"Feature","geometry":{"type":"Point","coordinates":[693998.7070567086,6094635.840523874]},"properties":{"height":9.0,"crown_diameter":6.0},"id":""},{"type":"Feature","geometry":{"type":"Point","coordinates":[693985.8580415278,6094638.55400716]},"properties":{"height":9.0,"crown_diameter":6.0},"id":""},{"type":"Feature","geometry":{"type":"Point","coordinates":[693988.6314044714,6094653.293995737]},"properties":{"height":9.0,"crown_diameter":6.0},"id":""},{"type":"Feature","geometry":{"type":"Point","coordinates":[693999.6615205379,6094644.750007296]},"properties":{"height":9.0,"crown_diameter":6.0},"id":""},{"type":"Feature","geometry":{"type":"Point","coordinates":[694437.389381159,6094435.124798419]},"properties":{"height":9.0,"crown_diameter":6.0},"id":""},{"type":"Feature","geometry":{"type":"Point","coordinates":[694137.3656948232,6094497.418673737]},"properties":{"height":9.0,"crown_diameter":6.0},"id":""},{"type":"Feature","geometry":{"type":"Point","coordinates":[694416.1820247424,6094474.3811065955]},"properties":{"height":9.0,"crown_diameter":6.0},"id":""},{"type":"Feature","geometry":{"type":"Point","coordinates":[694412.8835929076,6094493.000638545]},"properties":{"height":9.0,"crown_diameter":6.0},"id":""},{"type":"Feature","geometry":{"type":"Point","coordinates":[694414.5714353379,6094641.742423567]},"properties":{"height":9.0,"crown_diameter":6.0},"id":""},{"type":"Feature","geometry":{"type":"Point","coordinates":[694418.4040393721,6094632.32978935]},"properties":{"height":9.0,"crown_diameter":6.0},"id":""},{"type":"Feature","geometry":{"type":"Point","coordinates":[694408.072826947,6094653.463627768]},"properties":{"height":9.0,"crown_diameter":6.0},"id":""},{"type":"Feature","geometry":{"type":"Point","coordinates":[694443.5758209731,6094411.76402198]},"properties":{"height":9.0,"crown_diameter":6.0},"id":""},{"type":"Feature","geometry":{"type":"Point","coordinates":[694458.767384108,6094410.869081103]},"properties":{"height":9.0,"crown_diameter":6.0},"id":""},{"type":"Feature","geometry":{"type":"Point","coordinates":[694454.3467563153,6094423.429239187]},"properties":{"height":9.0,"crown_diameter":6.0},"id":""},{"type":"Feature","geometry":{"type":"Point","coordinates":[694508.6139522453,6094433.30075944]},"properties":{"height":9.0,"crown_diameter":6.0},"id":""},{"type":"Feature","geometry":{"type":"Point","coordinates":[694535.4626964639,6094444.479624445]},"properties":{"height":9.0,"crown_diameter":6.0},"id":""},{"type":"Feature","geometry":{"type":"Point","coordinates":[694539.3823472143,6094530.718880508]},"properties":{"height":9.0,"crown_diameter":6.0},"id":""},{"type":"Feature","geometry":{"type":"Point","coordinates":[694580.4143203639,6094562.130835969]},"properties":{"height":9.0,"crown_diameter":6.0},"id":""},{"type":"Feature","geometry":{"type":"Point","coordinates":[694573.2216896624,6094576.676393871]},"properties":{"height":9.0,"crown_diameter":6.0},"id":""},{"type":"Feature","geometry":{"type":"Point","coordinates":[694589.1353307024,6094545.589548219]},"properties":{"height":9.0,"crown_diameter":6.0},"id":""},{"type":"Feature","geometry":{"type":"Point","coordinates":[694623.0905219461,6094555.182339532]},"properties":{"height":9.0,"crown_diameter":6.0},"id":""},{"type":"Feature","geometry":{"type":"Point","coordinates":[694642.641944089,6094564.360269314]},"properties":{"height":9.0,"crown_diameter":6.0},"id":""},{"type":"Feature","geometry":{"type":"Point","coordinates":[694701.1748174536,6094536.074281335]},"properties":{"height":9.0,"crown_diameter":6.0},"id":""},{"type":"Feature","geometry":{"type":"Point","coordinates":[694655.1945417459,6094570.191593408]},"properties":{"height":9.0,"crown_diameter":6.0},"id":""},{"type":"Feature","geometry":{"type":"Point","coordinates":[694719.1167489133,6094532.180068612]},"properties":{"height":9.0,"crown_diameter":6.0},"id":""},{"type":"Feature","geometry":{"type":"Point","coordinates":[694598.8415011781,6094590.272258714]},"properties":{"height":9.0,"crown_diameter":6.0},"id":""},{"type":"Feature","geometry":{"type":"Point","coordinates":[694034.6955639792,6094137.16218147]},"properties":{"height":9.0,"crown_diameter":6.0},"id":""},{"type":"Feature","geometry":{"type":"Point","coordinates":[694059.1807671651,6094119.752036031]},"properties":{"height":9.0,"crown_diameter":6.0},"id":""},{"type":"Feature","geometry":{"type":"Point","coordinates":[694054.0511384135,6094131.638877574]},"properties":{"height":9.0,"crown_diameter":6.0},"id":""},{"type":"Feature","geometry":{"type":"Point","coordinates":[694074.9773201168,6094126.435212819]},"properties":{"height":9.0,"crown_diameter":6.0},"id":""},{"type":"Feature","geometry":{"type":"Point","coordinates":[694069.5629769218,6094138.560743585]},"properties":{"height":9.0,"crown_diameter":6.0},"id":""},{"type":"Feature","geometry":{"type":"Point","coordinates":[694138.0872448729,6094121.263056796]},"properties":{"height":9.0,"crown_diameter":6.0},"id":""},{"type":"Feature","geometry":{"type":"Point","coordinates":[694134.817605114,6094127.417020023]},"properties":{"height":9.0,"crown_diameter":6.0},"id":""},{"type":"Feature","geometry":{"type":"Point","coordinates":[693952.0699192265,6094207.4587180875]},"properties":{"height":9.0,"crown_diameter":6.0},"id":""},{"type":"Feature","geometry":{"type":"Point","coordinates":[693954.5925649761,6094293.904676849]},"properties":{"height":9.0,"crown_diameter":6.0},"id":""},{"type":"Feature","geometry":{"type":"Point","coordinates":[693985.1304882712,6094173.074087954]},"properties":{"height":9.0,"crown_diameter":6.0},"id":""},{"type":"Feature","geometry":{"type":"Point","coordinates":[693999.5944093177,6094170.6420952715]},"properties":{"height":9.0,"crown_diameter":6.0},"id":""},{"type":"Feature","geometry":{"type":"Point","coordinates":[693964.4625900041,6094205.545734795]},"properties":{"height":9.0,"crown_diameter":6.0},"id":""},{"type":"Feature","geometry":{"type":"Point","coordinates":[693976.3686835016,6094203.708313998]},"properties":{"height":9.0,"crown_diameter":6.0},"id":""},{"type":"Feature","geometry":{"type":"Point","coordinates":[693997.7058852841,6094185.687008361]},"properties":{"height":9.0,"crown_diameter":6.0},"id":""},{"type":"Feature","geometry":{"type":"Point","coordinates":[694012.2653786583,6094197.271209449]},"properties":{"height":9.0,"crown_diameter":6.0},"id":""},{"type":"Feature","geometry":{"type":"Point","coordinates":[693990.4112792322,6094201.545859979]},"properties":{"height":9.0,"crown_diameter":6.0},"id":""},{"type":"Feature","geometry":{"type":"Point","coordinates":[693999.5783175417,6094200.037083363]},"properties":{"height":9.0,"crown_diameter":6.0},"id":""},{"type":"Feature","geometry":{"type":"Point","coordinates":[694042.4862176221,6094155.710401499]},"properties":{"height":9.0,"crown_diameter":6.0},"id":""},{"type":"Feature","geometry":{"type":"Point","coordinates":[694018.8576407844,6094161.176767523]},"properties":{"height":9.0,"crown_diameter":6.0},"id":""},{"type":"Feature","geometry":{"type":"Point","coordinates":[694033.2173063229,6094166.309572909]},"properties":{"height":9.0,"crown_diameter":6.0},"id":""},{"type":"Feature","geometry":{"type":"Point","coordinates":[694048.8554749175,6094143.648063291]},"properties":{"height":9.0,"crown_diameter":6.0},"id":""},{"type":"Feature","geometry":{"type":"Point","coordinates":[694064.0390515828,6094150.911878446]},"properties":{"height":9.0,"crown_diameter":6.0},"id":""},{"type":"Feature","geometry":{"type":"Point","coordinates":[694058.0687072338,6094162.72379004]},"properties":{"height":9.0,"crown_diameter":6.0},"id":""},{"type":"Feature","geometry":{"type":"Point","coordinates":[694051.7195217944,6094171.464850744]},"properties":{"height":9.0,"crown_diameter":6.0},"id":""},{"type":"Feature","geometry":{"type":"Point","coordinates":[694022.9749164213,6094193.710670304]},"properties":{"height":9.0,"crown_diameter":6.0},"id":""},{"type":"Feature","geometry":{"type":"Point","coordinates":[694043.3385900507,6094180.082181867]},"properties":{"height":9.0,"crown_diameter":6.0},"id":""},{"type":"Feature","geometry":{"type":"Point","coordinates":[693972.720511916,6094267.106166939]},"properties":{"height":9.0,"crown_diameter":6.0},"id":""},{"type":"Feature","geometry":{"type":"Point","coordinates":[693979.8566428563,6094265.864343395]},"properties":{"height":9.0,"crown_diameter":6.0},"id":""},{"type":"Feature","geometry":{"type":"Point","coordinates":[693993.7944162156,6094263.43438408]},"properties":{"height":9.0,"crown_diameter":6.0},"id":""},{"type":"Feature","geometry":{"type":"Point","coordinates":[694002.3038000055,6094261.846733412]},"properties":{"height":9.0,"crown_diameter":6.0},"id":""},{"type":"Feature","geometry":{"type":"Point","coordinates":[694009.3614778756,6094260.504250446]},"properties":{"height":9.0,"crown_diameter":6.0},"id":""},{"type":"Feature","geometry":{"type":"Point","coordinates":[694017.2388132564,6094258.96738966]},"properties":{"height":9.0,"crown_diameter":6.0},"id":""},{"type":"Feature","geometry":{"type":"Point","coordinates":[694076.7180536883,6094242.4229344465]},"properties":{"height":9.0,"crown_diameter":6.0},"id":""},{"type":"Feature","geometry":{"type":"Point","coordinates":[694080.6962523223,6094239.769947463]},"properties":{"height":9.0,"crown_diameter":6.0},"id":""},{"type":"Feature","geometry":{"type":"Point","coordinates":[694070.253049868,6094244.720137614]},"properties":{"height":9.0,"crown_diameter":6.0},"id":""},{"type":"Feature","geometry":{"type":"Point","coordinates":[694025.012625829,6094257.228102624]},"properties":{"height":9.0,"crown_diameter":6.0},"id":""},{"type":"Feature","geometry":{"type":"Point","coordinates":[694053.3176665509,6094262.4050511625]},"properties":{"height":9.0,"crown_diameter":6.0},"id":""},{"type":"Feature","geometry":{"type":"Point","coordinates":[694067.2281464979,6094272.533406132]},"properties":{"height":9.0,"crown_diameter":6.0},"id":""},{"type":"Feature","geometry":{"type":"Point","coordinates":[694069.8897017303,6094276.401624912]},"properties":{"height":9.0,"crown_diameter":6.0},"id":""},{"type":"Feature","geometry":{"type":"Point","coordinates":[694072.5661783285,6094288.762344016]},"properties":{"height":9.0,"crown_diameter":6.0},"id":""},{"type":"Feature","geometry":{"type":"Point","coordinates":[693946.7306721963,6094302.90142972]},"properties":{"height":9.0,"crown_diameter":6.0},"id":""},{"type":"Feature","geometry":{"type":"Point","coordinates":[693955.496525439,6094298.694421811]},"properties":{"height":9.0,"crown_diameter":6.0},"id":""},{"type":"Feature","geometry":{"type":"Point","coordinates":[693947.7627884544,6094313.651063239]},"properties":{"height":9.0,"crown_diameter":6.0},"id":""},{"type":"Feature","geometry":{"type":"Point","coordinates":[693950.7069982458,6094333.503540114]},"properties":{"height":9.0,"crown_diameter":6.0},"id":""},{"type":"Feature","geometry":{"type":"Point","coordinates":[693954.1862555766,6094365.111662225]},"properties":{"height":9.0,"crown_diameter":6.0},"id":""},{"type":"Feature","geometry":{"type":"Point","coordinates":[693946.4685624673,6094381.8818606995]},"properties":{"height":9.0,"crown_diameter":6.0},"id":""},{"type":"Feature","geometry":{"type":"Point","coordinates":[694009.4863401378,6094317.374609789]},"properties":{"height":9.0,"crown_diameter":6.0},"id":""},{"type":"Feature","geometry":{"type":"Point","coordinates":[694019.3477895582,6094315.162528134]},"properties":{"height":9.0,"crown_diameter":6.0},"id":""},{"type":"Feature","geometry":{"type":"Point","coordinates":[694049.8390482876,6094317.706484666]},"properties":{"height":9.0,"crown_diameter":6.0},"id":""},{"type":"Feature","geometry":{"type":"Point","coordinates":[694074.6256192377,6094301.871206127]},"properties":{"height":9.0,"crown_diameter":6.0},"id":""},{"type":"Feature","geometry":{"type":"Point","coordinates":[694053.611488554,6094326.406505609]},"properties":{"height":9.0,"crown_diameter":6.0},"id":""},{"type":"Feature","geometry":{"type":"Point","coordinates":[694049.5478208929,6094343.526086163]},"properties":{"height":9.0,"crown_diameter":6.0},"id":""},{"type":"Feature","geometry":{"type":"Point","coordinates":[694064.2596060734,6094334.874869028]},"properties":{"height":9.0,"crown_diameter":6.0},"id":""},{"type":"Feature","geometry":{"type":"Point","coordinates":[694065.1438577443,6094347.609027429]},"properties":{"height":9.0,"crown_diameter":6.0},"id":""},{"type":"Feature","geometry":{"type":"Point","coordinates":[694079.4681536196,6094336.194095222]},"properties":{"height":9.0,"crown_diameter":6.0},"id":""},{"type":"Feature","geometry":{"type":"Point","coordinates":[694067.1305799972,6094361.947332472]},"properties":{"height":9.0,"crown_diameter":6.0},"id":""},{"type":"Feature","geometry":{"type":"Point","coordinates":[694083.9104870334,6094362.907170072]},"properties":{"height":9.0,"crown_diameter":6.0},"id":""},{"type":"Feature","geometry":{"type":"Point","coordinates":[693966.6257506099,6094373.169531331]},"properties":{"height":9.0,"crown_diameter":6.0},"id":""},{"type":"Feature","geometry":{"type":"Point","coordinates":[694070.0895177727,6094372.190396855]},"properties":{"height":9.0,"crown_diameter":6.0},"id":""},{"type":"Feature","geometry":{"type":"Point","coordinates":[694070.3878051252,6094386.0534151485]},"properties":{"height":9.0,"crown_diameter":6.0},"id":""},{"type":"Feature","geometry":{"type":"Point","coordinates":[694126.9463479487,6094144.823262983]},"properties":{"height":9.0,"crown_diameter":6.0},"id":""},{"type":"Feature","geometry":{"type":"Point","coordinates":[694113.3225852418,6094172.111223288]},"properties":{"height":9.0,"crown_diameter":6.0},"id":""},{"type":"Feature","geometry":{"type":"Point","coordinates":[694105.9994918588,6094188.054514468]},"properties":{"height":9.0,"crown_diameter":6.0},"id":""},{"type":"Feature","geometry":{"type":"Point","coordinates":[694097.4643789545,6094205.456406271]},"properties":{"height":9.0,"crown_diameter":6.0},"id":""},{"type":"Feature","geometry":{"type":"Point","coordinates":[694099.7805814145,6094209.9366855975]},"properties":{"height":9.0,"crown_diameter":6.0},"id":""},{"type":"Feature","geometry":{"type":"Point","coordinates":[694106.922823434,6094219.968781626]},"properties":{"height":9.0,"crown_diameter":6.0},"id":""},{"type":"Feature","geometry":{"type":"Point","coordinates":[694097.2907561299,6094243.822035241]},"properties":{"height":9.0,"crown_diameter":6.0},"id":""},{"type":"Feature","geometry":{"type":"Point","coordinates":[694107.8718180715,6094245.277998365]},"properties":{"height":9.0,"crown_diameter":6.0},"id":""},{"type":"Feature","geometry":{"type":"Point","coordinates":[694116.7266709302,6094222.8832867965]},"properties":{"height":9.0,"crown_diameter":6.0},"id":""},{"type":"Feature","geometry":{"type":"Point","coordinates":[694112.7632916374,6094233.312534817]},"properties":{"height":9.0,"crown_diameter":6.0},"id":""},{"type":"Feature","geometry":{"type":"Point","coordinates":[694129.0904293023,6094224.942700123]},"properties":{"height":9.0,"crown_diameter":6.0},"id":""},{"type":"Feature","geometry":{"type":"Point","coordinates":[694119.7992587967,6094249.746760636]},"properties":{"height":9.0,"crown_diameter":6.0},"id":""},{"type":"Feature","geometry":{"type":"Point","coordinates":[694128.5077692191,6094238.98282298]},"properties":{"height":9.0,"crown_diameter":6.0},"id":""},{"type":"Feature","geometry":{"type":"Point","coordinates":[694135.5611810128,6094256.225946585]},"properties":{"height":9.0,"crown_diameter":6.0},"id":""},{"type":"Feature","geometry":{"type":"Point","coordinates":[694159.2850445479,6094247.380569982]},"properties":{"height":9.0,"crown_diameter":6.0},"id":""},{"type":"Feature","geometry":{"type":"Point","coordinates":[694158.4380309437,6094267.91926167]},"properties":{"height":9.0,"crown_diameter":6.0},"id":""},{"type":"Feature","geometry":{"type":"Point","coordinates":[694165.3645943033,6094252.691425396]},"properties":{"height":9.0,"crown_diameter":6.0},"id":""},{"type":"Feature","geometry":{"type":"Point","coordinates":[694173.2528620607,6094256.6238331655]},"properties":{"height":9.0,"crown_diameter":6.0},"id":""},{"type":"Feature","geometry":{"type":"Point","coordinates":[694171.524020613,6094273.404855071]},"properties":{"height":9.0,"crown_diameter":6.0},"id":""},{"type":"Feature","geometry":{"type":"Point","coordinates":[694190.3290278194,6094264.2653028015]},"properties":{"height":9.0,"crown_diameter":6.0},"id":""},{"type":"Feature","geometry":{"type":"Point","coordinates":[694183.4673485832,6094278.608062396]},"properties":{"height":9.0,"crown_diameter":6.0},"id":""},{"type":"Feature","geometry":{"type":"Point","coordinates":[694201.7415838263,6094270.679886648]},"properties":{"height":9.0,"crown_diameter":6.0},"id":""},{"type":"Feature","geometry":{"type":"Point","coordinates":[694194.6415502043,6094284.934766544]},"properties":{"height":9.0,"crown_diameter":6.0},"id":""},{"type":"Feature","geometry":{"type":"Point","coordinates":[694204.0760291338,6094289.466401661]},"properties":{"height":9.0,"crown_diameter":6.0},"id":""},{"type":"Feature","geometry":{"type":"Point","coordinates":[694084.9824018896,6094371.953656258]},"properties":{"height":9.0,"crown_diameter":6.0},"id":""},{"type":"Feature","geometry":{"type":"Point","coordinates":[694085.4585201419,6094378.836270483]},"properties":{"height":9.0,"crown_diameter":6.0},"id":""},{"type":"Feature","geometry":{"type":"Point","coordinates":[693742.7326630831,6094141.085479013]},"properties":{"height":9.0,"crown_diameter":6.0},"id":""},{"type":"Feature","geometry":{"type":"Point","coordinates":[693782.2213576759,6094136.748806045]},"properties":{"height":9.0,"crown_diameter":6.0},"id":""},{"type":"Feature","geometry":{"type":"Point","coordinates":[693622.988854414,6094178.0840300135]},"properties":{"height":9.0,"crown_diameter":6.0},"id":""},{"type":"Feature","geometry":{"type":"Point","coordinates":[693631.9893442447,6094169.528229305]},"properties":{"height":9.0,"crown_diameter":6.0},"id":""},{"type":"Feature","geometry":{"type":"Point","coordinates":[693644.7454427507,6094181.700531617]},"properties":{"height":9.0,"crown_diameter":6.0},"id":""},{"type":"Feature","geometry":{"type":"Point","coordinates":[693715.484146814,6094156.6564521305]},"properties":{"height":9.0,"crown_diameter":6.0},"id":""},{"type":"Feature","geometry":{"type":"Point","coordinates":[693788.105113707,6094155.682361526]},"properties":{"height":9.0,"crown_diameter":6.0},"id":""},{"type":"Feature","geometry":{"type":"Point","coordinates":[693788.9488698012,6094176.845086461]},"properties":{"height":9.0,"crown_diameter":6.0},"id":""},{"type":"Feature","geometry":{"type":"Point","coordinates":[693792.5636080009,6094199.520323206]},"properties":{"height":9.0,"crown_diameter":6.0},"id":""},{"type":"Feature","geometry":{"type":"Point","coordinates":[693795.482582777,6094217.15017326]},"properties":{"height":9.0,"crown_diameter":6.0},"id":""},{"type":"Feature","geometry":{"type":"Point","coordinates":[693802.1676102898,6094246.745301951]},"properties":{"height":9.0,"crown_diameter":6.0},"id":""},{"type":"Feature","geometry":{"type":"Point","coordinates":[693938.5387114462,6094314.2866085]},"properties":{"height":9.0,"crown_diameter":6.0},"id":""},{"type":"Feature","geometry":{"type":"Point","coordinates":[693937.4918249507,6094325.908832606]},"properties":{"height":9.0,"crown_diameter":6.0},"id":""},{"type":"Feature","geometry":{"type":"Point","coordinates":[693941.597448749,6094344.787523956]},"properties":{"height":9.0,"crown_diameter":6.0},"id":""},{"type":"Feature","geometry":{"type":"Point","coordinates":[693832.8286017629,6094495.735843364]},"properties":{"height":9.0,"crown_diameter":6.0},"id":""},{"type":"Feature","geometry":{"type":"Point","coordinates":[693833.4445695333,6094502.745681404]},"properties":{"height":9.0,"crown_diameter":6.0},"id":""},{"type":"Feature","geometry":{"type":"Point","coordinates":[693834.0283689478,6094508.258574828]},"properties":{"height":9.0,"crown_diameter":6.0},"id":""},{"type":"Feature","geometry":{"type":"Point","coordinates":[693835.7995622811,6094518.973723708]},"properties":{"height":9.0,"crown_diameter":6.0},"id":""},{"type":"Feature","geometry":{"type":"Point","coordinates":[693836.9713538019,6094528.06458628]},"properties":{"height":9.0,"crown_diameter":6.0},"id":""},{"type":"Feature","geometry":{"type":"Point","coordinates":[693862.8897438945,6094491.731736682]},"properties":{"height":9.0,"crown_diameter":6.0},"id":""},{"type":"Feature","geometry":{"type":"Point","coordinates":[693864.3458474736,6094501.272289259]},"properties":{"height":9.0,"crown_diameter":6.0},"id":""},{"type":"Feature","geometry":{"type":"Point","coordinates":[693865.7648901974,6094510.153189955]},"properties":{"height":9.0,"crown_diameter":6.0},"id":""},{"type":"Feature","geometry":{"type":"Point","coordinates":[693867.5019490735,6094519.27841164]},"properties":{"height":9.0,"crown_diameter":6.0},"id":""},{"type":"Feature","geometry":{"type":"Point","coordinates":[693838.9016360703,6094536.953107068]},"properties":{"height":9.0,"crown_diameter":6.0},"id":""},{"type":"Feature","geometry":{"type":"Point","coordinates":[693841.255754371,6094556.334574098]},"properties":{"height":9.0,"crown_diameter":6.0},"id":""},{"type":"Feature","geometry":{"type":"Point","coordinates":[693842.3408744815,6094563.166891841]},"properties":{"height":9.0,"crown_diameter":6.0},"id":""},{"type":"Feature","geometry":{"type":"Point","coordinates":[693843.676122155,6094570.989157339]},"properties":{"height":9.0,"crown_diameter":6.0},"id":""},{"type":"Feature","geometry":{"type":"Point","coordinates":[693849.9504105126,6094572.93798615]},"properties":{"height":9.0,"crown_diameter":6.0},"id":""},{"type":"Feature","geometry":{"type":"Point","coordinates":[693852.235217943,6094589.09311704]},"properties":{"height":9.0,"crown_diameter":6.0},"id":""},{"type":"Feature","geometry":{"type":"Point","coordinates":[693848.0578699191,6094597.0431542415]},"properties":{"height":9.0,"crown_diameter":6.0},"id":""},{"type":"Feature","geometry":{"type":"Point","coordinates":[693878.4649299077,6094597.050085528]},"properties":{"height":9.0,"crown_diameter":6.0},"id":""},{"type":"Feature","geometry":{"type":"Point","coordinates":[693902.826419916,6094561.745915344]},"properties":{"height":9.0,"crown_diameter":6.0},"id":""},{"type":"Feature","geometry":{"type":"Point","coordinates":[693911.5294906178,6094560.637915073]},"properties":{"height":9.0,"crown_diameter":6.0},"id":""},{"type":"Feature","geometry":{"type":"Point","coordinates":[693920.4585364675,6094559.041339345]},"properties":{"height":9.0,"crown_diameter":6.0},"id":""},{"type":"Feature","geometry":{"type":"Point","coordinates":[693944.5720150688,6094555.8531936705]},"properties":{"height":9.0,"crown_diameter":6.0},"id":""},{"type":"Feature","geometry":{"type":"Point","coordinates":[693936.1183246826,6094574.9461101275]},"properties":{"height":9.0,"crown_diameter":6.0},"id":""},{"type":"Feature","geometry":{"type":"Point","coordinates":[693851.4075207661,6094618.021787349]},"properties":{"height":9.0,"crown_diameter":6.0},"id":""},{"type":"Feature","geometry":{"type":"Point","coordinates":[693862.6060649931,6094636.478307542]},"properties":{"height":9.0,"crown_diameter":6.0},"id":""},{"type":"Feature","geometry":{"type":"Point","coordinates":[693880.0896974595,6094610.177616589]},"properties":{"height":9.0,"crown_diameter":6.0},"id":""},{"type":"Feature","geometry":{"type":"Point","coordinates":[693881.4303775022,6094618.25091805]},"properties":{"height":9.0,"crown_diameter":6.0},"id":""},{"type":"Feature","geometry":{"type":"Point","coordinates":[693856.3170991561,6094654.436262803]},"properties":{"height":9.0,"crown_diameter":6.0},"id":""},{"type":"Feature","geometry":{"type":"Point","coordinates":[693864.4229937282,6094661.387452256]},"properties":{"height":9.0,"crown_diameter":6.0},"id":""},{"type":"Feature","geometry":{"type":"Point","coordinates":[693885.765173508,6094641.050181743]},"properties":{"height":9.0,"crown_diameter":6.0},"id":""},{"type":"Feature","geometry":{"type":"Point","coordinates":[693054.5840421317,6094562.899265217]},"properties":{"height":9.0,"crown_diameter":6.0},"id":""},{"type":"Feature","geometry":{"type":"Point","coordinates":[693041.9626477496,6094576.964305444]},"properties":{"height":9.0,"crown_diameter":6.0},"id":""},{"type":"Feature","geometry":{"type":"Point","coordinates":[693051.9603992027,6094573.615548626]},"properties":{"height":9.0,"crown_diameter":6.0},"id":""},{"type":"Feature","geometry":{"type":"Point","coordinates":[693074.4851835482,6094542.529737593]},"properties":{"height":9.0,"crown_diameter":6.0},"id":""},{"type":"Feature","geometry":{"type":"Point","coordinates":[693087.2719119843,6094548.665127952]},"properties":{"height":9.0,"crown_diameter":6.0},"id":""},{"type":"Feature","geometry":{"type":"Point","coordinates":[693065.1296035352,6094562.692157314]},"properties":{"height":9.0,"crown_diameter":6.0},"id":""},{"type":"Feature","geometry":{"type":"Point","coordinates":[693059.0762240319,6094577.825902794]},"properties":{"height":9.0,"crown_diameter":6.0},"id":""},{"type":"Feature","geometry":{"type":"Point","coordinates":[693076.4490072292,6094564.068422768]},"properties":{"height":9.0,"crown_diameter":6.0},"id":""},{"type":"Feature","geometry":{"type":"Point","coordinates":[693075.3208326302,6094578.361893047]},"properties":{"height":9.0,"crown_diameter":6.0},"id":""},{"type":"Feature","geometry":{"type":"Point","coordinates":[693084.7465122843,6094575.016042495]},"properties":{"height":9.0,"crown_diameter":6.0},"id":""},{"type":"Feature","geometry":{"type":"Point","coordinates":[693036.3609804434,6094588.25592785]},"properties":{"height":9.0,"crown_diameter":6.0},"id":""},{"type":"Feature","geometry":{"type":"Point","coordinates":[693039.5811842752,6094595.433295625]},"properties":{"height":9.0,"crown_diameter":6.0},"id":""},{"type":"Feature","geometry":{"type":"Point","coordinates":[693045.0643446366,6094604.980760336]},"properties":{"height":9.0,"crown_diameter":6.0},"id":""},{"type":"Feature","geometry":{"type":"Point","coordinates":[693052.9738667414,6094612.057764243]},"properties":{"height":9.0,"crown_diameter":6.0},"id":""},{"type":"Feature","geometry":{"type":"Point","coordinates":[693061.3367790042,6094585.786570188]},"properties":{"height":9.0,"crown_diameter":6.0},"id":""},{"type":"Feature","geometry":{"type":"Point","coordinates":[693061.4718514875,6094593.522971125]},"properties":{"height":9.0,"crown_diameter":6.0},"id":""},{"type":"Feature","geometry":{"type":"Point","coordinates":[693077.0353478729,6094587.896987251]},"properties":{"height":9.0,"crown_diameter":6.0},"id":""},{"type":"Feature","geometry":{"type":"Point","coordinates":[693060.7925065383,6094599.918706389]},"properties":{"height":9.0,"crown_diameter":6.0},"id":""},{"type":"Feature","geometry":{"type":"Point","coordinates":[693068.8280277795,6094608.248774752]},"properties":{"height":9.0,"crown_diameter":6.0},"id":""},{"type":"Feature","geometry":{"type":"Point","coordinates":[693079.1813408472,6094606.185361855]},"properties":{"height":9.0,"crown_diameter":6.0},"id":""},{"type":"Feature","geometry":{"type":"Point","coordinates":[693058.7905980686,6094619.0121175535]},"properties":{"height":9.0,"crown_diameter":6.0},"id":""},{"type":"Feature","geometry":{"type":"Point","coordinates":[693080.5001904897,6094617.905600946]},"properties":{"height":9.0,"crown_diameter":6.0},"id":""},{"type":"Feature","geometry":{"type":"Point","coordinates":[693069.4533188529,6094637.46238056]},"properties":{"height":9.0,"crown_diameter":6.0},"id":""},{"type":"Feature","geometry":{"type":"Point","coordinates":[693062.8742685328,6094649.779557422]},"properties":{"height":9.0,"crown_diameter":6.0},"id":""},{"type":"Feature","geometry":{"type":"Point","coordinates":[693075.0524635754,6094643.872562211]},"properties":{"height":9.0,"crown_diameter":6.0},"id":""},{"type":"Feature","geometry":{"type":"Point","coordinates":[693077.1132543809,6094650.339875186]},"properties":{"height":9.0,"crown_diameter":6.0},"id":""},{"type":"Feature","geometry":{"type":"Point","coordinates":[693128.2326297606,6094502.189608201]},"properties":{"height":9.0,"crown_diameter":6.0},"id":""},{"type":"Feature","geometry":{"type":"Point","coordinates":[693140.2750329381,6094501.708505128]},"properties":{"height":9.0,"crown_diameter":6.0},"id":""},{"type":"Feature","geometry":{"type":"Point","coordinates":[693102.9189152131,6094516.656727819]},"properties":{"height":9.0,"crown_diameter":6.0},"id":""},{"type":"Feature","geometry":{"type":"Point","coordinates":[693117.4556134553,6094510.466617354]},"properties":{"height":9.0,"crown_diameter":6.0},"id":""},{"type":"Feature","geometry":{"type":"Point","coordinates":[693097.1479955461,6094525.738134953]},"properties":{"height":9.0,"crown_diameter":6.0},"id":""},{"type":"Feature","geometry":{"type":"Point","coordinates":[693093.330258833,6094538.042739962]},"properties":{"height":9.0,"crown_diameter":6.0},"id":""},{"type":"Feature","geometry":{"type":"Point","coordinates":[693175.8089109659,6094475.766923849]},"properties":{"height":9.0,"crown_diameter":6.0},"id":""},{"type":"Feature","geometry":{"type":"Point","coordinates":[693153.5220891655,6094491.936756227]},"properties":{"height":9.0,"crown_diameter":6.0},"id":""},{"type":"Feature","geometry":{"type":"Point","coordinates":[693165.4286464707,6094486.53774749]},"properties":{"height":9.0,"crown_diameter":6.0},"id":""},{"type":"Feature","geometry":{"type":"Point","coordinates":[693179.0024749235,6094485.61450469]},"properties":{"height":9.0,"crown_diameter":6.0},"id":""},{"type":"Feature","geometry":{"type":"Point","coordinates":[693167.2027274552,6094499.206343524]},"properties":{"height":9.0,"crown_diameter":6.0},"id":""},{"type":"Feature","geometry":{"type":"Point","coordinates":[693185.5691739683,6094470.9533717]},"properties":{"height":9.0,"crown_diameter":6.0},"id":""},{"type":"Feature","geometry":{"type":"Point","coordinates":[693193.34991836,6094464.182268297]},"properties":{"height":9.0,"crown_diameter":6.0},"id":""},{"type":"Feature","geometry":{"type":"Point","coordinates":[693200.3493140275,6094466.162513765]},"properties":{"height":9.0,"crown_diameter":6.0},"id":""},{"type":"Feature","geometry":{"type":"Point","coordinates":[693208.27408166,6094479.648165857]},"properties":{"height":9.0,"crown_diameter":6.0},"id":""},{"type":"Feature","geometry":{"type":"Point","coordinates":[693196.2354280764,6094490.63128916]},"properties":{"height":9.0,"crown_diameter":6.0},"id":""},{"type":"Feature","geometry":{"type":"Point","coordinates":[693206.7335411803,6094489.2808751855]},"properties":{"height":9.0,"crown_diameter":6.0},"id":""},{"type":"Feature","geometry":{"type":"Point","coordinates":[693214.7690757738,6094472.681335842]},"properties":{"height":9.0,"crown_diameter":6.0},"id":""},{"type":"Feature","geometry":{"type":"Point","coordinates":[693223.370491304,6094488.5524094915]},"properties":{"height":9.0,"crown_diameter":6.0},"id":""},{"type":"Feature","geometry":{"type":"Point","coordinates":[693217.6037995997,6094494.619949611]},"properties":{"height":9.0,"crown_diameter":6.0},"id":""},{"type":"Feature","geometry":{"type":"Point","coordinates":[693231.3875470294,6094484.622636592]},"properties":{"height":9.0,"crown_diameter":6.0},"id":""},{"type":"Feature","geometry":{"type":"Point","coordinates":[693246.175259406,6094496.919402477]},"properties":{"height":9.0,"crown_diameter":6.0},"id":""},{"type":"Feature","geometry":{"type":"Point","coordinates":[693265.605708645,6094494.838024888]},"properties":{"height":9.0,"crown_diameter":6.0},"id":""},{"type":"Feature","geometry":{"type":"Point","coordinates":[693243.6690039684,6094502.7775750365]},"properties":{"height":9.0,"crown_diameter":6.0},"id":""},{"type":"Feature","geometry":{"type":"Point","coordinates":[693255.826525788,6094502.6845373195]},"properties":{"height":9.0,"crown_diameter":6.0},"id":""},{"type":"Feature","geometry":{"type":"Point","coordinates":[693265.1435641588,6094504.242996078]},"properties":{"height":9.0,"crown_diameter":6.0},"id":""},{"type":"Feature","geometry":{"type":"Point","coordinates":[693269.5780850839,6094502.222453903]},"properties":{"height":9.0,"crown_diameter":6.0},"id":""},{"type":"Feature","geometry":{"type":"Point","coordinates":[693267.805798323,6094509.581141011]},"properties":{"height":9.0,"crown_diameter":6.0},"id":""},{"type":"Feature","geometry":{"type":"Point","coordinates":[693267.9945165162,6094518.032659367]},"properties":{"height":9.0,"crown_diameter":6.0},"id":""},{"type":"Feature","geometry":{"type":"Point","coordinates":[693280.2370542241,6094502.682407675]},"properties":{"height":9.0,"crown_diameter":6.0},"id":""},{"type":"Feature","geometry":{"type":"Point","coordinates":[693275.3152226715,6094510.796937257]},"properties":{"height":9.0,"crown_diameter":6.0},"id":""},{"type":"Feature","geometry":{"type":"Point","coordinates":[693301.0032802467,6094524.487902809]},"properties":{"height":9.0,"crown_diameter":6.0},"id":""},{"type":"Feature","geometry":{"type":"Point","coordinates":[693307.6930608768,6094533.730304273]},"properties":{"height":9.0,"crown_diameter":6.0},"id":""},{"type":"Feature","geometry":{"type":"Point","coordinates":[693261.9736448728,6094540.71913174]},"properties":{"height":9.0,"crown_diameter":6.0},"id":""},{"type":"Feature","geometry":{"type":"Point","coordinates":[693266.2257658634,6094544.069782262]},"properties":{"height":9.0,"crown_diameter":6.0},"id":""},{"type":"Feature","geometry":{"type":"Point","coordinates":[693271.106386829,6094537.94678111]},"properties":{"height":9.0,"crown_diameter":6.0},"id":""},{"type":"Feature","geometry":{"type":"Point","coordinates":[693270.8275637347,6094553.059281614]},"properties":{"height":9.0,"crown_diameter":6.0},"id":""},{"type":"Feature","geometry":{"type":"Point","coordinates":[693270.3003436968,6094557.647185899]},"properties":{"height":9.0,"crown_diameter":6.0},"id":""},{"type":"Feature","geometry":{"type":"Point","coordinates":[693271.0141250966,6094570.310582994]},"properties":{"height":9.0,"crown_diameter":6.0},"id":""},{"type":"Feature","geometry":{"type":"Point","coordinates":[693272.9670128558,6094576.008102067]},"properties":{"height":9.0,"crown_diameter":6.0},"id":""},{"type":"Feature","geometry":{"type":"Point","coordinates":[693274.5826878091,6094591.600923087]},"properties":{"height":9.0,"crown_diameter":6.0},"id":""},{"type":"Feature","geometry":{"type":"Point","coordinates":[693272.6287413167,6094601.875042461]},"properties":{"height":9.0,"crown_diameter":6.0},"id":""},{"type":"Feature","geometry":{"type":"Point","coordinates":[693281.9752511466,6094551.759980235]},"properties":{"height":9.0,"crown_diameter":6.0},"id":""},{"type":"Feature","geometry":{"type":"Point","coordinates":[693288.2086298959,6094574.946644862]},"properties":{"height":9.0,"crown_diameter":6.0},"id":""},{"type":"Feature","geometry":{"type":"Point","coordinates":[693308.5251682752,6094539.098358579]},"properties":{"height":9.0,"crown_diameter":6.0},"id":""},{"type":"Feature","geometry":{"type":"Point","coordinates":[693310.7233474753,6094546.985897962]},"properties":{"height":9.0,"crown_diameter":6.0},"id":""},{"type":"Feature","geometry":{"type":"Point","coordinates":[693313.5206466445,6094573.929800668]},"properties":{"height":9.0,"crown_diameter":6.0},"id":""},{"type":"Feature","geometry":{"type":"Point","coordinates":[693317.9826958538,6094566.429738541]},"properties":{"height":9.0,"crown_diameter":6.0},"id":""},{"type":"Feature","geometry":{"type":"Point","coordinates":[693317.4358948162,6094573.306371113]},"properties":{"height":9.0,"crown_diameter":6.0},"id":""},{"type":"Feature","geometry":{"type":"Point","coordinates":[693278.6894342196,6094585.317762576]},"properties":{"height":9.0,"crown_diameter":6.0},"id":""},{"type":"Feature","geometry":{"type":"Point","coordinates":[693281.3944941831,6094591.585192002]},"properties":{"height":9.0,"crown_diameter":6.0},"id":""},{"type":"Feature","geometry":{"type":"Point","coordinates":[693290.6706208421,6094601.553559002]},"properties":{"height":9.0,"crown_diameter":6.0},"id":""},{"type":"Feature","geometry":{"type":"Point","coordinates":[693284.3494705999,6094611.651504948]},"properties":{"height":9.0,"crown_diameter":6.0},"id":""},{"type":"Feature","geometry":{"type":"Point","coordinates":[693291.8109424035,6094608.13357771]},"properties":{"height":9.0,"crown_diameter":6.0},"id":""},{"type":"Feature","geometry":{"type":"Point","coordinates":[693316.8125359715,6094599.74685645]},"properties":{"height":9.0,"crown_diameter":6.0},"id":""},{"type":"Feature","geometry":{"type":"Point","coordinates":[693316.9189446621,6094604.711870784]},"properties":{"height":9.0,"crown_diameter":6.0},"id":""},{"type":"Feature","geometry":{"type":"Point","coordinates":[693091.186296232,6094631.38805391]},"properties":{"height":9.0,"crown_diameter":6.0},"id":""},{"type":"Feature","geometry":{"type":"Point","coordinates":[693096.3807978983,6094637.425501672]},"properties":{"height":9.0,"crown_diameter":6.0},"id":""},{"type":"Feature","geometry":{"type":"Point","coordinates":[693092.8810431489,6094648.551237734]},"properties":{"height":9.0,"crown_diameter":6.0},"id":""},{"type":"Feature","geometry":{"type":"Point","coordinates":[693098.686455826,6094648.203713154]},"properties":{"height":9.0,"crown_diameter":6.0},"id":""},{"type":"Feature","geometry":{"type":"Point","coordinates":[693103.5524872594,6094653.150549002]},"properties":{"height":9.0,"crown_diameter":6.0},"id":""},{"type":"Feature","geometry":{"type":"Point","coordinates":[693096.4245304057,6094669.75843895]},"properties":{"height":9.0,"crown_diameter":6.0},"id":""},{"type":"Feature","geometry":{"type":"Point","coordinates":[693110.984879357,6094658.247085776]},"properties":{"height":9.0,"crown_diameter":6.0},"id":""},{"type":"Feature","geometry":{"type":"Point","coordinates":[693108.2325279443,6094666.156927077]},"properties":{"height":9.0,"crown_diameter":6.0},"id":""},{"type":"Feature","geometry":{"type":"Point","coordinates":[693102.7577598289,6094675.892434228]},"properties":{"height":9.0,"crown_diameter":6.0},"id":""},{"type":"Feature","geometry":{"type":"Point","coordinates":[693121.2292085967,6094678.882929856]},"properties":{"height":9.0,"crown_diameter":6.0},"id":""},{"type":"Feature","geometry":{"type":"Point","coordinates":[693272.2594567712,6094624.514835818]},"properties":{"height":9.0,"crown_diameter":6.0},"id":""},{"type":"Feature","geometry":{"type":"Point","coordinates":[693246.6768994501,6094664.540825652]},"properties":{"height":9.0,"crown_diameter":6.0},"id":""},{"type":"Feature","geometry":{"type":"Point","coordinates":[693239.2866465623,6094672.810530029]},"properties":{"height":9.0,"crown_diameter":6.0},"id":""},{"type":"Feature","geometry":{"type":"Point","coordinates":[693259.4708500918,6094661.0296138]},"properties":{"height":9.0,"crown_diameter":6.0},"id":""},{"type":"Feature","geometry":{"type":"Point","coordinates":[693274.6545129507,6094655.476542039]},"properties":{"height":9.0,"crown_diameter":6.0},"id":""},{"type":"Feature","geometry":{"type":"Point","coordinates":[693274.9059284598,6094667.210337874]},"properties":{"height":9.0,"crown_diameter":6.0},"id":""},{"type":"Feature","geometry":{"type":"Point","coordinates":[693253.1158766489,6094671.332901649]},"properties":{"height":9.0,"crown_diameter":6.0},"id":""},{"type":"Feature","geometry":{"type":"Point","coordinates":[693281.3133166246,6094619.837250898]},"properties":{"height":9.0,"crown_diameter":6.0},"id":""},{"type":"Feature","geometry":{"type":"Point","coordinates":[693281.3874299312,6094623.2960245535]},"properties":{"height":9.0,"crown_diameter":6.0},"id":""},{"type":"Feature","geometry":{"type":"Point","coordinates":[693308.2341010805,6094625.539245338]},"properties":{"height":9.0,"crown_diameter":6.0},"id":""},{"type":"Feature","geometry":{"type":"Point","coordinates":[693289.012462346,6094638.090328261]},"properties":{"height":9.0,"crown_diameter":6.0},"id":""},{"type":"Feature","geometry":{"type":"Point","coordinates":[693282.9454030255,6094647.58749509]},"properties":{"height":9.0,"crown_diameter":6.0},"id":""},{"type":"Feature","geometry":{"type":"Point","coordinates":[693297.6159146688,6094633.040994941]},"properties":{"height":9.0,"crown_diameter":6.0},"id":""},{"type":"Feature","geometry":{"type":"Point","coordinates":[693305.364049377,6094635.423715592]},"properties":{"height":9.0,"crown_diameter":6.0},"id":""},{"type":"Feature","geometry":{"type":"Point","coordinates":[693297.8034043291,6094641.7902047895]},"properties":{"height":9.0,"crown_diameter":6.0},"id":""},{"type":"Feature","geometry":{"type":"Point","coordinates":[693311.1276435986,6094612.835749113]},"properties":{"height":9.0,"crown_diameter":6.0},"id":""},{"type":"Feature","geometry":{"type":"Point","coordinates":[693282.4189599844,6094661.468127891]},"properties":{"height":9.0,"crown_diameter":6.0},"id":""},{"type":"Feature","geometry":{"type":"Point","coordinates":[693350.7783451051,6094505.282055967]},"properties":{"height":9.0,"crown_diameter":6.0},"id":""},{"type":"Feature","geometry":{"type":"Point","coordinates":[693323.6238189432,6094213.2028663745]},"properties":{"height":9.0,"crown_diameter":6.0},"id":""},{"type":"Feature","geometry":{"type":"Point","coordinates":[693328.2202843655,6094212.69504842]},"properties":{"height":9.0,"crown_diameter":6.0},"id":""},{"type":"Feature","geometry":{"type":"Point","coordinates":[693318.6508009046,6094227.10441219]},"properties":{"height":9.0,"crown_diameter":6.0},"id":""},{"type":"Feature","geometry":{"type":"Point","coordinates":[693257.3703996411,6094273.904756193]},"properties":{"height":9.0,"crown_diameter":6.0},"id":""},{"type":"Feature","geometry":{"type":"Point","coordinates":[693287.5167009146,6094250.41290384]},"properties":{"height":9.0,"crown_diameter":6.0},"id":""},{"type":"Feature","geometry":{"type":"Point","coordinates":[693273.165316592,6094262.022450367]},"properties":{"height":9.0,"crown_diameter":6.0},"id":""},{"type":"Feature","geometry":{"type":"Point","coordinates":[693303.0125329173,6094238.816011554]},"properties":{"height":9.0,"crown_diameter":6.0},"id":""},{"type":"Feature","geometry":{"type":"Point","coordinates":[693334.2597263956,6094215.449224282]},"properties":{"height":9.0,"crown_diameter":6.0},"id":""},{"type":"Feature","geometry":{"type":"Point","coordinates":[692559.8274061537,6094356.421997217]},"properties":{"height":9.0,"crown_diameter":6.0},"id":""},{"type":"Feature","geometry":{"type":"Point","coordinates":[692557.0768249067,6094385.512274068]},"properties":{"height":9.0,"crown_diameter":6.0},"id":""},{"type":"Feature","geometry":{"type":"Point","coordinates":[692576.5533948997,6094384.529024298]},"properties":{"height":9.0,"crown_diameter":6.0},"id":""},{"type":"Feature","geometry":{"type":"Point","coordinates":[692583.3884798222,6094395.97338268]},"properties":{"height":9.0,"crown_diameter":6.0},"id":""},{"type":"Feature","geometry":{"type":"Point","coordinates":[692569.8721154475,6094406.726727184]},"properties":{"height":9.0,"crown_diameter":6.0},"id":""},{"type":"Feature","geometry":{"type":"Point","coordinates":[692623.015439926,6094334.831567962]},"properties":{"height":9.0,"crown_diameter":6.0},"id":""},{"type":"Feature","geometry":{"type":"Point","coordinates":[692623.4594736018,6094349.193688001]},"properties":{"height":9.0,"crown_diameter":6.0},"id":""},{"type":"Feature","geometry":{"type":"Point","coordinates":[692601.4899771241,6094364.173987236]},"properties":{"height":9.0,"crown_diameter":6.0},"id":""},{"type":"Feature","geometry":{"type":"Point","coordinates":[692621.5665094696,6094365.568441535]},"properties":{"height":9.0,"crown_diameter":6.0},"id":""},{"type":"Feature","geometry":{"type":"Point","coordinates":[692670.4782091246,6094332.003901352]},"properties":{"height":9.0,"crown_diameter":6.0},"id":""},{"type":"Feature","geometry":{"type":"Point","coordinates":[692687.9419384984,6094361.778647287]},"properties":{"height":9.0,"crown_diameter":6.0},"id":""},{"type":"Feature","geometry":{"type":"Point","coordinates":[692700.3781118935,6094372.95443191]},"properties":{"height":9.0,"crown_diameter":6.0},"id":""},{"type":"Feature","geometry":{"type":"Point","coordinates":[692711.2711779627,6094390.451332783]},"properties":{"height":9.0,"crown_diameter":6.0},"id":""},{"type":"Feature","geometry":{"type":"Point","coordinates":[692818.7867901209,6094383.86526965]},"properties":{"height":9.0,"crown_diameter":6.0},"id":""},{"type":"Feature","geometry":{"type":"Point","coordinates":[692765.0505437782,6094409.403775208]},"properties":{"height":9.0,"crown_diameter":6.0},"id":""},{"type":"Feature","geometry":{"type":"Point","coordinates":[692343.3177652396,6094220.470098574]},"properties":{"height":9.0,"crown_diameter":6.0},"id":""},{"type":"Feature","geometry":{"type":"Point","coordinates":[692345.9614710176,6094226.757675657]},"properties":{"height":9.0,"crown_diameter":6.0},"id":""},{"type":"Feature","geometry":{"type":"Point","coordinates":[692351.4768762512,6094233.570032334]},"properties":{"height":9.0,"crown_diameter":6.0},"id":""},{"type":"Feature","geometry":{"type":"Point","coordinates":[692354.930428596,6094238.128768772]},"properties":{"height":9.0,"crown_diameter":6.0},"id":""},{"type":"Feature","geometry":{"type":"Point","coordinates":[692580.4652708503,6094454.489593977]},"properties":{"height":9.0,"crown_diameter":6.0},"id":""},{"type":"Feature","geometry":{"type":"Point","coordinates":[692523.6641727234,6094521.253376201]},"properties":{"height":9.0,"crown_diameter":6.0},"id":""},{"type":"Feature","geometry":{"type":"Point","coordinates":[692525.132108185,6094510.329402614]},"properties":{"height":9.0,"crown_diameter":6.0},"id":""},{"type":"Feature","geometry":{"type":"Point","coordinates":[692587.742285387,6094422.679496395]},"properties":{"height":9.0,"crown_diameter":6.0},"id":""},{"type":"Feature","geometry":{"type":"Point","coordinates":[692590.7828506038,6094454.687885989]},"properties":{"height":9.0,"crown_diameter":6.0},"id":""},{"type":"Feature","geometry":{"type":"Point","coordinates":[692589.2856267465,6094464.23580561]},"properties":{"height":9.0,"crown_diameter":6.0},"id":""},{"type":"Feature","geometry":{"type":"Point","coordinates":[692694.3347833343,6094431.425766669]},"properties":{"height":9.0,"crown_diameter":6.0},"id":""},{"type":"Feature","geometry":{"type":"Point","coordinates":[692699.2633458412,6094419.320876025]},"properties":{"height":9.0,"crown_diameter":6.0},"id":""},{"type":"Feature","geometry":{"type":"Point","coordinates":[692655.7797774115,6094463.113437014]},"properties":{"height":9.0,"crown_diameter":6.0},"id":""},{"type":"Feature","geometry":{"type":"Point","coordinates":[692668.6392896601,6094458.392395193]},"properties":{"height":9.0,"crown_diameter":6.0},"id":""},{"type":"Feature","geometry":{"type":"Point","coordinates":[692757.2029214576,6094419.12466131]},"properties":{"height":9.0,"crown_diameter":6.0},"id":""},{"type":"Feature","geometry":{"type":"Point","coordinates":[692776.0419481526,6094424.712532064]},"properties":{"height":9.0,"crown_diameter":6.0},"id":""},{"type":"Feature","geometry":{"type":"Point","coordinates":[692592.0607111633,6094509.533124026]},"properties":{"height":9.0,"crown_diameter":6.0},"id":""},{"type":"Feature","geometry":{"type":"Point","coordinates":[692629.1768166274,6094511.177668219]},"properties":{"height":9.0,"crown_diameter":6.0},"id":""},{"type":"Feature","geometry":{"type":"Point","coordinates":[692649.2059978225,6094533.911898259]},"properties":{"height":9.0,"crown_diameter":6.0},"id":""},{"type":"Feature","geometry":{"type":"Point","coordinates":[692656.6861906181,6094490.9070823165]},"properties":{"height":9.0,"crown_diameter":6.0},"id":""},{"type":"Feature","geometry":{"type":"Point","coordinates":[692703.6806259865,6094502.181844517]},"properties":{"height":9.0,"crown_diameter":6.0},"id":""},{"type":"Feature","geometry":{"type":"Point","coordinates":[692666.459592561,6094515.9811836835]},"properties":{"height":9.0,"crown_diameter":6.0},"id":""},{"type":"Feature","geometry":{"type":"Point","coordinates":[692678.6664455569,6094514.9855752345]},"properties":{"height":9.0,"crown_diameter":6.0},"id":""},{"type":"Feature","geometry":{"type":"Point","coordinates":[692812.8793885311,6095068.58266147]},"properties":{"height":9.0,"crown_diameter":6.0},"id":""},{"type":"Feature","geometry":{"type":"Point","coordinates":[692845.5896323739,6095051.009651119]},"properties":{"height":9.0,"crown_diameter":6.0},"id":""},{"type":"Feature","geometry":{"type":"Point","coordinates":[692824.83580533,6095068.327114579]},"properties":{"height":9.0,"crown_diameter":6.0},"id":""},{"type":"Feature","geometry":{"type":"Point","coordinates":[692836.6831569405,6095067.608782543]},"properties":{"height":9.0,"crown_diameter":6.0},"id":""},{"type":"Feature","geometry":{"type":"Point","coordinates":[692853.6629855139,6095050.753351082]},"properties":{"height":9.0,"crown_diameter":6.0},"id":""},{"type":"Feature","geometry":{"type":"Point","coordinates":[692871.8873546405,6095049.294015383]},"properties":{"height":9.0,"crown_diameter":6.0},"id":""},{"type":"Feature","geometry":{"type":"Point","coordinates":[692850.850938624,6095065.166469652]},"properties":{"height":9.0,"crown_diameter":6.0},"id":""},{"type":"Feature","geometry":{"type":"Point","coordinates":[692860.5495327376,6095061.712737264]},"properties":{"height":9.0,"crown_diameter":6.0},"id":""},{"type":"Feature","geometry":{"type":"Point","coordinates":[692855.7300225056,6095070.364316542]},"properties":{"height":9.0,"crown_diameter":6.0},"id":""},{"type":"Feature","geometry":{"type":"Point","coordinates":[692869.638275685,6095068.271696678]},"properties":{"height":9.0,"crown_diameter":6.0},"id":""},{"type":"Feature","geometry":{"type":"Point","coordinates":[692873.5770739327,6095060.531931449]},"properties":{"height":9.0,"crown_diameter":6.0},"id":""},{"type":"Feature","geometry":{"type":"Point","coordinates":[692891.1823359772,6095045.458341589]},"properties":{"height":9.0,"crown_diameter":6.0},"id":""},{"type":"Feature","geometry":{"type":"Point","coordinates":[692884.4234768136,6095057.955928504]},"properties":{"height":9.0,"crown_diameter":6.0},"id":""},{"type":"Feature","geometry":{"type":"Point","coordinates":[692909.3729525988,6095043.134563356]},"properties":{"height":9.0,"crown_diameter":6.0},"id":""},{"type":"Feature","geometry":{"type":"Point","coordinates":[692909.3408368179,6095057.330127329]},"properties":{"height":9.0,"crown_diameter":6.0},"id":""},{"type":"Feature","geometry":{"type":"Point","coordinates":[692881.7661469029,6095078.532987101]},"properties":{"height":9.0,"crown_diameter":6.0},"id":""},{"type":"Feature","geometry":{"type":"Point","coordinates":[692906.6456729539,6095074.708112429]},"properties":{"height":9.0,"crown_diameter":6.0},"id":""},{"type":"Feature","geometry":{"type":"Point","coordinates":[692926.277698524,6095038.829010884]},"properties":{"height":9.0,"crown_diameter":6.0},"id":""},{"type":"Feature","geometry":{"type":"Point","coordinates":[692955.1968655877,6095039.122117036]},"properties":{"height":9.0,"crown_diameter":6.0},"id":""},{"type":"Feature","geometry":{"type":"Point","coordinates":[692933.8163837632,6095050.313917427]},"properties":{"height":9.0,"crown_diameter":6.0},"id":""},{"type":"Feature","geometry":{"type":"Point","coordinates":[692931.4215826113,6095058.9043849325]},"properties":{"height":9.0,"crown_diameter":6.0},"id":""},{"type":"Feature","geometry":{"type":"Point","coordinates":[692919.6868208623,6095060.6064484995]},"properties":{"height":9.0,"crown_diameter":6.0},"id":""},{"type":"Feature","geometry":{"type":"Point","coordinates":[692917.8307575242,6095074.413124059]},"properties":{"height":9.0,"crown_diameter":6.0},"id":""},{"type":"Feature","geometry":{"type":"Point","coordinates":[692953.852322598,6095046.880852981]},"properties":{"height":9.0,"crown_diameter":6.0},"id":""},{"type":"Feature","geometry":{"type":"Point","coordinates":[692943.0375261777,6095056.283947169]},"properties":{"height":9.0,"crown_diameter":6.0},"id":""},{"type":"Feature","geometry":{"type":"Point","coordinates":[692960.391749369,6095044.815465198]},"properties":{"height":9.0,"crown_diameter":6.0},"id":""},{"type":"Feature","geometry":{"type":"Point","coordinates":[692943.7054114412,6095068.2506630225]},"properties":{"height":9.0,"crown_diameter":6.0},"id":""},{"type":"Feature","geometry":{"type":"Point","coordinates":[692954.6005306137,6095067.952528037]},"properties":{"height":9.0,"crown_diameter":6.0},"id":""},{"type":"Feature","geometry":{"type":"Point","coordinates":[692818.7085006855,6095098.24311284]},"properties":{"height":9.0,"crown_diameter":6.0},"id":""},{"type":"Feature","geometry":{"type":"Point","coordinates":[692802.4062743344,6095102.191402497]},"properties":{"height":9.0,"crown_diameter":6.0},"id":""},{"type":"Feature","geometry":{"type":"Point","coordinates":[692814.002042397,6095107.1899135895]},"properties":{"height":9.0,"crown_diameter":6.0},"id":""},{"type":"Feature","geometry":{"type":"Point","coordinates":[692819.6015948309,6095107.191162176]},"properties":{"height":9.0,"crown_diameter":6.0},"id":""},{"type":"Feature","geometry":{"type":"Point","coordinates":[692824.649145073,6095107.06467542]},"properties":{"height":9.0,"crown_diameter":6.0},"id":""},{"type":"Feature","geometry":{"type":"Point","coordinates":[692830.0265922471,6095105.95442347]},"properties":{"height":9.0,"crown_diameter":6.0},"id":""},{"type":"Feature","geometry":{"type":"Point","coordinates":[692833.5554632659,6095105.08832518]},"properties":{"height":9.0,"crown_diameter":6.0},"id":""},{"type":"Feature","geometry":{"type":"Point","coordinates":[692824.7378923945,6095118.355418708]},"properties":{"height":9.0,"crown_diameter":6.0},"id":""},{"type":"Feature","geometry":{"type":"Point","coordinates":[692839.8463336043,6095104.953858351]},"properties":{"height":9.0,"crown_diameter":6.0},"id":""},{"type":"Feature","geometry":{"type":"Point","coordinates":[692844.7855787921,6095102.615796574]},"properties":{"height":9.0,"crown_diameter":6.0},"id":""},{"type":"Feature","geometry":{"type":"Point","coordinates":[692834.9026483647,6095117.077727394]},"properties":{"height":9.0,"crown_diameter":6.0},"id":""},{"type":"Feature","geometry":{"type":"Point","coordinates":[692846.2742610187,6095115.51377058]},"properties":{"height":9.0,"crown_diameter":6.0},"id":""},{"type":"Feature","geometry":{"type":"Point","coordinates":[692800.7886109608,6095123.59268698]},"properties":{"height":9.0,"crown_diameter":6.0},"id":""},{"type":"Feature","geometry":{"type":"Point","coordinates":[692802.7464241746,6095136.313202087]},"properties":{"height":9.0,"crown_diameter":6.0},"id":""},{"type":"Feature","geometry":{"type":"Point","coordinates":[692813.3514209476,6095119.938269537]},"properties":{"height":9.0,"crown_diameter":6.0},"id":""},{"type":"Feature","geometry":{"type":"Point","coordinates":[692815.3088542502,6095132.6401871815]},"properties":{"height":9.0,"crown_diameter":6.0},"id":""},{"type":"Feature","geometry":{"type":"Point","coordinates":[692800.8482818516,6095148.874269677]},"properties":{"height":9.0,"crown_diameter":6.0},"id":""},{"type":"Feature","geometry":{"type":"Point","coordinates":[692807.8810743791,6095146.686831882]},"properties":{"height":9.0,"crown_diameter":6.0},"id":""},{"type":"Feature","geometry":{"type":"Point","coordinates":[692812.6574365676,6095144.222042729]},"properties":{"height":9.0,"crown_diameter":6.0},"id":""},{"type":"Feature","geometry":{"type":"Point","coordinates":[692818.8463481914,6095144.31301957]},"properties":{"height":9.0,"crown_diameter":6.0},"id":""},{"type":"Feature","geometry":{"type":"Point","coordinates":[692812.7850092805,6095150.19120582]},"properties":{"height":9.0,"crown_diameter":6.0},"id":""},{"type":"Feature","geometry":{"type":"Point","coordinates":[692818.9518673352,6095149.250131168]},"properties":{"height":9.0,"crown_diameter":6.0},"id":""},{"type":"Feature","geometry":{"type":"Point","coordinates":[692826.6879151136,6095131.066795321]},"properties":{"height":9.0,"crown_diameter":6.0},"id":""},{"type":"Feature","geometry":{"type":"Point","coordinates":[692843.5327564396,6095128.232409395]},"properties":{"height":9.0,"crown_diameter":6.0},"id":""},{"type":"Feature","geometry":{"type":"Point","coordinates":[692830.4017557012,6095144.9218272865]},"properties":{"height":9.0,"crown_diameter":6.0},"id":""},{"type":"Feature","geometry":{"type":"Point","coordinates":[692824.0202788862,6095148.313925596]},"properties":{"height":9.0,"crown_diameter":6.0},"id":""},{"type":"Feature","geometry":{"type":"Point","coordinates":[692830.9200649445,6095148.8268951215]},"properties":{"height":9.0,"crown_diameter":6.0},"id":""},{"type":"Feature","geometry":{"type":"Point","coordinates":[692836.2608562419,6095141.717627947]},"properties":{"height":9.0,"crown_diameter":6.0},"id":""},{"type":"Feature","geometry":{"type":"Point","coordinates":[692841.51333706,6095140.470511407]},"properties":{"height":9.0,"crown_diameter":6.0},"id":""},{"type":"Feature","geometry":{"type":"Point","coordinates":[692837.2121273775,6095146.9622327]},"properties":{"height":9.0,"crown_diameter":6.0},"id":""},{"type":"Feature","geometry":{"type":"Point","coordinates":[692841.9163615496,6095146.833773966]},"properties":{"height":9.0,"crown_diameter":6.0},"id":""},{"type":"Feature","geometry":{"type":"Point","coordinates":[692811.3002590273,6095161.748126167]},"properties":{"height":9.0,"crown_diameter":6.0},"id":""},{"type":"Feature","geometry":{"type":"Point","coordinates":[692811.8517692088,6095166.136189397]},"properties":{"height":9.0,"crown_diameter":6.0},"id":""},{"type":"Feature","geometry":{"type":"Point","coordinates":[692823.236779246,6095161.269766331]},"properties":{"height":9.0,"crown_diameter":6.0},"id":""},{"type":"Feature","geometry":{"type":"Point","coordinates":[692835.5822120826,6095161.00589864]},"properties":{"height":9.0,"crown_diameter":6.0},"id":""},{"type":"Feature","geometry":{"type":"Point","coordinates":[692845.8271420208,6095165.261180757]},"properties":{"height":9.0,"crown_diameter":6.0},"id":""},{"type":"Feature","geometry":{"type":"Point","coordinates":[692860.7171521136,6095093.819702456]},"properties":{"height":9.0,"crown_diameter":6.0},"id":""},{"type":"Feature","geometry":{"type":"Point","coordinates":[692868.9516013461,6095081.113853553]},"properties":{"height":9.0,"crown_diameter":6.0},"id":""},{"type":"Feature","geometry":{"type":"Point","coordinates":[692871.53213024,6095097.979047375]},"properties":{"height":9.0,"crown_diameter":6.0},"id":""},{"type":"Feature","geometry":{"type":"Point","coordinates":[692878.2051280884,6095097.5201155795]},"properties":{"height":9.0,"crown_diameter":6.0},"id":""},{"type":"Feature","geometry":{"type":"Point","coordinates":[692851.768778716,6095101.322374709]},"properties":{"height":9.0,"crown_diameter":6.0},"id":""},{"type":"Feature","geometry":{"type":"Point","coordinates":[692865.6126097566,6095100.49621514]},"properties":{"height":9.0,"crown_diameter":6.0},"id":""},{"type":"Feature","geometry":{"type":"Point","coordinates":[692871.6516752506,6095111.0644242335]},"properties":{"height":9.0,"crown_diameter":6.0},"id":""},{"type":"Feature","geometry":{"type":"Point","coordinates":[692886.5136588744,6095096.486693637]},"properties":{"height":9.0,"crown_diameter":6.0},"id":""},{"type":"Feature","geometry":{"type":"Point","coordinates":[692911.3461619209,6095086.179309364]},"properties":{"height":9.0,"crown_diameter":6.0},"id":""},{"type":"Feature","geometry":{"type":"Point","coordinates":[692906.4741596293,6095095.585503347]},"properties":{"height":9.0,"crown_diameter":6.0},"id":""},{"type":"Feature","geometry":{"type":"Point","coordinates":[692884.7027192113,6095108.125023838]},"properties":{"height":9.0,"crown_diameter":6.0},"id":""},{"type":"Feature","geometry":{"type":"Point","coordinates":[692898.0173759742,6095106.454343598]},"properties":{"height":9.0,"crown_diameter":6.0},"id":""},{"type":"Feature","geometry":{"type":"Point","coordinates":[692908.1361502756,6095106.237981335]},"properties":{"height":9.0,"crown_diameter":6.0},"id":""},{"type":"Feature","geometry":{"type":"Point","coordinates":[692902.5959278849,6095112.5794933755]},"properties":{"height":9.0,"crown_diameter":6.0},"id":""},{"type":"Feature","geometry":{"type":"Point","coordinates":[692909.2334649261,6095111.888747117]},"properties":{"height":9.0,"crown_diameter":6.0},"id":""},{"type":"Feature","geometry":{"type":"Point","coordinates":[692854.9118090597,6095126.658981503]},"properties":{"height":9.0,"crown_diameter":6.0},"id":""},{"type":"Feature","geometry":{"type":"Point","coordinates":[692863.7808279444,6095119.725427075]},"properties":{"height":9.0,"crown_diameter":6.0},"id":""},{"type":"Feature","geometry":{"type":"Point","coordinates":[692869.0990659352,6095118.700135961]},"properties":{"height":9.0,"crown_diameter":6.0},"id":""},{"type":"Feature","geometry":{"type":"Point","coordinates":[692877.3145133179,6095122.58947886]},"properties":{"height":9.0,"crown_diameter":6.0},"id":""},{"type":"Feature","geometry":{"type":"Point","coordinates":[692866.7448944461,6095135.2615363635]},"properties":{"height":9.0,"crown_diameter":6.0},"id":""},{"type":"Feature","geometry":{"type":"Point","coordinates":[692870.9738237602,6095135.738551969]},"properties":{"height":9.0,"crown_diameter":6.0},"id":""},{"type":"Feature","geometry":{"type":"Point","coordinates":[692879.453614663,6095133.436403793]},"properties":{"height":9.0,"crown_diameter":6.0},"id":""},{"type":"Feature","geometry":{"type":"Point","coordinates":[692851.6167363964,6095138.105778963]},"properties":{"height":9.0,"crown_diameter":6.0},"id":""},{"type":"Feature","geometry":{"type":"Point","coordinates":[692857.9093278733,6095139.478190146]},"properties":{"height":9.0,"crown_diameter":6.0},"id":""},{"type":"Feature","geometry":{"type":"Point","coordinates":[692851.8299830197,6095145.226561217]},"properties":{"height":9.0,"crown_diameter":6.0},"id":""},{"type":"Feature","geometry":{"type":"Point","coordinates":[692858.0690946406,6095145.167605992]},"properties":{"height":9.0,"crown_diameter":6.0},"id":""},{"type":"Feature","geometry":{"type":"Point","coordinates":[692859.0516376584,6095152.588211483]},"properties":{"height":9.0,"crown_diameter":6.0},"id":""},{"type":"Feature","geometry":{"type":"Point","coordinates":[692866.9191415268,6095143.769152619]},"properties":{"height":9.0,"crown_diameter":6.0},"id":""},{"type":"Feature","geometry":{"type":"Point","coordinates":[692871.1276733031,6095142.935020689]},"properties":{"height":9.0,"crown_diameter":6.0},"id":""},{"type":"Feature","geometry":{"type":"Point","coordinates":[692887.4457873704,6095121.172913913]},"properties":{"height":9.0,"crown_diameter":6.0},"id":""},{"type":"Feature","geometry":{"type":"Point","coordinates":[692885.6580433594,6095133.182828207]},"properties":{"height":9.0,"crown_diameter":6.0},"id":""},{"type":"Feature","geometry":{"type":"Point","coordinates":[692892.1033727459,6095132.421788917]},"properties":{"height":9.0,"crown_diameter":6.0},"id":""},{"type":"Feature","geometry":{"type":"Point","coordinates":[692898.8174003965,6095119.608890748]},"properties":{"height":9.0,"crown_diameter":6.0},"id":""},{"type":"Feature","geometry":{"type":"Point","coordinates":[692897.7067490632,6095130.460183302]},"properties":{"height":9.0,"crown_diameter":6.0},"id":""},{"type":"Feature","geometry":{"type":"Point","coordinates":[692907.853165399,6095127.6107617505]},"properties":{"height":9.0,"crown_diameter":6.0},"id":""},{"type":"Feature","geometry":{"type":"Point","coordinates":[692903.330436218,6095137.29784583]},"properties":{"height":9.0,"crown_diameter":6.0},"id":""},{"type":"Feature","geometry":{"type":"Point","coordinates":[692907.2184598439,6095150.730538743]},"properties":{"height":9.0,"crown_diameter":6.0},"id":""},{"type":"Feature","geometry":{"type":"Point","coordinates":[692924.6911761641,6095082.005695658]},"properties":{"height":9.0,"crown_diameter":6.0},"id":""},{"type":"Feature","geometry":{"type":"Point","coordinates":[692920.1259318964,6095090.772801018]},"properties":{"height":9.0,"crown_diameter":6.0},"id":""},{"type":"Feature","geometry":{"type":"Point","coordinates":[692913.1768849854,6095092.949238084]},"properties":{"height":9.0,"crown_diameter":6.0},"id":""},{"type":"Feature","geometry":{"type":"Point","coordinates":[692938.605792801,6095081.280230409]},"properties":{"height":9.0,"crown_diameter":6.0},"id":""},{"type":"Feature","geometry":{"type":"Point","coordinates":[692941.4488570854,6095086.158798756]},"properties":{"height":9.0,"crown_diameter":6.0},"id":""},{"type":"Feature","geometry":{"type":"Point","coordinates":[692929.5430338269,6095090.208639674]},"properties":{"height":9.0,"crown_diameter":6.0},"id":""},{"type":"Feature","geometry":{"type":"Point","coordinates":[692920.2672420825,6095102.732172472]},"properties":{"height":9.0,"crown_diameter":6.0},"id":""},{"type":"Feature","geometry":{"type":"Point","coordinates":[692916.9047915663,6095111.380534029]},"properties":{"height":9.0,"crown_diameter":6.0},"id":""},{"type":"Feature","geometry":{"type":"Point","coordinates":[692924.362566728,6095115.155808702]},"properties":{"height":9.0,"crown_diameter":6.0},"id":""},{"type":"Feature","geometry":{"type":"Point","coordinates":[692932.3459737703,6095103.19942783]},"properties":{"height":9.0,"crown_diameter":6.0},"id":""},{"type":"Feature","geometry":{"type":"Point","coordinates":[692943.0877973684,6095098.941928113]},"properties":{"height":9.0,"crown_diameter":6.0},"id":""},{"type":"Feature","geometry":{"type":"Point","coordinates":[692930.4425226259,6095108.01206869]},"properties":{"height":9.0,"crown_diameter":6.0},"id":""},{"type":"Feature","geometry":{"type":"Point","coordinates":[692935.7183215518,6095113.564171276]},"properties":{"height":9.0,"crown_diameter":6.0},"id":""},{"type":"Feature","geometry":{"type":"Point","coordinates":[692948.1789085781,6095080.16389326]},"properties":{"height":9.0,"crown_diameter":6.0},"id":""},{"type":"Feature","geometry":{"type":"Point","coordinates":[692956.6599482624,6095079.349964213]},"properties":{"height":9.0,"crown_diameter":6.0},"id":""},{"type":"Feature","geometry":{"type":"Point","coordinates":[692947.3467196472,6095104.032066786]},"properties":{"height":9.0,"crown_diameter":6.0},"id":""},{"type":"Feature","geometry":{"type":"Point","coordinates":[692954.578391886,6095098.305489581]},"properties":{"height":9.0,"crown_diameter":6.0},"id":""},{"type":"Feature","geometry":{"type":"Point","coordinates":[692947.0973469,6095111.990625672]},"properties":{"height":9.0,"crown_diameter":6.0},"id":""},{"type":"Feature","geometry":{"type":"Point","coordinates":[692959.6484039873,6095111.712884247]},"properties":{"height":9.0,"crown_diameter":6.0},"id":""},{"type":"Feature","geometry":{"type":"Point","coordinates":[692912.9909617235,6095116.719864484]},"properties":{"height":9.0,"crown_diameter":6.0},"id":""},{"type":"Feature","geometry":{"type":"Point","coordinates":[692916.4396139093,6095126.729505557]},"properties":{"height":9.0,"crown_diameter":6.0},"id":""},{"type":"Feature","geometry":{"type":"Point","coordinates":[692914.5209903913,6095135.114440447]},"properties":{"height":9.0,"crown_diameter":6.0},"id":""},{"type":"Feature","geometry":{"type":"Point","coordinates":[692921.6775413891,6095126.94306888]},"properties":{"height":9.0,"crown_diameter":6.0},"id":""},{"type":"Feature","geometry":{"type":"Point","coordinates":[692927.2763150487,6095126.907060142]},"properties":{"height":9.0,"crown_diameter":6.0},"id":""},{"type":"Feature","geometry":{"type":"Point","coordinates":[692927.4027608748,6095133.890170509]},"properties":{"height":9.0,"crown_diameter":6.0},"id":""},{"type":"Feature","geometry":{"type":"Point","coordinates":[692932.961581455,6095123.780928623]},"properties":{"height":9.0,"crown_diameter":6.0},"id":""},{"type":"Feature","geometry":{"type":"Point","coordinates":[692940.6604972207,6095123.848831023]},"properties":{"height":9.0,"crown_diameter":6.0},"id":""},{"type":"Feature","geometry":{"type":"Point","coordinates":[692930.8801180111,6095132.755377496]},"properties":{"height":9.0,"crown_diameter":6.0},"id":""},{"type":"Feature","geometry":{"type":"Point","coordinates":[692938.261233096,6095132.588226187]},"properties":{"height":9.0,"crown_diameter":6.0},"id":""},{"type":"Feature","geometry":{"type":"Point","coordinates":[692926.4160427699,6095147.324778652]},"properties":{"height":9.0,"crown_diameter":6.0},"id":""},{"type":"Feature","geometry":{"type":"Point","coordinates":[692929.197281438,6095149.311746269]},"properties":{"height":9.0,"crown_diameter":6.0},"id":""},{"type":"Feature","geometry":{"type":"Point","coordinates":[692924.2618062461,6095151.8265114445]},"properties":{"height":9.0,"crown_diameter":6.0},"id":""},{"type":"Feature","geometry":{"type":"Point","coordinates":[692939.4807271386,6095143.594338413]},"properties":{"height":9.0,"crown_diameter":6.0},"id":""},{"type":"Feature","geometry":{"type":"Point","coordinates":[692945.163869766,6095124.673419187]},"properties":{"height":9.0,"crown_diameter":6.0},"id":""},{"type":"Feature","geometry":{"type":"Point","coordinates":[692953.4953812899,6095121.146504432]},"properties":{"height":9.0,"crown_diameter":6.0},"id":""},{"type":"Feature","geometry":{"type":"Point","coordinates":[692959.3754871403,6095122.13698259]},"properties":{"height":9.0,"crown_diameter":6.0},"id":""},{"type":"Feature","geometry":{"type":"Point","coordinates":[692945.5918930164,6095131.8454228155]},"properties":{"height":9.0,"crown_diameter":6.0},"id":""},{"type":"Feature","geometry":{"type":"Point","coordinates":[692952.4353343057,6095130.080509834]},"properties":{"height":9.0,"crown_diameter":6.0},"id":""},{"type":"Feature","geometry":{"type":"Point","coordinates":[692958.635592463,6095128.56189855]},"properties":{"height":9.0,"crown_diameter":6.0},"id":""},{"type":"Feature","geometry":{"type":"Point","coordinates":[692964.1125499979,6095130.677238856]},"properties":{"height":9.0,"crown_diameter":6.0},"id":""},{"type":"Feature","geometry":{"type":"Point","coordinates":[692951.8282153319,6095140.930345613]},"properties":{"height":9.0,"crown_diameter":6.0},"id":""},{"type":"Feature","geometry":{"type":"Point","coordinates":[692953.719406569,6095153.735984544]},"properties":{"height":9.0,"crown_diameter":6.0},"id":""},{"type":"Feature","geometry":{"type":"Point","coordinates":[692854.9205954373,6095158.118196677]},"properties":{"height":9.0,"crown_diameter":6.0},"id":""},{"type":"Feature","geometry":{"type":"Point","coordinates":[692901.3023268661,6095176.242234873]},"properties":{"height":9.0,"crown_diameter":6.0},"id":""},{"type":"Feature","geometry":{"type":"Point","coordinates":[692919.0900362091,6095163.9832146615]},"properties":{"height":9.0,"crown_diameter":6.0},"id":""},{"type":"Feature","geometry":{"type":"Point","coordinates":[692943.4832391848,6095158.810558051]},"properties":{"height":9.0,"crown_diameter":6.0},"id":""},{"type":"Feature","geometry":{"type":"Point","coordinates":[692930.2386989736,6095176.962973801]},"properties":{"height":9.0,"crown_diameter":6.0},"id":""},{"type":"Feature","geometry":{"type":"Point","coordinates":[692959.6595342206,6095166.092246303]},"properties":{"height":9.0,"crown_diameter":6.0},"id":""},{"type":"Feature","geometry":{"type":"Point","coordinates":[692969.3314545825,6095030.494479567]},"properties":{"height":9.0,"crown_diameter":6.0},"id":""},{"type":"Feature","geometry":{"type":"Point","coordinates":[692967.1631398115,6095065.721100926]},"properties":{"height":9.0,"crown_diameter":6.0},"id":""},{"type":"Feature","geometry":{"type":"Point","coordinates":[692972.7800662824,6095076.521527038]},"properties":{"height":9.0,"crown_diameter":6.0},"id":""},{"type":"Feature","geometry":{"type":"Point","coordinates":[692983.2101156279,6095031.658019784]},"properties":{"height":9.0,"crown_diameter":6.0},"id":""},{"type":"Feature","geometry":{"type":"Point","coordinates":[692997.0890530352,6095027.128695155]},"properties":{"height":9.0,"crown_diameter":6.0},"id":""},{"type":"Feature","geometry":{"type":"Point","coordinates":[693004.4399111962,6095038.031538927]},"properties":{"height":9.0,"crown_diameter":6.0},"id":""},{"type":"Feature","geometry":{"type":"Point","coordinates":[693012.1165390258,6095026.007221989]},"properties":{"height":9.0,"crown_diameter":6.0},"id":""},{"type":"Feature","geometry":{"type":"Point","coordinates":[693006.4192931512,6095033.561428838]},"properties":{"height":9.0,"crown_diameter":6.0},"id":""},{"type":"Feature","geometry":{"type":"Point","coordinates":[693012.2953723634,6095034.3659151085]},"properties":{"height":9.0,"crown_diameter":6.0},"id":""},{"type":"Feature","geometry":{"type":"Point","coordinates":[693034.8152363452,6095033.288747762]},"properties":{"height":9.0,"crown_diameter":6.0},"id":""},{"type":"Feature","geometry":{"type":"Point","coordinates":[692979.9004014173,6095040.984330776]},"properties":{"height":9.0,"crown_diameter":6.0},"id":""},{"type":"Feature","geometry":{"type":"Point","coordinates":[692975.0507676619,6095052.5016488]},"properties":{"height":9.0,"crown_diameter":6.0},"id":""},{"type":"Feature","geometry":{"type":"Point","coordinates":[692986.9775392206,6095049.7907861965]},"properties":{"height":9.0,"crown_diameter":6.0},"id":""},{"type":"Feature","geometry":{"type":"Point","coordinates":[692997.2182583305,6095049.57171135]},"properties":{"height":9.0,"crown_diameter":6.0},"id":""},{"type":"Feature","geometry":{"type":"Point","coordinates":[692977.0269321575,6095062.859036554]},"properties":{"height":9.0,"crown_diameter":6.0},"id":""},{"type":"Feature","geometry":{"type":"Point","coordinates":[692988.1898605259,6095061.885386394]},"properties":{"height":9.0,"crown_diameter":6.0},"id":""},{"type":"Feature","geometry":{"type":"Point","coordinates":[692978.5130146422,6095076.696560998]},"properties":{"height":9.0,"crown_diameter":6.0},"id":""},{"type":"Feature","geometry":{"type":"Point","coordinates":[692984.2909900537,6095075.410210831]},"properties":{"height":9.0,"crown_diameter":6.0},"id":""},{"type":"Feature","geometry":{"type":"Point","coordinates":[692989.7583141979,6095075.293255033]},"properties":{"height":9.0,"crown_diameter":6.0},"id":""},{"type":"Feature","geometry":{"type":"Point","coordinates":[693001.8144891246,6095060.086990327]},"properties":{"height":9.0,"crown_diameter":6.0},"id":""},{"type":"Feature","geometry":{"type":"Point","coordinates":[692995.1699433732,6095073.642653785]},"properties":{"height":9.0,"crown_diameter":6.0},"id":""},{"type":"Feature","geometry":{"type":"Point","coordinates":[693002.070952028,6095072.788066275]},"properties":{"height":9.0,"crown_diameter":6.0},"id":""},{"type":"Feature","geometry":{"type":"Point","coordinates":[693012.6501173258,6095044.171960184]},"properties":{"height":9.0,"crown_diameter":6.0},"id":""},{"type":"Feature","geometry":{"type":"Point","coordinates":[693022.2369815031,6095043.343610033]},"properties":{"height":9.0,"crown_diameter":6.0},"id":""},{"type":"Feature","geometry":{"type":"Point","coordinates":[693032.5622349634,6095042.797115066]},"properties":{"height":9.0,"crown_diameter":6.0},"id":""},{"type":"Feature","geometry":{"type":"Point","coordinates":[693025.6072356822,6095056.815246992]},"properties":{"height":9.0,"crown_diameter":6.0},"id":""},{"type":"Feature","geometry":{"type":"Point","coordinates":[693011.8057085384,6095059.259303833]},"properties":{"height":9.0,"crown_diameter":6.0},"id":""},{"type":"Feature","geometry":{"type":"Point","coordinates":[693009.6852876561,6095072.113554776]},"properties":{"height":9.0,"crown_diameter":6.0},"id":""},{"type":"Feature","geometry":{"type":"Point","coordinates":[693023.5912721966,6095072.411364571]},"properties":{"height":9.0,"crown_diameter":6.0},"id":""},{"type":"Feature","geometry":{"type":"Point","coordinates":[693062.1932106323,6095016.461550257]},"properties":{"height":9.0,"crown_diameter":6.0},"id":""},{"type":"Feature","geometry":{"type":"Point","coordinates":[693044.5664165658,6095021.60139299]},"properties":{"height":9.0,"crown_diameter":6.0},"id":""},{"type":"Feature","geometry":{"type":"Point","coordinates":[693054.9268328453,6095029.4724523425]},"properties":{"height":9.0,"crown_diameter":6.0},"id":""},{"type":"Feature","geometry":{"type":"Point","coordinates":[693083.1866468434,6095013.928600808]},"properties":{"height":9.0,"crown_diameter":6.0},"id":""},{"type":"Feature","geometry":{"type":"Point","coordinates":[693078.6716447903,6095030.024722078]},"properties":{"height":9.0,"crown_diameter":6.0},"id":""},{"type":"Feature","geometry":{"type":"Point","coordinates":[693094.7426090436,6095023.122822318]},"properties":{"height":9.0,"crown_diameter":6.0},"id":""},{"type":"Feature","geometry":{"type":"Point","coordinates":[693039.0906406371,6095041.643503283]},"properties":{"height":9.0,"crown_diameter":6.0},"id":""},{"type":"Feature","geometry":{"type":"Point","coordinates":[693049.8218113808,6095039.0325549245]},"properties":{"height":9.0,"crown_diameter":6.0},"id":""},{"type":"Feature","geometry":{"type":"Point","coordinates":[693063.613762985,6095038.281611139]},"properties":{"height":9.0,"crown_diameter":6.0},"id":""},{"type":"Feature","geometry":{"type":"Point","coordinates":[693054.3825772962,6095052.8786951825]},"properties":{"height":9.0,"crown_diameter":6.0},"id":""},{"type":"Feature","geometry":{"type":"Point","coordinates":[693065.9410738009,6095051.496495577]},"properties":{"height":9.0,"crown_diameter":6.0},"id":""},{"type":"Feature","geometry":{"type":"Point","coordinates":[693039.4865061061,6095065.848203867]},"properties":{"height":9.0,"crown_diameter":6.0},"id":""},{"type":"Feature","geometry":{"type":"Point","coordinates":[693046.3125169531,6095065.7672548015]},"properties":{"height":9.0,"crown_diameter":6.0},"id":""},{"type":"Feature","geometry":{"type":"Point","coordinates":[693051.0555007334,6095065.312284233]},"properties":{"height":9.0,"crown_diameter":6.0},"id":""},{"type":"Feature","geometry":{"type":"Point","coordinates":[693050.4564457095,6095071.185379468]},"properties":{"height":9.0,"crown_diameter":6.0},"id":""},{"type":"Feature","geometry":{"type":"Point","coordinates":[693057.3608689508,6095064.786668706]},"properties":{"height":9.0,"crown_diameter":6.0},"id":""},{"type":"Feature","geometry":{"type":"Point","coordinates":[693062.8532468161,6095063.701721331]},"properties":{"height":9.0,"crown_diameter":6.0},"id":""},{"type":"Feature","geometry":{"type":"Point","coordinates":[693055.1918070165,6095070.730570016]},"properties":{"height":9.0,"crown_diameter":6.0},"id":""},{"type":"Feature","geometry":{"type":"Point","coordinates":[693061.4971789876,6095070.204951754]},"properties":{"height":9.0,"crown_diameter":6.0},"id":""},{"type":"Feature","geometry":{"type":"Point","coordinates":[693066.9895598631,6095069.120001992]},"properties":{"height":9.0,"crown_diameter":6.0},"id":""},{"type":"Feature","geometry":{"type":"Point","coordinates":[693075.6798527976,6095050.636931773]},"properties":{"height":9.0,"crown_diameter":6.0},"id":""},{"type":"Feature","geometry":{"type":"Point","coordinates":[693088.0724612246,6095039.395305883]},"properties":{"height":9.0,"crown_diameter":6.0},"id":""},{"type":"Feature","geometry":{"type":"Point","coordinates":[693088.6576096562,6095046.061638246]},"properties":{"height":9.0,"crown_diameter":6.0},"id":""},{"type":"Feature","geometry":{"type":"Point","coordinates":[693068.4906317063,6095061.906713212]},"properties":{"height":9.0,"crown_diameter":6.0},"id":""},{"type":"Feature","geometry":{"type":"Point","coordinates":[693076.4235465927,6095059.36492121]},"properties":{"height":9.0,"crown_diameter":6.0},"id":""},{"type":"Feature","geometry":{"type":"Point","coordinates":[693081.9173845872,6095059.061300968]},"properties":{"height":9.0,"crown_diameter":6.0},"id":""},{"type":"Feature","geometry":{"type":"Point","coordinates":[693072.634572846,6095067.324828222]},"properties":{"height":9.0,"crown_diameter":6.0},"id":""},{"type":"Feature","geometry":{"type":"Point","coordinates":[693077.9387707438,6095066.002046253]},"properties":{"height":9.0,"crown_diameter":6.0},"id":""},{"type":"Feature","geometry":{"type":"Point","coordinates":[693083.4402380661,6095065.698262064]},"properties":{"height":9.0,"crown_diameter":6.0},"id":""},{"type":"Feature","geometry":{"type":"Point","coordinates":[693087.6872515348,6095058.1099295635]},"properties":{"height":9.0,"crown_diameter":6.0},"id":""},{"type":"Feature","geometry":{"type":"Point","coordinates":[693089.1948586702,6095064.747216278]},"properties":{"height":9.0,"crown_diameter":6.0},"id":""},{"type":"Feature","geometry":{"type":"Point","coordinates":[693093.7771166649,6095057.495880304]},"properties":{"height":9.0,"crown_diameter":6.0},"id":""},{"type":"Feature","geometry":{"type":"Point","coordinates":[693095.2923535533,6095064.133002982]},"properties":{"height":9.0,"crown_diameter":6.0},"id":""},{"type":"Feature","geometry":{"type":"Point","coordinates":[692964.0123380686,6095086.401770669]},"properties":{"height":9.0,"crown_diameter":6.0},"id":""},{"type":"Feature","geometry":{"type":"Point","coordinates":[692967.4242618134,6095105.035153415]},"properties":{"height":9.0,"crown_diameter":6.0},"id":""},{"type":"Feature","geometry":{"type":"Point","coordinates":[692964.8318951961,6095122.57839833]},"properties":{"height":9.0,"crown_diameter":6.0},"id":""},{"type":"Feature","geometry":{"type":"Point","coordinates":[692964.5554227482,6095141.039517341]},"properties":{"height":9.0,"crown_diameter":6.0},"id":""},{"type":"Feature","geometry":{"type":"Point","coordinates":[692965.5857078363,6095152.114789087]},"properties":{"height":9.0,"crown_diameter":6.0},"id":""},{"type":"Feature","geometry":{"type":"Point","coordinates":[692974.4890778956,6095161.412411352]},"properties":{"height":9.0,"crown_diameter":6.0},"id":""},{"type":"Feature","geometry":{"type":"Point","coordinates":[692967.7669771166,6095183.118272018]},"properties":{"height":9.0,"crown_diameter":6.0},"id":""},{"type":"Feature","geometry":{"type":"Point","coordinates":[692978.9620161715,6095084.491351807]},"properties":{"height":9.0,"crown_diameter":6.0},"id":""},{"type":"Feature","geometry":{"type":"Point","coordinates":[692984.4293456799,6095084.374399475]},"properties":{"height":9.0,"crown_diameter":6.0},"id":""},{"type":"Feature","geometry":{"type":"Point","coordinates":[692989.8409812097,6095082.723801717]},"properties":{"height":9.0,"crown_diameter":6.0},"id":""},{"type":"Feature","geometry":{"type":"Point","coordinates":[692983.4437994004,6095093.223099429]},"properties":{"height":9.0,"crown_diameter":6.0},"id":""},{"type":"Feature","geometry":{"type":"Point","coordinates":[692996.7343718322,6095081.869381737]},"properties":{"height":9.0,"crown_diameter":6.0},"id":""},{"type":"Feature","geometry":{"type":"Point","coordinates":[693004.3563405599,6095081.194711955]},"properties":{"height":9.0,"crown_diameter":6.0},"id":""},{"type":"Feature","geometry":{"type":"Point","coordinates":[692995.5190138307,6095093.1694318075]},"properties":{"height":9.0,"crown_diameter":6.0},"id":""},{"type":"Feature","geometry":{"type":"Point","coordinates":[692982.8830011857,6095105.523064842]},"properties":{"height":9.0,"crown_diameter":6.0},"id":""},{"type":"Feature","geometry":{"type":"Point","coordinates":[692995.6703791594,6095100.245032083]},"properties":{"height":9.0,"crown_diameter":6.0},"id":""},{"type":"Feature","geometry":{"type":"Point","coordinates":[693006.0786470686,6095100.366541389]},"properties":{"height":9.0,"crown_diameter":6.0},"id":""},{"type":"Feature","geometry":{"type":"Point","coordinates":[693021.1765199386,6095078.639573548]},"properties":{"height":9.0,"crown_diameter":6.0},"id":""},{"type":"Feature","geometry":{"type":"Point","coordinates":[693006.9200890647,6095089.418663597]},"properties":{"height":9.0,"crown_diameter":6.0},"id":""},{"type":"Feature","geometry":{"type":"Point","coordinates":[693019.5977642698,6095088.998597594]},"properties":{"height":9.0,"crown_diameter":6.0},"id":""},{"type":"Feature","geometry":{"type":"Point","coordinates":[693019.7039919968,6095093.963605197]},"properties":{"height":9.0,"crown_diameter":6.0},"id":""},{"type":"Feature","geometry":{"type":"Point","coordinates":[693025.2231781761,6095092.347893253]},"properties":{"height":9.0,"crown_diameter":6.0},"id":""},{"type":"Feature","geometry":{"type":"Point","coordinates":[693033.5972111167,6095092.95008949]},"properties":{"height":9.0,"crown_diameter":6.0},"id":""},{"type":"Feature","geometry":{"type":"Point","coordinates":[693021.1043439782,6095112.705126785]},"properties":{"height":9.0,"crown_diameter":6.0},"id":""},{"type":"Feature","geometry":{"type":"Point","coordinates":[693029.8731828218,6095110.722220131]},"properties":{"height":9.0,"crown_diameter":6.0},"id":""},{"type":"Feature","geometry":{"type":"Point","coordinates":[693037.6141961613,6095109.905446272]},"properties":{"height":9.0,"crown_diameter":6.0},"id":""},{"type":"Feature","geometry":{"type":"Point","coordinates":[692994.225036385,6095123.26124591]},"properties":{"height":9.0,"crown_diameter":6.0},"id":""},{"type":"Feature","geometry":{"type":"Point","coordinates":[692999.1153990998,6095115.073172189]},"properties":{"height":9.0,"crown_diameter":6.0},"id":""},{"type":"Feature","geometry":{"type":"Point","coordinates":[693004.2351573273,6095122.600604437]},"properties":{"height":9.0,"crown_diameter":6.0},"id":""},{"type":"Feature","geometry":{"type":"Point","coordinates":[693004.0177889478,6095133.4793179035]},"properties":{"height":9.0,"crown_diameter":6.0},"id":""},{"type":"Feature","geometry":{"type":"Point","coordinates":[692977.6312184277,6095138.899428045]},"properties":{"height":9.0,"crown_diameter":6.0},"id":""},{"type":"Feature","geometry":{"type":"Point","coordinates":[692979.4557483362,6095150.0135222785]},"properties":{"height":9.0,"crown_diameter":6.0},"id":""},{"type":"Feature","geometry":{"type":"Point","coordinates":[692982.1889253234,6095152.606133727]},"properties":{"height":9.0,"crown_diameter":6.0},"id":""},{"type":"Feature","geometry":{"type":"Point","coordinates":[693005.8000473275,6095144.398970805]},"properties":{"height":9.0,"crown_diameter":6.0},"id":""},{"type":"Feature","geometry":{"type":"Point","coordinates":[693010.9942405211,6095120.10259086]},"properties":{"height":9.0,"crown_diameter":6.0},"id":""},{"type":"Feature","geometry":{"type":"Point","coordinates":[693021.8116476448,6095120.447880918]},"properties":{"height":9.0,"crown_diameter":6.0},"id":""},{"type":"Feature","geometry":{"type":"Point","coordinates":[693016.3836832015,6095132.033405935]},"properties":{"height":9.0,"crown_diameter":6.0},"id":""},{"type":"Feature","geometry":{"type":"Point","coordinates":[693031.1547780094,6095117.49457792]},"properties":{"height":9.0,"crown_diameter":6.0},"id":""},{"type":"Feature","geometry":{"type":"Point","coordinates":[693026.5804025054,6095131.536184455]},"properties":{"height":9.0,"crown_diameter":6.0},"id":""},{"type":"Feature","geometry":{"type":"Point","coordinates":[693037.2787359769,6095131.307279112]},"properties":{"height":9.0,"crown_diameter":6.0},"id":""},{"type":"Feature","geometry":{"type":"Point","coordinates":[693019.1372250767,6095141.639295837]},"properties":{"height":9.0,"crown_diameter":6.0},"id":""},{"type":"Feature","geometry":{"type":"Point","coordinates":[693031.1759044342,6095140.944526786]},"properties":{"height":9.0,"crown_diameter":6.0},"id":""},{"type":"Feature","geometry":{"type":"Point","coordinates":[693026.7102526479,6095149.728162989]},"properties":{"height":9.0,"crown_diameter":6.0},"id":""},{"type":"Feature","geometry":{"type":"Point","coordinates":[693039.6571739914,6095084.876494601]},"properties":{"height":9.0,"crown_diameter":6.0},"id":""},{"type":"Feature","geometry":{"type":"Point","coordinates":[693040.3375701173,6095091.717527892]},"properties":{"height":9.0,"crown_diameter":6.0},"id":""},{"type":"Feature","geometry":{"type":"Point","coordinates":[693048.2207309809,6095091.483729785]},"properties":{"height":9.0,"crown_diameter":6.0},"id":""},{"type":"Feature","geometry":{"type":"Point","coordinates":[693052.8426198,6095083.943207027]},"properties":{"height":9.0,"crown_diameter":6.0},"id":""},{"type":"Feature","geometry":{"type":"Point","coordinates":[693061.270212698,6095082.414067162]},"properties":{"height":9.0,"crown_diameter":6.0},"id":""},{"type":"Feature","geometry":{"type":"Point","coordinates":[693053.4043389542,6095091.298390944]},"properties":{"height":9.0,"crown_diameter":6.0},"id":""},{"type":"Feature","geometry":{"type":"Point","coordinates":[693060.1689636271,6095090.13040922]},"properties":{"height":9.0,"crown_diameter":6.0},"id":""},{"type":"Feature","geometry":{"type":"Point","coordinates":[693041.5683776292,6095097.542164978]},"properties":{"height":9.0,"crown_diameter":6.0},"id":""},{"type":"Feature","geometry":{"type":"Point","coordinates":[693046.0577239846,6095106.980677707]},"properties":{"height":9.0,"crown_diameter":6.0},"id":""},{"type":"Feature","geometry":{"type":"Point","coordinates":[693056.279221416,6095107.999120716]},"properties":{"height":9.0,"crown_diameter":6.0},"id":""},{"type":"Feature","geometry":{"type":"Point","coordinates":[693060.9659636151,6095113.470740212]},"properties":{"height":9.0,"crown_diameter":6.0},"id":""},{"type":"Feature","geometry":{"type":"Point","coordinates":[693063.5654867815,6095105.182817984]},"properties":{"height":9.0,"crown_diameter":6.0},"id":""},{"type":"Feature","geometry":{"type":"Point","coordinates":[693078.6890654627,6095079.315793686]},"properties":{"height":9.0,"crown_diameter":6.0},"id":""},{"type":"Feature","geometry":{"type":"Point","coordinates":[693078.9354705135,6095089.403219655]},"properties":{"height":9.0,"crown_diameter":6.0},"id":""},{"type":"Feature","geometry":{"type":"Point","coordinates":[693091.3429945563,6095079.2124031]},"properties":{"height":9.0,"crown_diameter":6.0},"id":""},{"type":"Feature","geometry":{"type":"Point","coordinates":[693091.8966145283,6095089.395576532]},"properties":{"height":9.0,"crown_diameter":6.0},"id":""},{"type":"Feature","geometry":{"type":"Point","coordinates":[693085.2792291373,6095103.146074113]},"properties":{"height":9.0,"crown_diameter":6.0},"id":""},{"type":"Feature","geometry":{"type":"Point","coordinates":[693093.522044157,6095094.765265128]},"properties":{"height":9.0,"crown_diameter":6.0},"id":""},{"type":"Feature","geometry":{"type":"Point","coordinates":[693092.7049673356,6095112.549626467]},"properties":{"height":9.0,"crown_diameter":6.0},"id":""},{"type":"Feature","geometry":{"type":"Point","coordinates":[693044.6361940943,6095114.703869911]},"properties":{"height":9.0,"crown_diameter":6.0},"id":""},{"type":"Feature","geometry":{"type":"Point","coordinates":[693050.4295622848,6095128.039932059]},"properties":{"height":9.0,"crown_diameter":6.0},"id":""},{"type":"Feature","geometry":{"type":"Point","coordinates":[693066.0053673753,6095125.083449601]},"properties":{"height":9.0,"crown_diameter":6.0},"id":""},{"type":"Feature","geometry":{"type":"Point","coordinates":[693050.8334413706,6095145.844666667]},"properties":{"height":9.0,"crown_diameter":6.0},"id":""},{"type":"Feature","geometry":{"type":"Point","coordinates":[693062.7083747778,6095137.497792937]},"properties":{"height":9.0,"crown_diameter":6.0},"id":""},{"type":"Feature","geometry":{"type":"Point","coordinates":[693058.5786126852,6095148.785805799]},"properties":{"height":9.0,"crown_diameter":6.0},"id":""},{"type":"Feature","geometry":{"type":"Point","coordinates":[693065.170893699,6095149.900507371]},"properties":{"height":9.0,"crown_diameter":6.0},"id":""},{"type":"Feature","geometry":{"type":"Point","coordinates":[693100.0986800516,6095120.456232528]},"properties":{"height":9.0,"crown_diameter":6.0},"id":""},{"type":"Feature","geometry":{"type":"Point","coordinates":[693089.8921120937,6095123.344369825]},"properties":{"height":9.0,"crown_diameter":6.0},"id":""},{"type":"Feature","geometry":{"type":"Point","coordinates":[693092.3301623948,6095131.394254197]},"properties":{"height":9.0,"crown_diameter":6.0},"id":""},{"type":"Feature","geometry":{"type":"Point","coordinates":[693098.5473543118,6095141.7166643385]},"properties":{"height":9.0,"crown_diameter":6.0},"id":""},{"type":"Feature","geometry":{"type":"Point","coordinates":[692984.2477996981,6095161.836206518]},"properties":{"height":9.0,"crown_diameter":6.0},"id":""},{"type":"Feature","geometry":{"type":"Point","coordinates":[692984.3723029821,6095167.656607638]},"properties":{"height":9.0,"crown_diameter":6.0},"id":""},{"type":"Feature","geometry":{"type":"Point","coordinates":[693001.5807540646,6095160.777073569]},"properties":{"height":9.0,"crown_diameter":6.0},"id":""},{"type":"Feature","geometry":{"type":"Point","coordinates":[692992.0981353623,6095182.532708842]},"properties":{"height":9.0,"crown_diameter":6.0},"id":""},{"type":"Feature","geometry":{"type":"Point","coordinates":[692992.3696453667,6095188.805764265]},"properties":{"height":9.0,"crown_diameter":6.0},"id":""},{"type":"Feature","geometry":{"type":"Point","coordinates":[693017.6778688562,6095165.781359719]},"properties":{"height":9.0,"crown_diameter":6.0},"id":""},{"type":"Feature","geometry":{"type":"Point","coordinates":[693035.1062241507,6095152.422847036]},"properties":{"height":9.0,"crown_diameter":6.0},"id":""},{"type":"Feature","geometry":{"type":"Point","coordinates":[693036.1530427774,6095164.6233072]},"properties":{"height":9.0,"crown_diameter":6.0},"id":""},{"type":"Feature","geometry":{"type":"Point","coordinates":[693017.7747412446,6095182.07642936]},"properties":{"height":9.0,"crown_diameter":6.0},"id":""},{"type":"Feature","geometry":{"type":"Point","coordinates":[693028.0179963334,6095178.7597015295]},"properties":{"height":9.0,"crown_diameter":6.0},"id":""},{"type":"Feature","geometry":{"type":"Point","coordinates":[692990.2926061007,6095194.775581698]},"properties":{"height":9.0,"crown_diameter":6.0},"id":""},{"type":"Feature","geometry":{"type":"Point","coordinates":[693006.0559712244,6095204.503155502]},"properties":{"height":9.0,"crown_diameter":6.0},"id":""},{"type":"Feature","geometry":{"type":"Point","coordinates":[693020.3160443662,6095194.598392675]},"properties":{"height":9.0,"crown_diameter":6.0},"id":""},{"type":"Feature","geometry":{"type":"Point","coordinates":[693030.1814368194,6095202.145207521]},"properties":{"height":9.0,"crown_diameter":6.0},"id":""},{"type":"Feature","geometry":{"type":"Point","coordinates":[693047.691717606,6095160.525373648]},"properties":{"height":9.0,"crown_diameter":6.0},"id":""},{"type":"Feature","geometry":{"type":"Point","coordinates":[693058.1688123578,6095158.868668]},"properties":{"height":9.0,"crown_diameter":6.0},"id":""},{"type":"Feature","geometry":{"type":"Point","coordinates":[693068.1101981673,6095155.707184103]},"properties":{"height":9.0,"crown_diameter":6.0},"id":""},{"type":"Feature","geometry":{"type":"Point","coordinates":[693068.9202012944,6095166.1081182575]},"properties":{"height":9.0,"crown_diameter":6.0},"id":""},{"type":"Feature","geometry":{"type":"Point","coordinates":[693040.6184818142,6095177.578499695]},"properties":{"height":9.0,"crown_diameter":6.0},"id":""},{"type":"Feature","geometry":{"type":"Point","coordinates":[693040.0878333608,6095182.371093868]},"properties":{"height":9.0,"crown_diameter":6.0},"id":""},{"type":"Feature","geometry":{"type":"Point","coordinates":[693058.4750260081,6095175.317396801]},"properties":{"height":9.0,"crown_diameter":6.0},"id":""},{"type":"Feature","geometry":{"type":"Point","coordinates":[693058.3090769644,6095179.683597388]},"properties":{"height":9.0,"crown_diameter":6.0},"id":""},{"type":"Feature","geometry":{"type":"Point","coordinates":[693057.1979837164,6095185.158359747]},"properties":{"height":9.0,"crown_diameter":6.0},"id":""},{"type":"Feature","geometry":{"type":"Point","coordinates":[693084.1201818134,6095164.480539056]},"properties":{"height":9.0,"crown_diameter":6.0},"id":""},{"type":"Feature","geometry":{"type":"Point","coordinates":[693098.4232599121,6095160.155938856]},"properties":{"height":9.0,"crown_diameter":6.0},"id":""},{"type":"Feature","geometry":{"type":"Point","coordinates":[693086.5532360388,6095169.088781986]},"properties":{"height":9.0,"crown_diameter":6.0},"id":""},{"type":"Feature","geometry":{"type":"Point","coordinates":[693057.6854975865,6095190.115208471]},"properties":{"height":9.0,"crown_diameter":6.0},"id":""},{"type":"Feature","geometry":{"type":"Point","coordinates":[693058.5400204412,6095194.040980937]},"properties":{"height":9.0,"crown_diameter":6.0},"id":""},{"type":"Feature","geometry":{"type":"Point","coordinates":[693127.0742797316,6094973.641578225]},"properties":{"height":9.0,"crown_diameter":6.0},"id":""},{"type":"Feature","geometry":{"type":"Point","coordinates":[693139.9161794663,6094969.497003712]},"properties":{"height":9.0,"crown_diameter":6.0},"id":""},{"type":"Feature","geometry":{"type":"Point","coordinates":[693199.9981175342,6094994.711983614]},"properties":{"height":9.0,"crown_diameter":6.0},"id":""},{"type":"Feature","geometry":{"type":"Point","coordinates":[693121.6434184778,6095014.658872635]},"properties":{"height":9.0,"crown_diameter":6.0},"id":""},{"type":"Feature","geometry":{"type":"Point","coordinates":[693106.328181808,6095021.581854115]},"properties":{"height":9.0,"crown_diameter":6.0},"id":""},{"type":"Feature","geometry":{"type":"Point","coordinates":[693100.1237050041,6095029.314419266]},"properties":{"height":9.0,"crown_diameter":6.0},"id":""},{"type":"Feature","geometry":{"type":"Point","coordinates":[693112.9168976302,6095031.087023191]},"properties":{"height":9.0,"crown_diameter":6.0},"id":""},{"type":"Feature","geometry":{"type":"Point","coordinates":[693124.2043601645,6095029.16172861]},"properties":{"height":9.0,"crown_diameter":6.0},"id":""},{"type":"Feature","geometry":{"type":"Point","coordinates":[693132.6453225771,6095025.409046245]},"properties":{"height":9.0,"crown_diameter":6.0},"id":""},{"type":"Feature","geometry":{"type":"Point","coordinates":[693147.6519015831,6095023.311080642]},"properties":{"height":9.0,"crown_diameter":6.0},"id":""},{"type":"Feature","geometry":{"type":"Point","coordinates":[693099.591840635,6095046.878732845]},"properties":{"height":9.0,"crown_diameter":6.0},"id":""},{"type":"Feature","geometry":{"type":"Point","coordinates":[693124.4722679199,6095041.676527087]},"properties":{"height":9.0,"crown_diameter":6.0},"id":""},{"type":"Feature","geometry":{"type":"Point","coordinates":[693118.3031331801,6095054.980264141]},"properties":{"height":9.0,"crown_diameter":6.0},"id":""},{"type":"Feature","geometry":{"type":"Point","coordinates":[693126.3366757579,6095051.794432798]},"properties":{"height":9.0,"crown_diameter":6.0},"id":""},{"type":"Feature","geometry":{"type":"Point","coordinates":[693099.8471534024,6095056.668304635]},"properties":{"height":9.0,"crown_diameter":6.0},"id":""},{"type":"Feature","geometry":{"type":"Point","coordinates":[693104.9276333606,6095056.299101694]},"properties":{"height":9.0,"crown_diameter":6.0},"id":""},{"type":"Feature","geometry":{"type":"Point","coordinates":[693101.3547694518,6095063.305589704]},"properties":{"height":9.0,"crown_diameter":6.0},"id":""},{"type":"Feature","geometry":{"type":"Point","coordinates":[693106.4428784308,6095062.936222855]},"properties":{"height":9.0,"crown_diameter":6.0},"id":""},{"type":"Feature","geometry":{"type":"Point","coordinates":[693111.6295706411,6095055.411482001]},"properties":{"height":9.0,"crown_diameter":6.0},"id":""},{"type":"Feature","geometry":{"type":"Point","coordinates":[693113.1371953422,6095062.048765477]},"properties":{"height":9.0,"crown_diameter":6.0},"id":""},{"type":"Feature","geometry":{"type":"Point","coordinates":[693119.8107628106,6095061.617546709]},"properties":{"height":9.0,"crown_diameter":6.0},"id":""},{"type":"Feature","geometry":{"type":"Point","coordinates":[693127.8519363179,6095058.431551053]},"properties":{"height":9.0,"crown_diameter":6.0},"id":""},{"type":"Feature","geometry":{"type":"Point","coordinates":[693135.6925084225,6095039.817772142]},"properties":{"height":9.0,"crown_diameter":6.0},"id":""},{"type":"Feature","geometry":{"type":"Point","coordinates":[693150.0921985777,6095037.16537261]},"properties":{"height":9.0,"crown_diameter":6.0},"id":""},{"type":"Feature","geometry":{"type":"Point","coordinates":[693138.9094638282,6095055.385616695]},"properties":{"height":9.0,"crown_diameter":6.0},"id":""},{"type":"Feature","geometry":{"type":"Point","coordinates":[693141.3652013029,6095069.2488814555]},"properties":{"height":9.0,"crown_diameter":6.0},"id":""},{"type":"Feature","geometry":{"type":"Point","coordinates":[693152.2958217612,6095057.4245297]},"properties":{"height":9.0,"crown_diameter":6.0},"id":""},{"type":"Feature","geometry":{"type":"Point","coordinates":[693154.751779361,6095071.29708945]},"properties":{"height":9.0,"crown_diameter":6.0},"id":""},{"type":"Feature","geometry":{"type":"Point","coordinates":[693162.386974853,6095003.545038808]},"properties":{"height":9.0,"crown_diameter":6.0},"id":""},{"type":"Feature","geometry":{"type":"Point","coordinates":[693178.6244787078,6095000.862540517]},"properties":{"height":9.0,"crown_diameter":6.0},"id":""},{"type":"Feature","geometry":{"type":"Point","coordinates":[693170.7472799118,6095022.035209384]},"properties":{"height":9.0,"crown_diameter":6.0},"id":""},{"type":"Feature","geometry":{"type":"Point","coordinates":[693178.9981852613,6095018.31445773]},"properties":{"height":9.0,"crown_diameter":6.0},"id":""},{"type":"Feature","geometry":{"type":"Point","coordinates":[693185.7588603209,6095031.927395794]},"properties":{"height":9.0,"crown_diameter":6.0},"id":""},{"type":"Feature","geometry":{"type":"Point","coordinates":[693203.0282813131,6095002.265457336]},"properties":{"height":9.0,"crown_diameter":6.0},"id":""},{"type":"Feature","geometry":{"type":"Point","coordinates":[693212.3257425498,6095007.517329779]},"properties":{"height":9.0,"crown_diameter":6.0},"id":""},{"type":"Feature","geometry":{"type":"Point","coordinates":[693194.1555850478,6095018.985190533]},"properties":{"height":9.0,"crown_diameter":6.0},"id":""},{"type":"Feature","geometry":{"type":"Point","coordinates":[693200.7665025922,6095017.411100879]},"properties":{"height":9.0,"crown_diameter":6.0},"id":""},{"type":"Feature","geometry":{"type":"Point","coordinates":[693195.1542797213,6095031.065751857]},"properties":{"height":9.0,"crown_diameter":6.0},"id":""},{"type":"Feature","geometry":{"type":"Point","coordinates":[693207.5594912407,6095027.544371033]},"properties":{"height":9.0,"crown_diameter":6.0},"id":""},{"type":"Feature","geometry":{"type":"Point","coordinates":[693207.8410016977,6095020.38507587]},"properties":{"height":9.0,"crown_diameter":6.0},"id":""},{"type":"Feature","geometry":{"type":"Point","coordinates":[693173.1353670123,6095046.987942003]},"properties":{"height":9.0,"crown_diameter":6.0},"id":""},{"type":"Feature","geometry":{"type":"Point","coordinates":[693182.4053175342,6095051.310232297]},"properties":{"height":9.0,"crown_diameter":6.0},"id":""},{"type":"Feature","geometry":{"type":"Point","coordinates":[693174.01618892,6095061.75931523]},"properties":{"height":9.0,"crown_diameter":6.0},"id":""},{"type":"Feature","geometry":{"type":"Point","coordinates":[693188.7823228632,6095062.680292562]},"properties":{"height":9.0,"crown_diameter":6.0},"id":""},{"type":"Feature","geometry":{"type":"Point","coordinates":[693194.161359508,6095048.109740294]},"properties":{"height":9.0,"crown_diameter":6.0},"id":""},{"type":"Feature","geometry":{"type":"Point","coordinates":[693205.2307457163,6095045.975068096]},"properties":{"height":9.0,"crown_diameter":6.0},"id":""},{"type":"Feature","geometry":{"type":"Point","coordinates":[693215.6155569601,6095037.1668792665]},"properties":{"height":9.0,"crown_diameter":6.0},"id":""},{"type":"Feature","geometry":{"type":"Point","coordinates":[693222.7419944808,6095042.921040589]},"properties":{"height":9.0,"crown_diameter":6.0},"id":""},{"type":"Feature","geometry":{"type":"Point","coordinates":[693200.516402959,6095061.303462433]},"properties":{"height":9.0,"crown_diameter":6.0},"id":""},{"type":"Feature","geometry":{"type":"Point","coordinates":[693211.3196581793,6095059.5651686285]},"properties":{"height":9.0,"crown_diameter":6.0},"id":""},{"type":"Feature","geometry":{"type":"Point","coordinates":[693214.3339566214,6095071.007230747]},"properties":{"height":9.0,"crown_diameter":6.0},"id":""},{"type":"Feature","geometry":{"type":"Point","coordinates":[693251.1093506505,6094988.603443598]},"properties":{"height":9.0,"crown_diameter":6.0},"id":""},{"type":"Feature","geometry":{"type":"Point","coordinates":[693257.3017647967,6094988.861475413]},"properties":{"height":9.0,"crown_diameter":6.0},"id":""},{"type":"Feature","geometry":{"type":"Point","coordinates":[693269.0657793172,6094994.227887901]},"properties":{"height":9.0,"crown_diameter":6.0},"id":""},{"type":"Feature","geometry":{"type":"Point","coordinates":[693270.0793943107,6094984.922735368]},"properties":{"height":9.0,"crown_diameter":6.0},"id":""},{"type":"Feature","geometry":{"type":"Point","coordinates":[693279.7483590628,6094991.13399332]},"properties":{"height":9.0,"crown_diameter":6.0},"id":""},{"type":"Feature","geometry":{"type":"Point","coordinates":[693291.6921508585,6094979.966795782]},"properties":{"height":9.0,"crown_diameter":6.0},"id":""},{"type":"Feature","geometry":{"type":"Point","coordinates":[693305.3515619438,6094978.018352201]},"properties":{"height":9.0,"crown_diameter":6.0},"id":""},{"type":"Feature","geometry":{"type":"Point","coordinates":[693317.6585549302,6094977.038375328]},"properties":{"height":9.0,"crown_diameter":6.0},"id":""},{"type":"Feature","geometry":{"type":"Point","coordinates":[693327.3444153268,6094985.816586411]},"properties":{"height":9.0,"crown_diameter":6.0},"id":""},{"type":"Feature","geometry":{"type":"Point","coordinates":[693246.6894624145,6095006.632456193]},"properties":{"height":9.0,"crown_diameter":6.0},"id":""},{"type":"Feature","geometry":{"type":"Point","coordinates":[693250.973906514,6095013.619530153]},"properties":{"height":9.0,"crown_diameter":6.0},"id":""},{"type":"Feature","geometry":{"type":"Point","coordinates":[693230.6391489943,6095025.533822579]},"properties":{"height":9.0,"crown_diameter":6.0},"id":""},{"type":"Feature","geometry":{"type":"Point","coordinates":[693234.551662182,6095029.403385425]},"properties":{"height":9.0,"crown_diameter":6.0},"id":""},{"type":"Feature","geometry":{"type":"Point","coordinates":[693259.5053601867,6095001.985958304]},"properties":{"height":9.0,"crown_diameter":6.0},"id":""},{"type":"Feature","geometry":{"type":"Point","coordinates":[693267.0421081379,6095005.526711512]},"properties":{"height":9.0,"crown_diameter":6.0},"id":""},{"type":"Feature","geometry":{"type":"Point","coordinates":[693282.0288477584,6095006.777678719]},"properties":{"height":9.0,"crown_diameter":6.0},"id":""},{"type":"Feature","geometry":{"type":"Point","coordinates":[693255.5808915182,6095018.925325812]},"properties":{"height":9.0,"crown_diameter":6.0},"id":""},{"type":"Feature","geometry":{"type":"Point","coordinates":[693259.5681888111,6095024.504851726]},"properties":{"height":9.0,"crown_diameter":6.0},"id":""},{"type":"Feature","geometry":{"type":"Point","coordinates":[693266.906892053,6095025.566203885]},"properties":{"height":9.0,"crown_diameter":6.0},"id":""},{"type":"Feature","geometry":{"type":"Point","coordinates":[693263.5778556878,6095030.772247904]},"properties":{"height":9.0,"crown_diameter":6.0},"id":""},{"type":"Feature","geometry":{"type":"Point","coordinates":[693282.2255732167,6095015.247623917]},"properties":{"height":9.0,"crown_diameter":6.0},"id":""},{"type":"Feature","geometry":{"type":"Point","coordinates":[693271.3804785206,6095030.698111415]},"properties":{"height":9.0,"crown_diameter":6.0},"id":""},{"type":"Feature","geometry":{"type":"Point","coordinates":[693225.1152807387,6095039.037769482]},"properties":{"height":9.0,"crown_diameter":6.0},"id":""},{"type":"Feature","geometry":{"type":"Point","coordinates":[693228.5005166781,6095042.509338837]},"properties":{"height":9.0,"crown_diameter":6.0},"id":""},{"type":"Feature","geometry":{"type":"Point","coordinates":[693231.6386362032,6095035.512105349]},"properties":{"height":9.0,"crown_diameter":6.0},"id":""},{"type":"Feature","geometry":{"type":"Point","coordinates":[693227.7077928747,6095046.814557315]},"properties":{"height":9.0,"crown_diameter":6.0},"id":""},{"type":"Feature","geometry":{"type":"Point","coordinates":[693226.7662052049,6095050.93692334]},"properties":{"height":9.0,"crown_diameter":6.0},"id":""},{"type":"Feature","geometry":{"type":"Point","coordinates":[693249.2844977656,6095051.20805203]},"properties":{"height":9.0,"crown_diameter":6.0},"id":""},{"type":"Feature","geometry":{"type":"Point","coordinates":[693228.1177690434,6095068.80509476]},"properties":{"height":9.0,"crown_diameter":6.0},"id":""},{"type":"Feature","geometry":{"type":"Point","coordinates":[693236.8847395814,6095066.738303177]},"properties":{"height":9.0,"crown_diameter":6.0},"id":""},{"type":"Feature","geometry":{"type":"Point","coordinates":[693253.9502825039,6095057.833479372]},"properties":{"height":9.0,"crown_diameter":6.0},"id":""},{"type":"Feature","geometry":{"type":"Point","coordinates":[693242.2314293882,6095063.126211663]},"properties":{"height":9.0,"crown_diameter":6.0},"id":""},{"type":"Feature","geometry":{"type":"Point","coordinates":[693246.3395156064,6095070.070556074]},"properties":{"height":9.0,"crown_diameter":6.0},"id":""},{"type":"Feature","geometry":{"type":"Point","coordinates":[693269.0623640947,6095038.580091588]},"properties":{"height":9.0,"crown_diameter":6.0},"id":""},{"type":"Feature","geometry":{"type":"Point","coordinates":[693274.8036334029,6095035.582762273]},"properties":{"height":9.0,"crown_diameter":6.0},"id":""},{"type":"Feature","geometry":{"type":"Point","coordinates":[693271.8010642612,6095042.139913011]},"properties":{"height":9.0,"crown_diameter":6.0},"id":""},{"type":"Feature","geometry":{"type":"Point","coordinates":[693276.0575514636,6095051.025192249]},"properties":{"height":9.0,"crown_diameter":6.0},"id":""},{"type":"Feature","geometry":{"type":"Point","coordinates":[693257.6683190258,6095063.307150282]},"properties":{"height":9.0,"crown_diameter":6.0},"id":""},{"type":"Feature","geometry":{"type":"Point","coordinates":[693285.9312714334,6094997.001340738]},"properties":{"height":9.0,"crown_diameter":6.0},"id":""},{"type":"Feature","geometry":{"type":"Point","coordinates":[693294.7637110475,6095004.402564269]},"properties":{"height":9.0,"crown_diameter":6.0},"id":""},{"type":"Feature","geometry":{"type":"Point","coordinates":[693294.9606478215,6095012.881807502]},"properties":{"height":9.0,"crown_diameter":6.0},"id":""},{"type":"Feature","geometry":{"type":"Point","coordinates":[693305.6442250164,6095003.425264226]},"properties":{"height":9.0,"crown_diameter":6.0},"id":""},{"type":"Feature","geometry":{"type":"Point","coordinates":[693305.8413713006,6095011.913805444]},"properties":{"height":9.0,"crown_diameter":6.0},"id":""},{"type":"Feature","geometry":{"type":"Point","coordinates":[693309.3567981066,6095031.428581124]},"properties":{"height":9.0,"crown_diameter":6.0},"id":""},{"type":"Feature","geometry":{"type":"Point","coordinates":[693319.3476285293,6095001.392140603]},"properties":{"height":9.0,"crown_diameter":6.0},"id":""},{"type":"Feature","geometry":{"type":"Point","coordinates":[693319.5443893421,6095009.862086545]},"properties":{"height":9.0,"crown_diameter":6.0},"id":""},{"type":"Feature","geometry":{"type":"Point","coordinates":[693329.6705015476,6095009.635785501]},"properties":{"height":9.0,"crown_diameter":6.0},"id":""},{"type":"Feature","geometry":{"type":"Point","coordinates":[693338.0202849841,6094993.801501328]},"properties":{"height":9.0,"crown_diameter":6.0},"id":""},{"type":"Feature","geometry":{"type":"Point","coordinates":[693341.2303573939,6095009.388047979]},"properties":{"height":9.0,"crown_diameter":6.0},"id":""},{"type":"Feature","geometry":{"type":"Point","coordinates":[693321.5314083225,6095029.251476696]},"properties":{"height":9.0,"crown_diameter":6.0},"id":""},{"type":"Feature","geometry":{"type":"Point","coordinates":[693331.2779496429,6095021.991661244]},"properties":{"height":9.0,"crown_diameter":6.0},"id":""},{"type":"Feature","geometry":{"type":"Point","coordinates":[693331.3095471498,6095026.669912627]},"properties":{"height":9.0,"crown_diameter":6.0},"id":""},{"type":"Feature","geometry":{"type":"Point","coordinates":[693339.6165152085,6095018.092141282]},"properties":{"height":9.0,"crown_diameter":6.0},"id":""},{"type":"Feature","geometry":{"type":"Point","coordinates":[693339.760183674,6095024.795837016]},"properties":{"height":9.0,"crown_diameter":6.0},"id":""},{"type":"Feature","geometry":{"type":"Point","coordinates":[693290.2048550041,6095035.169075829]},"properties":{"height":9.0,"crown_diameter":6.0},"id":""},{"type":"Feature","geometry":{"type":"Point","coordinates":[693298.4987275935,6095032.3867984805]},"properties":{"height":9.0,"crown_diameter":6.0},"id":""},{"type":"Feature","geometry":{"type":"Point","coordinates":[693294.856456154,6095045.403979847]},"properties":{"height":9.0,"crown_diameter":6.0},"id":""},{"type":"Feature","geometry":{"type":"Point","coordinates":[693301.6132914769,6095044.942935273]},"properties":{"height":9.0,"crown_diameter":6.0},"id":""},{"type":"Feature","geometry":{"type":"Point","coordinates":[693309.342121006,6095044.6284948215]},"properties":{"height":9.0,"crown_diameter":6.0},"id":""},{"type":"Feature","geometry":{"type":"Point","coordinates":[693296.2388512933,6095056.8716844]},"properties":{"height":9.0,"crown_diameter":6.0},"id":""},{"type":"Feature","geometry":{"type":"Point","coordinates":[693322.1680472512,6095041.516532134]},"properties":{"height":9.0,"crown_diameter":6.0},"id":""},{"type":"Feature","geometry":{"type":"Point","coordinates":[693333.1767094359,6095038.685348688]},"properties":{"height":9.0,"crown_diameter":6.0},"id":""},{"type":"Feature","geometry":{"type":"Point","coordinates":[693343.4178581442,6095035.638049277]},"properties":{"height":9.0,"crown_diameter":6.0},"id":""},{"type":"Feature","geometry":{"type":"Point","coordinates":[693322.8098667997,6095054.023329513]},"properties":{"height":9.0,"crown_diameter":6.0},"id":""},{"type":"Feature","geometry":{"type":"Point","coordinates":[693318.6555832139,6095066.642203705]},"properties":{"height":9.0,"crown_diameter":6.0},"id":""},{"type":"Feature","geometry":{"type":"Point","coordinates":[693327.8177479393,6095065.217997069]},"properties":{"height":9.0,"crown_diameter":6.0},"id":""},{"type":"Feature","geometry":{"type":"Point","coordinates":[693335.7368172933,6095051.709159157]},"properties":{"height":9.0,"crown_diameter":6.0},"id":""},{"type":"Feature","geometry":{"type":"Point","coordinates":[693339.772463972,6095063.101395346]},"properties":{"height":9.0,"crown_diameter":6.0},"id":""},{"type":"Feature","geometry":{"type":"Point","coordinates":[693345.712557289,6095062.974091577]},"properties":{"height":9.0,"crown_diameter":6.0},"id":""},{"type":"Feature","geometry":{"type":"Point","coordinates":[693371.070225788,6094969.707790483]},"properties":{"height":9.0,"crown_diameter":6.0},"id":""},{"type":"Feature","geometry":{"type":"Point","coordinates":[693348.880201954,6094974.778619176]},"properties":{"height":9.0,"crown_diameter":6.0},"id":""},{"type":"Feature","geometry":{"type":"Point","coordinates":[693360.2183376306,6094974.154222548]},"properties":{"height":9.0,"crown_diameter":6.0},"id":""},{"type":"Feature","geometry":{"type":"Point","coordinates":[693358.8685320432,6094987.345550869]},"properties":{"height":9.0,"crown_diameter":6.0},"id":""},{"type":"Feature","geometry":{"type":"Point","coordinates":[693380.4128477197,6094968.521508619]},"properties":{"height":9.0,"crown_diameter":6.0},"id":""},{"type":"Feature","geometry":{"type":"Point","coordinates":[693393.4029051044,6094967.377952171]},"properties":{"height":9.0,"crown_diameter":6.0},"id":""},{"type":"Feature","geometry":{"type":"Point","coordinates":[693407.3560268647,6094967.032310097]},"properties":{"height":9.0,"crown_diameter":6.0},"id":""},{"type":"Feature","geometry":{"type":"Point","coordinates":[693385.0839440086,6094983.2209373135]},"properties":{"height":9.0,"crown_diameter":6.0},"id":""},{"type":"Feature","geometry":{"type":"Point","coordinates":[693402.4200328629,6094987.304976959]},"properties":{"height":9.0,"crown_diameter":6.0},"id":""},{"type":"Feature","geometry":{"type":"Point","coordinates":[693409.5953634261,6094987.151146308]},"properties":{"height":9.0,"crown_diameter":6.0},"id":""},{"type":"Feature","geometry":{"type":"Point","coordinates":[693422.8772987822,6094962.615933629]},"properties":{"height":9.0,"crown_diameter":6.0},"id":""},{"type":"Feature","geometry":{"type":"Point","coordinates":[693438.8075836292,6094961.976694711]},"properties":{"height":9.0,"crown_diameter":6.0},"id":""},{"type":"Feature","geometry":{"type":"Point","coordinates":[693420.3387500893,6094982.26978441]},"properties":{"height":9.0,"crown_diameter":6.0},"id":""},{"type":"Feature","geometry":{"type":"Point","coordinates":[693451.7889493367,6094958.293778963]},"properties":{"height":9.0,"crown_diameter":6.0},"id":""},{"type":"Feature","geometry":{"type":"Point","coordinates":[693447.9406740521,6094978.412923887]},"properties":{"height":9.0,"crown_diameter":6.0},"id":""},{"type":"Feature","geometry":{"type":"Point","coordinates":[693362.9218613517,6095001.341972183]},"properties":{"height":9.0,"crown_diameter":6.0},"id":""},{"type":"Feature","geometry":{"type":"Point","coordinates":[693349.5862530114,6095016.976173364]},"properties":{"height":9.0,"crown_diameter":6.0},"id":""},{"type":"Feature","geometry":{"type":"Point","coordinates":[693355.3967284975,6095017.921374625]},"properties":{"height":9.0,"crown_diameter":6.0},"id":""},{"type":"Feature","geometry":{"type":"Point","coordinates":[693355.4710596116,6095021.389444817]},"properties":{"height":9.0,"crown_diameter":6.0},"id":""},{"type":"Feature","geometry":{"type":"Point","coordinates":[693349.6984438016,6095022.210820792]},"properties":{"height":9.0,"crown_diameter":6.0},"id":""},{"type":"Feature","geometry":{"type":"Point","coordinates":[693366.3501737008,6095016.430826424]},"properties":{"height":9.0,"crown_diameter":6.0},"id":""},{"type":"Feature","geometry":{"type":"Point","coordinates":[693367.0787285119,6095020.880193068]},"properties":{"height":9.0,"crown_diameter":6.0},"id":""},{"type":"Feature","geometry":{"type":"Point","coordinates":[693373.8263589242,6095014.652020801]},"properties":{"height":9.0,"crown_diameter":6.0},"id":""},{"type":"Feature","geometry":{"type":"Point","coordinates":[693391.1989173528,6095009.758826388]},"properties":{"height":9.0,"crown_diameter":6.0},"id":""},{"type":"Feature","geometry":{"type":"Point","coordinates":[693402.6052099772,6094995.942611507]},"properties":{"height":9.0,"crown_diameter":6.0},"id":""},{"type":"Feature","geometry":{"type":"Point","coordinates":[693398.9026459337,6095010.765736322]},"properties":{"height":9.0,"crown_diameter":6.0},"id":""},{"type":"Feature","geometry":{"type":"Point","coordinates":[693409.0039018752,6095006.177217682]},"properties":{"height":9.0,"crown_diameter":6.0},"id":""},{"type":"Feature","geometry":{"type":"Point","coordinates":[693383.7273676541,6095012.821230187]},"properties":{"height":9.0,"crown_diameter":6.0},"id":""},{"type":"Feature","geometry":{"type":"Point","coordinates":[693393.1542890649,6095017.344589042]},"properties":{"height":9.0,"crown_diameter":6.0},"id":""},{"type":"Feature","geometry":{"type":"Point","coordinates":[693404.5639002305,6095015.425622916]},"properties":{"height":9.0,"crown_diameter":6.0},"id":""},{"type":"Feature","geometry":{"type":"Point","coordinates":[693410.5519055903,6095016.82278352]},"properties":{"height":9.0,"crown_diameter":6.0},"id":""},{"type":"Feature","geometry":{"type":"Point","coordinates":[693356.5128574703,6095036.538753578]},"properties":{"height":9.0,"crown_diameter":6.0},"id":""},{"type":"Feature","geometry":{"type":"Point","coordinates":[693349.9053796093,6095050.019502731]},"properties":{"height":9.0,"crown_diameter":6.0},"id":""},{"type":"Feature","geometry":{"type":"Point","coordinates":[693356.7452166334,6095047.379959295]},"properties":{"height":9.0,"crown_diameter":6.0},"id":""},{"type":"Feature","geometry":{"type":"Point","coordinates":[693372.7177450426,6095033.400805622]},"properties":{"height":9.0,"crown_diameter":6.0},"id":""},{"type":"Feature","geometry":{"type":"Point","coordinates":[693377.7014096737,6095044.530853899]},"properties":{"height":9.0,"crown_diameter":6.0},"id":""},{"type":"Feature","geometry":{"type":"Point","coordinates":[693352.0239510641,6095062.3737237975]},"properties":{"height":9.0,"crown_diameter":6.0},"id":""},{"type":"Feature","geometry":{"type":"Point","coordinates":[693349.6935130607,6095067.186317398]},"properties":{"height":9.0,"crown_diameter":6.0},"id":""},{"type":"Feature","geometry":{"type":"Point","coordinates":[693370.513979078,6095066.544725837]},"properties":{"height":9.0,"crown_diameter":6.0},"id":""},{"type":"Feature","geometry":{"type":"Point","coordinates":[693372.579627611,6095059.700653513]},"properties":{"height":9.0,"crown_diameter":6.0},"id":""},{"type":"Feature","geometry":{"type":"Point","coordinates":[693379.2386119767,6095064.283358438]},"properties":{"height":9.0,"crown_diameter":6.0},"id":""},{"type":"Feature","geometry":{"type":"Point","coordinates":[693381.530998608,6095032.78399672]},"properties":{"height":9.0,"crown_diameter":6.0},"id":""},{"type":"Feature","geometry":{"type":"Point","coordinates":[693391.4649193163,6095031.064117952]},"properties":{"height":9.0,"crown_diameter":6.0},"id":""},{"type":"Feature","geometry":{"type":"Point","coordinates":[693385.3370911963,6095044.497406371]},"properties":{"height":9.0,"crown_diameter":6.0},"id":""},{"type":"Feature","geometry":{"type":"Point","coordinates":[693394.2581058957,6095043.924785975]},"properties":{"height":9.0,"crown_diameter":6.0},"id":""},{"type":"Feature","geometry":{"type":"Point","coordinates":[693401.2913836277,6095030.025581272]},"properties":{"height":9.0,"crown_diameter":6.0},"id":""},{"type":"Feature","geometry":{"type":"Point","coordinates":[693381.2966280918,6095057.439447243]},"properties":{"height":9.0,"crown_diameter":6.0},"id":""},{"type":"Feature","geometry":{"type":"Point","coordinates":[693388.0389674222,6095057.369335116]},"properties":{"height":9.0,"crown_diameter":6.0},"id":""},{"type":"Feature","geometry":{"type":"Point","coordinates":[693385.9811556434,6095064.222545844]},"properties":{"height":9.0,"crown_diameter":6.0},"id":""},{"type":"Feature","geometry":{"type":"Point","coordinates":[693399.9097396332,6095054.184716091]},"properties":{"height":9.0,"crown_diameter":6.0},"id":""},{"type":"Feature","geometry":{"type":"Point","coordinates":[693409.1054731808,6095053.615494316]},"properties":{"height":9.0,"crown_diameter":6.0},"id":""},{"type":"Feature","geometry":{"type":"Point","coordinates":[693397.8519376197,6095061.037929974]},"properties":{"height":9.0,"crown_diameter":6.0},"id":""},{"type":"Feature","geometry":{"type":"Point","coordinates":[693407.0398535631,6095060.459576301]},"properties":{"height":9.0,"crown_diameter":6.0},"id":""},{"type":"Feature","geometry":{"type":"Point","coordinates":[693413.982045138,6094997.121917108]},"properties":{"height":9.0,"crown_diameter":6.0},"id":""},{"type":"Feature","geometry":{"type":"Point","coordinates":[693425.3906807157,6094994.802955411]},"properties":{"height":9.0,"crown_diameter":6.0},"id":""},{"type":"Feature","geometry":{"type":"Point","coordinates":[693413.512855988,6095007.261909405]},"properties":{"height":9.0,"crown_diameter":6.0},"id":""},{"type":"Feature","geometry":{"type":"Point","coordinates":[693425.5145783821,6095006.985986233]},"properties":{"height":9.0,"crown_diameter":6.0},"id":""},{"type":"Feature","geometry":{"type":"Point","coordinates":[693439.0520453544,6094994.72398007]},"properties":{"height":9.0,"crown_diameter":6.0},"id":""},{"type":"Feature","geometry":{"type":"Point","coordinates":[693437.2304251746,6095003.33953196]},"properties":{"height":9.0,"crown_diameter":6.0},"id":""},{"type":"Feature","geometry":{"type":"Point","coordinates":[693425.6949919424,6095015.400474376]},"properties":{"height":9.0,"crown_diameter":6.0},"id":""},{"type":"Feature","geometry":{"type":"Point","coordinates":[693411.5406745219,6095028.782625686]},"properties":{"height":9.0,"crown_diameter":6.0},"id":""},{"type":"Feature","geometry":{"type":"Point","coordinates":[693420.7617502345,6095027.617515767]},"properties":{"height":9.0,"crown_diameter":6.0},"id":""},{"type":"Feature","geometry":{"type":"Point","coordinates":[693436.8030219914,6095010.446162103]},"properties":{"height":9.0,"crown_diameter":6.0},"id":""},{"type":"Feature","geometry":{"type":"Point","coordinates":[693436.1680973964,6095023.529159008]},"properties":{"height":9.0,"crown_diameter":6.0},"id":""},{"type":"Feature","geometry":{"type":"Point","coordinates":[693448.4172111321,6094991.741849428]},"properties":{"height":9.0,"crown_diameter":6.0},"id":""},{"type":"Feature","geometry":{"type":"Point","coordinates":[693448.3847111384,6095009.081572944]},"properties":{"height":9.0,"crown_diameter":6.0},"id":""},{"type":"Feature","geometry":{"type":"Point","coordinates":[693450.8302077418,6095004.657168046]},"properties":{"height":9.0,"crown_diameter":6.0},"id":""},{"type":"Feature","geometry":{"type":"Point","coordinates":[693458.6742944338,6095007.940020512]},"properties":{"height":9.0,"crown_diameter":6.0},"id":""},{"type":"Feature","geometry":{"type":"Point","coordinates":[693448.0699136548,6095021.794927169]},"properties":{"height":9.0,"crown_diameter":6.0},"id":""},{"type":"Feature","geometry":{"type":"Point","coordinates":[693414.9386819901,6095038.895519629]},"properties":{"height":9.0,"crown_diameter":6.0},"id":""},{"type":"Feature","geometry":{"type":"Point","coordinates":[693436.2597621258,6095036.698898664]},"properties":{"height":9.0,"crown_diameter":6.0},"id":""},{"type":"Feature","geometry":{"type":"Point","coordinates":[693434.4025935371,6095046.85935141]},"properties":{"height":9.0,"crown_diameter":6.0},"id":""},{"type":"Feature","geometry":{"type":"Point","coordinates":[693439.6681670091,6095047.295268891]},"properties":{"height":9.0,"crown_diameter":6.0},"id":""},{"type":"Feature","geometry":{"type":"Point","coordinates":[693415.1742455997,6095053.085397577]},"properties":{"height":9.0,"crown_diameter":6.0},"id":""},{"type":"Feature","geometry":{"type":"Point","coordinates":[693413.1162559238,6095059.929317679]},"properties":{"height":9.0,"crown_diameter":6.0},"id":""},{"type":"Feature","geometry":{"type":"Point","coordinates":[693428.6441689539,6095049.410654359]},"properties":{"height":9.0,"crown_diameter":6.0},"id":""},{"type":"Feature","geometry":{"type":"Point","coordinates":[693431.3866266352,6095056.700473476]},"properties":{"height":9.0,"crown_diameter":6.0},"id":""},{"type":"Feature","geometry":{"type":"Point","coordinates":[693439.6902053156,6095056.150349405]},"properties":{"height":9.0,"crown_diameter":6.0},"id":""},{"type":"Feature","geometry":{"type":"Point","coordinates":[693437.1318574164,6095066.697919074]},"properties":{"height":9.0,"crown_diameter":6.0},"id":""},{"type":"Feature","geometry":{"type":"Point","coordinates":[693452.0007885323,6095034.342823216]},"properties":{"height":9.0,"crown_diameter":6.0},"id":""},{"type":"Feature","geometry":{"type":"Point","coordinates":[693446.6060652776,6095046.383734676]},"properties":{"height":9.0,"crown_diameter":6.0},"id":""},{"type":"Feature","geometry":{"type":"Point","coordinates":[693453.7430658895,6095045.151655767]},"properties":{"height":9.0,"crown_diameter":6.0},"id":""},{"type":"Feature","geometry":{"type":"Point","coordinates":[693459.8239991977,6095046.611907074]},"properties":{"height":9.0,"crown_diameter":6.0},"id":""},{"type":"Feature","geometry":{"type":"Point","coordinates":[693444.5557261913,6095053.227499586]},"properties":{"height":9.0,"crown_diameter":6.0},"id":""},{"type":"Feature","geometry":{"type":"Point","coordinates":[693451.6929318386,6095052.004720332]},"properties":{"height":9.0,"crown_diameter":6.0},"id":""},{"type":"Feature","geometry":{"type":"Point","coordinates":[693457.7658452012,6095053.446541149]},"properties":{"height":9.0,"crown_diameter":6.0},"id":""},{"type":"Feature","geometry":{"type":"Point","coordinates":[693446.9076202883,6095064.004656921]},"properties":{"height":9.0,"crown_diameter":6.0},"id":""},{"type":"Feature","geometry":{"type":"Point","coordinates":[693103.5980732278,6095077.58269728]},"properties":{"height":9.0,"crown_diameter":6.0},"id":""},{"type":"Feature","geometry":{"type":"Point","coordinates":[693114.3377197268,6095077.148167551]},"properties":{"height":9.0,"crown_diameter":6.0},"id":""},{"type":"Feature","geometry":{"type":"Point","coordinates":[693101.9542297936,6095087.747792374]},"properties":{"height":9.0,"crown_diameter":6.0},"id":""},{"type":"Feature","geometry":{"type":"Point","coordinates":[693127.280386633,6095074.852568573]},"properties":{"height":9.0,"crown_diameter":6.0},"id":""},{"type":"Feature","geometry":{"type":"Point","coordinates":[693129.2938338337,6095083.023158865]},"properties":{"height":9.0,"crown_diameter":6.0},"id":""},{"type":"Feature","geometry":{"type":"Point","coordinates":[693116.3965338289,6095087.438651608]},"properties":{"height":9.0,"crown_diameter":6.0},"id":""},{"type":"Feature","geometry":{"type":"Point","coordinates":[693109.3609317446,6095108.379287958]},"properties":{"height":9.0,"crown_diameter":6.0},"id":""},{"type":"Feature","geometry":{"type":"Point","coordinates":[693123.6733780226,6095108.417092397]},"properties":{"height":9.0,"crown_diameter":6.0},"id":""},{"type":"Feature","geometry":{"type":"Point","coordinates":[693143.401967304,6095084.209453189]},"properties":{"height":9.0,"crown_diameter":6.0},"id":""},{"type":"Feature","geometry":{"type":"Point","coordinates":[693158.2686624408,6095089.825855918]},"properties":{"height":9.0,"crown_diameter":6.0},"id":""},{"type":"Feature","geometry":{"type":"Point","coordinates":[693132.7504793599,6095098.027751809]},"properties":{"height":9.0,"crown_diameter":6.0},"id":""},{"type":"Feature","geometry":{"type":"Point","coordinates":[693145.8500904741,6095098.072880033]},"properties":{"height":9.0,"crown_diameter":6.0},"id":""},{"type":"Feature","geometry":{"type":"Point","coordinates":[693137.32147242,6095111.631787201]},"properties":{"height":9.0,"crown_diameter":6.0},"id":""},{"type":"Feature","geometry":{"type":"Point","coordinates":[693148.5524265856,6095110.9820566345]},"properties":{"height":9.0,"crown_diameter":6.0},"id":""},{"type":"Feature","geometry":{"type":"Point","coordinates":[693160.7460823089,6095109.688463714]},"properties":{"height":9.0,"crown_diameter":6.0},"id":""},{"type":"Feature","geometry":{"type":"Point","coordinates":[693111.8727482965,6095118.09265231]},"properties":{"height":9.0,"crown_diameter":6.0},"id":""},{"type":"Feature","geometry":{"type":"Point","coordinates":[693112.2943942052,6095130.306492674]},"properties":{"height":9.0,"crown_diameter":6.0},"id":""},{"type":"Feature","geometry":{"type":"Point","coordinates":[693124.6015192597,6095117.206246123]},"properties":{"height":9.0,"crown_diameter":6.0},"id":""},{"type":"Feature","geometry":{"type":"Point","coordinates":[693124.8761868365,6095130.03716728]},"properties":{"height":9.0,"crown_diameter":6.0},"id":""},{"type":"Feature","geometry":{"type":"Point","coordinates":[693103.7196386639,6095133.159715587]},"properties":{"height":9.0,"crown_diameter":6.0},"id":""},{"type":"Feature","geometry":{"type":"Point","coordinates":[693137.7728728948,6095124.877517089]},"properties":{"height":9.0,"crown_diameter":6.0},"id":""},{"type":"Feature","geometry":{"type":"Point","coordinates":[693151.0005614639,6095124.845482197]},"properties":{"height":9.0,"crown_diameter":6.0},"id":""},{"type":"Feature","geometry":{"type":"Point","coordinates":[693154.0945362165,6095147.494801534]},"properties":{"height":9.0,"crown_diameter":6.0},"id":""},{"type":"Feature","geometry":{"type":"Point","coordinates":[693176.6105108842,6095076.391675202]},"properties":{"height":9.0,"crown_diameter":6.0},"id":""},{"type":"Feature","geometry":{"type":"Point","coordinates":[693169.7252232247,6095088.668957012]},"properties":{"height":9.0,"crown_diameter":6.0},"id":""},{"type":"Feature","geometry":{"type":"Point","coordinates":[693178.8099170481,6095087.544228278]},"properties":{"height":9.0,"crown_diameter":6.0},"id":""},{"type":"Feature","geometry":{"type":"Point","coordinates":[693187.4604250477,6095086.093914657]},"properties":{"height":9.0,"crown_diameter":6.0},"id":""},{"type":"Feature","geometry":{"type":"Point","coordinates":[693173.6083641807,6095096.511143046]},"properties":{"height":9.0,"crown_diameter":6.0},"id":""},{"type":"Feature","geometry":{"type":"Point","coordinates":[693181.6698415702,6095093.20373928]},"properties":{"height":9.0,"crown_diameter":6.0},"id":""},{"type":"Feature","geometry":{"type":"Point","coordinates":[693190.1365129005,6095093.143363092]},"properties":{"height":9.0,"crown_diameter":6.0},"id":""},{"type":"Feature","geometry":{"type":"Point","coordinates":[693185.2889372391,6095103.3212713525]},"properties":{"height":9.0,"crown_diameter":6.0},"id":""},{"type":"Feature","geometry":{"type":"Point","coordinates":[693200.1773187788,6095074.324271701]},"properties":{"height":9.0,"crown_diameter":6.0},"id":""},{"type":"Feature","geometry":{"type":"Point","coordinates":[693200.510570562,6095086.6795398705]},"properties":{"height":9.0,"crown_diameter":6.0},"id":""},{"type":"Feature","geometry":{"type":"Point","coordinates":[693214.6748533561,6095083.362335965]},"properties":{"height":9.0,"crown_diameter":6.0},"id":""},{"type":"Feature","geometry":{"type":"Point","coordinates":[693196.9139116331,6095104.328106636]},"properties":{"height":9.0,"crown_diameter":6.0},"id":""},{"type":"Feature","geometry":{"type":"Point","coordinates":[693201.9618667869,6095104.220004147]},"properties":{"height":9.0,"crown_diameter":6.0},"id":""},{"type":"Feature","geometry":{"type":"Point","coordinates":[693211.2570254058,6095093.686378274]},"properties":{"height":9.0,"crown_diameter":6.0},"id":""},{"type":"Feature","geometry":{"type":"Point","coordinates":[693210.1461320193,6095103.440098927]},"properties":{"height":9.0,"crown_diameter":6.0},"id":""},{"type":"Feature","geometry":{"type":"Point","coordinates":[693163.7752069426,6095126.813762944]},"properties":{"height":9.0,"crown_diameter":6.0},"id":""},{"type":"Feature","geometry":{"type":"Point","coordinates":[693186.1473162923,6095112.056104296]},"properties":{"height":9.0,"crown_diameter":6.0},"id":""},{"type":"Feature","geometry":{"type":"Point","coordinates":[693183.6620611013,6095115.699907148]},"properties":{"height":9.0,"crown_diameter":6.0},"id":""},{"type":"Feature","geometry":{"type":"Point","coordinates":[693183.7890840869,6095121.631884607]},"properties":{"height":9.0,"crown_diameter":6.0},"id":""},{"type":"Feature","geometry":{"type":"Point","coordinates":[693191.2305236837,6095120.719071389]},"properties":{"height":9.0,"crown_diameter":6.0},"id":""},{"type":"Feature","geometry":{"type":"Point","coordinates":[693191.3797529438,6095129.469089775]},"properties":{"height":9.0,"crown_diameter":6.0},"id":""},{"type":"Feature","geometry":{"type":"Point","coordinates":[693166.2155432242,6095140.668050738]},"properties":{"height":9.0,"crown_diameter":6.0},"id":""},{"type":"Feature","geometry":{"type":"Point","coordinates":[693201.836301308,6095114.743294685]},"properties":{"height":9.0,"crown_diameter":6.0},"id":""},{"type":"Feature","geometry":{"type":"Point","coordinates":[693194.3967397381,6095116.456051763]},"properties":{"height":9.0,"crown_diameter":6.0},"id":""},{"type":"Feature","geometry":{"type":"Point","coordinates":[693208.7890935106,6095112.743290871]},"properties":{"height":9.0,"crown_diameter":6.0},"id":""},{"type":"Feature","geometry":{"type":"Point","coordinates":[693202.1451864222,6095128.810658411]},"properties":{"height":9.0,"crown_diameter":6.0},"id":""},{"type":"Feature","geometry":{"type":"Point","coordinates":[693221.7249345573,6095111.908124407]},"properties":{"height":9.0,"crown_diameter":6.0},"id":""},{"type":"Feature","geometry":{"type":"Point","coordinates":[693210.2064501342,6095126.917144481]},"properties":{"height":9.0,"crown_diameter":6.0},"id":""},{"type":"Feature","geometry":{"type":"Point","coordinates":[693220.3035909338,6095124.2637636755]},"properties":{"height":9.0,"crown_diameter":6.0},"id":""},{"type":"Feature","geometry":{"type":"Point","coordinates":[693120.2906956126,6095163.511006133]},"properties":{"height":9.0,"crown_diameter":6.0},"id":""},{"type":"Feature","geometry":{"type":"Point","coordinates":[693138.5803351918,6095157.2499001995]},"properties":{"height":9.0,"crown_diameter":6.0},"id":""},{"type":"Feature","geometry":{"type":"Point","coordinates":[693156.5503101174,6095161.358062392]},"properties":{"height":9.0,"crown_diameter":6.0},"id":""},{"type":"Feature","geometry":{"type":"Point","coordinates":[693135.5032841611,6095173.51990887]},"properties":{"height":9.0,"crown_diameter":6.0},"id":""},{"type":"Feature","geometry":{"type":"Point","coordinates":[693141.8071928849,6095177.198787842]},"properties":{"height":9.0,"crown_diameter":6.0},"id":""},{"type":"Feature","geometry":{"type":"Point","coordinates":[693156.7784096763,6095174.506250709]},"properties":{"height":9.0,"crown_diameter":6.0},"id":""},{"type":"Feature","geometry":{"type":"Point","coordinates":[693145.338759702,6095188.573981685]},"properties":{"height":9.0,"crown_diameter":6.0},"id":""},{"type":"Feature","geometry":{"type":"Point","coordinates":[693145.584388786,6095200.047428051]},"properties":{"height":9.0,"crown_diameter":6.0},"id":""},{"type":"Feature","geometry":{"type":"Point","coordinates":[693158.88774708,6095193.567461385]},"properties":{"height":9.0,"crown_diameter":6.0},"id":""},{"type":"Feature","geometry":{"type":"Point","coordinates":[693146.3994336126,6095223.508302139]},"properties":{"height":9.0,"crown_diameter":6.0},"id":""},{"type":"Feature","geometry":{"type":"Point","coordinates":[693162.083247873,6095210.624084093]},"properties":{"height":9.0,"crown_diameter":6.0},"id":""},{"type":"Feature","geometry":{"type":"Point","coordinates":[693172.0764359764,6095171.043924063]},"properties":{"height":9.0,"crown_diameter":6.0},"id":""},{"type":"Feature","geometry":{"type":"Point","coordinates":[693174.1860047863,6095190.114430377]},"properties":{"height":9.0,"crown_diameter":6.0},"id":""},{"type":"Feature","geometry":{"type":"Point","coordinates":[693177.3815341466,6095207.1710489355]},"properties":{"height":9.0,"crown_diameter":6.0},"id":""},{"type":"Feature","geometry":{"type":"Point","coordinates":[693228.4510595486,6095081.160363621]},"properties":{"height":9.0,"crown_diameter":6.0},"id":""},{"type":"Feature","geometry":{"type":"Point","coordinates":[693235.3694161046,6095082.184236992]},"properties":{"height":9.0,"crown_diameter":6.0},"id":""},{"type":"Feature","geometry":{"type":"Point","coordinates":[693245.7830941159,6095076.147403937]},"properties":{"height":9.0,"crown_diameter":6.0},"id":""},{"type":"Feature","geometry":{"type":"Point","coordinates":[693249.5539983406,6095074.8294575885]},"properties":{"height":9.0,"crown_diameter":6.0},"id":""},{"type":"Feature","geometry":{"type":"Point","coordinates":[693248.9039684548,6095084.015191732]},"properties":{"height":9.0,"crown_diameter":6.0},"id":""},{"type":"Feature","geometry":{"type":"Point","coordinates":[693255.5381161692,6095081.742914103]},"properties":{"height":9.0,"crown_diameter":6.0},"id":""},{"type":"Feature","geometry":{"type":"Point","coordinates":[693235.7105399126,6095094.548640236]},"properties":{"height":9.0,"crown_diameter":6.0},"id":""},{"type":"Feature","geometry":{"type":"Point","coordinates":[693244.0962672074,6095094.982955334]},"properties":{"height":9.0,"crown_diameter":6.0},"id":""},{"type":"Feature","geometry":{"type":"Point","coordinates":[693265.0830099061,6095075.036317621]},"properties":{"height":9.0,"crown_diameter":6.0},"id":""},{"type":"Feature","geometry":{"type":"Point","coordinates":[693258.6426391948,6095087.7785477135]},"properties":{"height":9.0,"crown_diameter":6.0},"id":""},{"type":"Feature","geometry":{"type":"Point","coordinates":[693271.7878258051,6095086.390002072]},"properties":{"height":9.0,"crown_diameter":6.0},"id":""},{"type":"Feature","geometry":{"type":"Point","coordinates":[693263.6019074171,6095093.858166125]},"properties":{"height":9.0,"crown_diameter":6.0},"id":""},{"type":"Feature","geometry":{"type":"Point","coordinates":[693280.1508398438,6095094.666389994]},"properties":{"height":9.0,"crown_diameter":6.0},"id":""},{"type":"Feature","geometry":{"type":"Point","coordinates":[693286.9182424075,6095102.530458908]},"properties":{"height":9.0,"crown_diameter":6.0},"id":""},{"type":"Feature","geometry":{"type":"Point","coordinates":[693245.1126667435,6095109.667705798]},"properties":{"height":9.0,"crown_diameter":6.0},"id":""},{"type":"Feature","geometry":{"type":"Point","coordinates":[693265.6316856297,6095112.400157815]},"properties":{"height":9.0,"crown_diameter":6.0},"id":""},{"type":"Feature","geometry":{"type":"Point","coordinates":[693298.8136502109,6095070.583538182]},"properties":{"height":9.0,"crown_diameter":6.0},"id":""},{"type":"Feature","geometry":{"type":"Point","coordinates":[693302.123231631,6095087.256300956]},"properties":{"height":9.0,"crown_diameter":6.0},"id":""},{"type":"Feature","geometry":{"type":"Point","coordinates":[693318.8216924107,6095070.833865739]},"properties":{"height":9.0,"crown_diameter":6.0},"id":""},{"type":"Feature","geometry":{"type":"Point","coordinates":[693326.7902451481,6095072.449099939]},"properties":{"height":9.0,"crown_diameter":6.0},"id":""},{"type":"Feature","geometry":{"type":"Point","coordinates":[693332.6324110187,6095072.379715968]},"properties":{"height":9.0,"crown_diameter":6.0},"id":""},{"type":"Feature","geometry":{"type":"Point","coordinates":[693330.7641795286,6095084.521711286]},"properties":{"height":9.0,"crown_diameter":6.0},"id":""},{"type":"Feature","geometry":{"type":"Point","coordinates":[693341.042935487,6095083.938654069]},"properties":{"height":9.0,"crown_diameter":6.0},"id":""},{"type":"Feature","geometry":{"type":"Point","coordinates":[693341.2085204129,6095091.665104385]},"properties":{"height":9.0,"crown_diameter":6.0},"id":""},{"type":"Feature","geometry":{"type":"Point","coordinates":[693296.8204182175,6095126.029204104]},"properties":{"height":9.0,"crown_diameter":6.0},"id":""},{"type":"Feature","geometry":{"type":"Point","coordinates":[693165.4227397894,6095229.417102795]},"properties":{"height":9.0,"crown_diameter":6.0},"id":""},{"type":"Feature","geometry":{"type":"Point","coordinates":[693180.7210575878,6095225.964063379]},"properties":{"height":9.0,"crown_diameter":6.0},"id":""},{"type":"Feature","geometry":{"type":"Point","coordinates":[693353.3045329406,6095081.545699827]},"properties":{"height":9.0,"crown_diameter":6.0},"id":""},{"type":"Feature","geometry":{"type":"Point","coordinates":[693366.8786823159,6095077.747892745]},"properties":{"height":9.0,"crown_diameter":6.0},"id":""},{"type":"Feature","geometry":{"type":"Point","coordinates":[693380.1041385265,6095076.190030225]},"properties":{"height":9.0,"crown_diameter":6.0},"id":""},{"type":"Feature","geometry":{"type":"Point","coordinates":[693352.3627614622,6095095.267796697]},"properties":{"height":9.0,"crown_diameter":6.0},"id":""},{"type":"Feature","geometry":{"type":"Point","coordinates":[693374.0304133038,6095092.505781667]},"properties":{"height":9.0,"crown_diameter":6.0},"id":""},{"type":"Feature","geometry":{"type":"Point","coordinates":[693388.6712390659,6095074.052957578]},"properties":{"height":9.0,"crown_diameter":6.0},"id":""},{"type":"Feature","geometry":{"type":"Point","coordinates":[693390.6376631584,6095085.712780749]},"properties":{"height":9.0,"crown_diameter":6.0},"id":""},{"type":"Feature","geometry":{"type":"Point","coordinates":[693401.6482379809,6095074.072435168]},"properties":{"height":9.0,"crown_diameter":6.0},"id":""},{"type":"Feature","geometry":{"type":"Point","coordinates":[693411.4484401862,6095070.383369379]},"properties":{"height":9.0,"crown_diameter":6.0},"id":""},{"type":"Feature","geometry":{"type":"Point","coordinates":[693403.6301289329,6095085.7412270615]},"properties":{"height":9.0,"crown_diameter":6.0},"id":""},{"type":"Feature","geometry":{"type":"Point","coordinates":[693401.4149334121,6095091.658308404]},"properties":{"height":9.0,"crown_diameter":6.0},"id":""},{"type":"Feature","geometry":{"type":"Point","coordinates":[693426.6907450092,6095070.38215103]},"properties":{"height":9.0,"crown_diameter":6.0},"id":""},{"type":"Feature","geometry":{"type":"Point","coordinates":[693413.422518901,6095082.043025398]},"properties":{"height":9.0,"crown_diameter":6.0},"id":""},{"type":"Feature","geometry":{"type":"Point","coordinates":[693428.6648436125,6095082.041804554]},"properties":{"height":9.0,"crown_diameter":6.0},"id":""},{"type":"Feature","geometry":{"type":"Point","coordinates":[693439.1137938999,6095078.366705198]},"properties":{"height":9.0,"crown_diameter":6.0},"id":""},{"type":"Feature","geometry":{"type":"Point","coordinates":[693448.8741192817,6095075.664470701]},"properties":{"height":9.0,"crown_diameter":6.0},"id":""},{"type":"Feature","geometry":{"type":"Point","coordinates":[693448.7864220312,6095085.805587536]},"properties":{"height":9.0,"crown_diameter":6.0},"id":""},{"type":"Feature","geometry":{"type":"Point","coordinates":[693087.6300271444,6094716.49407368]},"properties":{"height":9.0,"crown_diameter":6.0},"id":""},{"type":"Feature","geometry":{"type":"Point","coordinates":[693089.957508785,6094738.983079391]},"properties":{"height":9.0,"crown_diameter":6.0},"id":""},{"type":"Feature","geometry":{"type":"Point","coordinates":[693092.2011969448,6094762.190134609]},"properties":{"height":9.0,"crown_diameter":6.0},"id":""},{"type":"Feature","geometry":{"type":"Point","coordinates":[693112.1804826896,6094685.588078672]},"properties":{"height":9.0,"crown_diameter":6.0},"id":""},{"type":"Feature","geometry":{"type":"Point","coordinates":[693128.1300320933,6094685.516368878]},"properties":{"height":9.0,"crown_diameter":6.0},"id":""},{"type":"Feature","geometry":{"type":"Point","coordinates":[693137.6878430732,6094683.348999383]},"properties":{"height":9.0,"crown_diameter":6.0},"id":""},{"type":"Feature","geometry":{"type":"Point","coordinates":[693136.0852397182,6094692.58302764]},"properties":{"height":9.0,"crown_diameter":6.0},"id":""},{"type":"Feature","geometry":{"type":"Point","coordinates":[693138.20665314,6094689.76559869]},"properties":{"height":9.0,"crown_diameter":6.0},"id":""},{"type":"Feature","geometry":{"type":"Point","coordinates":[693146.2232304877,6094687.584709805]},"properties":{"height":9.0,"crown_diameter":6.0},"id":""},{"type":"Feature","geometry":{"type":"Point","coordinates":[693154.1880643249,6094687.618806647]},"properties":{"height":9.0,"crown_diameter":6.0},"id":""},{"type":"Feature","geometry":{"type":"Point","coordinates":[693160.9048167763,6094688.860981647]},"properties":{"height":9.0,"crown_diameter":6.0},"id":""},{"type":"Feature","geometry":{"type":"Point","coordinates":[693168.6822732533,6094688.694433388]},"properties":{"height":9.0,"crown_diameter":6.0},"id":""},{"type":"Feature","geometry":{"type":"Point","coordinates":[693177.5660867139,6094688.8948708065]},"properties":{"height":9.0,"crown_diameter":6.0},"id":""},{"type":"Feature","geometry":{"type":"Point","coordinates":[693183.9111055877,6094688.452018568]},"properties":{"height":9.0,"crown_diameter":6.0},"id":""},{"type":"Feature","geometry":{"type":"Point","coordinates":[693207.8900678109,6094682.524656428]},"properties":{"height":9.0,"crown_diameter":6.0},"id":""},{"type":"Feature","geometry":{"type":"Point","coordinates":[693215.3015227846,6094682.365907047]},"properties":{"height":9.0,"crown_diameter":6.0},"id":""},{"type":"Feature","geometry":{"type":"Point","coordinates":[693100.7115182905,6094717.144251949]},"properties":{"height":9.0,"crown_diameter":6.0},"id":""},{"type":"Feature","geometry":{"type":"Point","coordinates":[693117.3788371332,6094719.5966550885]},"properties":{"height":9.0,"crown_diameter":6.0},"id":""},{"type":"Feature","geometry":{"type":"Point","coordinates":[693122.3229454341,6094728.188209774]},"properties":{"height":9.0,"crown_diameter":6.0},"id":""},{"type":"Feature","geometry":{"type":"Point","coordinates":[693127.3806178704,6094694.694919834]},"properties":{"height":9.0,"crown_diameter":6.0},"id":""},{"type":"Feature","geometry":{"type":"Point","coordinates":[693135.7140988956,6094698.051269794]},"properties":{"height":9.0,"crown_diameter":6.0},"id":""},{"type":"Feature","geometry":{"type":"Point","coordinates":[693127.6074413653,6094710.633753663]},"properties":{"height":9.0,"crown_diameter":6.0},"id":""},{"type":"Feature","geometry":{"type":"Point","coordinates":[693135.148541183,6094710.472295893]},"properties":{"height":9.0,"crown_diameter":6.0},"id":""},{"type":"Feature","geometry":{"type":"Point","coordinates":[693145.9203425975,6094694.102621641]},"properties":{"height":9.0,"crown_diameter":6.0},"id":""},{"type":"Feature","geometry":{"type":"Point","coordinates":[693124.5525515162,6094719.377957661]},"properties":{"height":9.0,"crown_diameter":6.0},"id":""},{"type":"Feature","geometry":{"type":"Point","coordinates":[693131.5268644346,6094717.684500004]},"properties":{"height":9.0,"crown_diameter":6.0},"id":""},{"type":"Feature","geometry":{"type":"Point","coordinates":[693130.7809531754,6094726.3141556755]},"properties":{"height":9.0,"crown_diameter":6.0},"id":""},{"type":"Feature","geometry":{"type":"Point","coordinates":[693101.6660497546,6094733.225639502]},"properties":{"height":9.0,"crown_diameter":6.0},"id":""},{"type":"Feature","geometry":{"type":"Point","coordinates":[693105.5155875868,6094750.910117229]},"properties":{"height":9.0,"crown_diameter":6.0},"id":""},{"type":"Feature","geometry":{"type":"Point","coordinates":[693382.862632948,6094718.755436298]},"properties":{"height":9.0,"crown_diameter":6.0},"id":""},{"type":"Feature","geometry":{"type":"Point","coordinates":[693045.3803470936,6094891.727679984]},"properties":{"height":9.0,"crown_diameter":6.0},"id":""},{"type":"Feature","geometry":{"type":"Point","coordinates":[693096.3072726013,6094775.822739319]},"properties":{"height":9.0,"crown_diameter":6.0},"id":""},{"type":"Feature","geometry":{"type":"Point","coordinates":[693112.7201613106,6094778.857330118]},"properties":{"height":9.0,"crown_diameter":6.0},"id":""},{"type":"Feature","geometry":{"type":"Point","coordinates":[693113.5290091921,6094792.765159384]},"properties":{"height":9.0,"crown_diameter":6.0},"id":""},{"type":"Feature","geometry":{"type":"Point","coordinates":[693102.2100642477,6094819.220595076]},"properties":{"height":9.0,"crown_diameter":6.0},"id":""},{"type":"Feature","geometry":{"type":"Point","coordinates":[693114.7526400511,6094814.6452537775]},"properties":{"height":9.0,"crown_diameter":6.0},"id":""},{"type":"Feature","geometry":{"type":"Point","coordinates":[693109.4488662368,6094861.594530339]},"properties":{"height":9.0,"crown_diameter":6.0},"id":""},{"type":"Feature","geometry":{"type":"Point","coordinates":[693123.2884255956,6094861.298258103]},"properties":{"height":9.0,"crown_diameter":6.0},"id":""},{"type":"Feature","geometry":{"type":"Point","coordinates":[693112.8321488177,6094886.005054181]},"properties":{"height":9.0,"crown_diameter":6.0},"id":""},{"type":"Feature","geometry":{"type":"Point","coordinates":[693126.6611506006,6094886.639208527]},"properties":{"height":9.0,"crown_diameter":6.0},"id":""},{"type":"Feature","geometry":{"type":"Point","coordinates":[693116.8364073448,6094906.281483179]},"properties":{"height":9.0,"crown_diameter":6.0},"id":""},{"type":"Feature","geometry":{"type":"Point","coordinates":[693128.0449488509,6094904.953192967]},"properties":{"height":9.0,"crown_diameter":6.0},"id":""},{"type":"Feature","geometry":{"type":"Point","coordinates":[693130.4755380689,6094920.137887513]},"properties":{"height":9.0,"crown_diameter":6.0},"id":""},{"type":"Feature","geometry":{"type":"Point","coordinates":[693123.8594607956,6094956.3900169935]},"properties":{"height":9.0,"crown_diameter":6.0},"id":""},{"type":"Feature","geometry":{"type":"Point","coordinates":[693136.7015355715,6094952.254743741]},"properties":{"height":9.0,"crown_diameter":6.0},"id":""},{"type":"Feature","geometry":{"type":"Point","coordinates":[693327.1548265853,6094948.491541168]},"properties":{"height":9.0,"crown_diameter":6.0},"id":""},{"type":"Feature","geometry":{"type":"Point","coordinates":[693337.0454063327,6094951.516689118]},"properties":{"height":9.0,"crown_diameter":6.0},"id":""},{"type":"Feature","geometry":{"type":"Point","coordinates":[693398.5242390179,6094818.39813363]},"properties":{"height":9.0,"crown_diameter":6.0},"id":""},{"type":"Feature","geometry":{"type":"Point","coordinates":[693403.2987573385,6094847.885599431]},"properties":{"height":9.0,"crown_diameter":6.0},"id":""},{"type":"Feature","geometry":{"type":"Point","coordinates":[693407.3448759317,6094876.132902989]},"properties":{"height":9.0,"crown_diameter":6.0},"id":""},{"type":"Feature","geometry":{"type":"Point","coordinates":[693412.6335621664,6094905.404696175]},"properties":{"height":9.0,"crown_diameter":6.0},"id":""},{"type":"Feature","geometry":{"type":"Point","coordinates":[693414.3135318207,6094919.358963422]},"properties":{"height":9.0,"crown_diameter":6.0},"id":""},{"type":"Feature","geometry":{"type":"Point","coordinates":[693560.9527727786,6094940.734025685]},"properties":{"height":9.0,"crown_diameter":6.0},"id":""},{"type":"Feature","geometry":{"type":"Point","coordinates":[693573.3148570869,6094938.413016627]},"properties":{"height":9.0,"crown_diameter":6.0},"id":""},{"type":"Feature","geometry":{"type":"Point","coordinates":[693587.0809501971,6094937.885065734]},"properties":{"height":9.0,"crown_diameter":6.0},"id":""},{"type":"Feature","geometry":{"type":"Point","coordinates":[693860.7468322614,6094676.331191625]},"properties":{"height":9.0,"crown_diameter":6.0},"id":""},{"type":"Feature","geometry":{"type":"Point","coordinates":[693863.2950135146,6094678.118240107]},"properties":{"height":9.0,"crown_diameter":6.0},"id":""},{"type":"Feature","geometry":{"type":"Point","coordinates":[693862.4122057128,6094690.639215542]},"properties":{"height":9.0,"crown_diameter":6.0},"id":""},{"type":"Feature","geometry":{"type":"Point","coordinates":[693865.5332117727,6094688.553587364]},"properties":{"height":9.0,"crown_diameter":6.0},"id":""},{"type":"Feature","geometry":{"type":"Point","coordinates":[693868.732170409,6094687.6104391515]},"properties":{"height":9.0,"crown_diameter":6.0},"id":""},{"type":"Feature","geometry":{"type":"Point","coordinates":[693869.1761034617,6094691.228711383]},"properties":{"height":9.0,"crown_diameter":6.0},"id":""},{"type":"Feature","geometry":{"type":"Point","coordinates":[693863.6086732909,6094700.16674292]},"properties":{"height":9.0,"crown_diameter":6.0},"id":""},{"type":"Feature","geometry":{"type":"Point","coordinates":[693867.3268404657,6094700.310082936]},"properties":{"height":9.0,"crown_diameter":6.0},"id":""},{"type":"Feature","geometry":{"type":"Point","coordinates":[693864.501394975,6094706.91947476]},"properties":{"height":9.0,"crown_diameter":6.0},"id":""},{"type":"Feature","geometry":{"type":"Point","coordinates":[693868.8283028655,6094707.700877454]},"properties":{"height":9.0,"crown_diameter":6.0},"id":""},{"type":"Feature","geometry":{"type":"Point","coordinates":[693866.3875029286,6094714.46013832]},"properties":{"height":9.0,"crown_diameter":6.0},"id":""},{"type":"Feature","geometry":{"type":"Point","coordinates":[693894.1021973904,6094692.823136916]},"properties":{"height":9.0,"crown_diameter":6.0},"id":""},{"type":"Feature","geometry":{"type":"Point","coordinates":[693875.2689665017,6094708.157785259]},"properties":{"height":9.0,"crown_diameter":6.0},"id":""},{"type":"Feature","geometry":{"type":"Point","coordinates":[693895.1840630677,6094703.050782147]},"properties":{"height":9.0,"crown_diameter":6.0},"id":""},{"type":"Feature","geometry":{"type":"Point","coordinates":[693867.0809964403,6094732.175007635]},"properties":{"height":9.0,"crown_diameter":6.0},"id":""},{"type":"Feature","geometry":{"type":"Point","coordinates":[693868.158121228,6094738.988890583]},"properties":{"height":9.0,"crown_diameter":6.0},"id":""},{"type":"Feature","geometry":{"type":"Point","coordinates":[693898.3825717696,6094723.734985766]},"properties":{"height":9.0,"crown_diameter":6.0},"id":""},{"type":"Feature","geometry":{"type":"Point","coordinates":[693876.7629538185,6094734.36685845]},"properties":{"height":9.0,"crown_diameter":6.0},"id":""},{"type":"Feature","geometry":{"type":"Point","coordinates":[693901.3375879326,6094736.285096463]},"properties":{"height":9.0,"crown_diameter":6.0},"id":""},{"type":"Feature","geometry":{"type":"Point","coordinates":[693833.1374345091,6094884.286520757]},"properties":{"height":9.0,"crown_diameter":6.0},"id":""},{"type":"Feature","geometry":{"type":"Point","coordinates":[693603.3501687115,6094933.489528137]},"properties":{"height":9.0,"crown_diameter":6.0},"id":""},{"type":"Feature","geometry":{"type":"Point","coordinates":[693615.8585420144,6094932.6536504105]},"properties":{"height":9.0,"crown_diameter":6.0},"id":""},{"type":"Feature","geometry":{"type":"Point","coordinates":[693657.2872347063,6094925.773861784]},"properties":{"height":9.0,"crown_diameter":6.0},"id":""},{"type":"Feature","geometry":{"type":"Point","coordinates":[693628.4234417741,6094932.318853507]},"properties":{"height":9.0,"crown_diameter":6.0},"id":""},{"type":"Feature","geometry":{"type":"Point","coordinates":[693672.4048842051,6094924.240048043]},"properties":{"height":9.0,"crown_diameter":6.0},"id":""},{"type":"Feature","geometry":{"type":"Point","coordinates":[693687.4390857139,6094918.819735117]},"properties":{"height":9.0,"crown_diameter":6.0},"id":""},{"type":"Feature","geometry":{"type":"Point","coordinates":[693668.3985048636,6094941.590698374]},"properties":{"height":9.0,"crown_diameter":6.0},"id":""},{"type":"Feature","geometry":{"type":"Point","coordinates":[693675.472006001,6094942.024870465]},"properties":{"height":9.0,"crown_diameter":6.0},"id":""},{"type":"Feature","geometry":{"type":"Point","coordinates":[693703.2460651759,6094918.480337646]},"properties":{"height":9.0,"crown_diameter":6.0},"id":""},{"type":"Feature","geometry":{"type":"Point","coordinates":[693719.4682360817,6094925.396914892]},"properties":{"height":9.0,"crown_diameter":6.0},"id":""},{"type":"Feature","geometry":{"type":"Point","coordinates":[693696.4822988135,6094933.536787297]},"properties":{"height":9.0,"crown_diameter":6.0},"id":""},{"type":"Feature","geometry":{"type":"Point","coordinates":[693690.481538332,6094943.98162543]},"properties":{"height":9.0,"crown_diameter":6.0},"id":""},{"type":"Feature","geometry":{"type":"Point","coordinates":[693705.7186241882,6094942.324266317]},"properties":{"height":9.0,"crown_diameter":6.0},"id":""},{"type":"Feature","geometry":{"type":"Point","coordinates":[693715.4997318088,6094938.467825636]},"properties":{"height":9.0,"crown_diameter":6.0},"id":""},{"type":"Feature","geometry":{"type":"Point","coordinates":[693733.1119155928,6094913.485631138]},"properties":{"height":9.0,"crown_diameter":6.0},"id":""},{"type":"Feature","geometry":{"type":"Point","coordinates":[693751.6968309077,6094911.421418671]},"properties":{"height":9.0,"crown_diameter":6.0},"id":""},{"type":"Feature","geometry":{"type":"Point","coordinates":[693746.2589174767,6094924.626228645]},"properties":{"height":9.0,"crown_diameter":6.0},"id":""},{"type":"Feature","geometry":{"type":"Point","coordinates":[693727.3372841661,6094935.878804514]},"properties":{"height":9.0,"crown_diameter":6.0},"id":""},{"type":"Feature","geometry":{"type":"Point","coordinates":[693739.6842960992,6094935.343886458]},"properties":{"height":9.0,"crown_diameter":6.0},"id":""},{"type":"Feature","geometry":{"type":"Point","coordinates":[693752.4354793665,6094934.446792018]},"properties":{"height":9.0,"crown_diameter":6.0},"id":""},{"type":"Feature","geometry":{"type":"Point","coordinates":[693768.5251829827,6094926.668851708]},"properties":{"height":9.0,"crown_diameter":6.0},"id":""},{"type":"Feature","geometry":{"type":"Point","coordinates":[693800.3204587366,6094925.195175044]},"properties":{"height":9.0,"crown_diameter":6.0},"id":""},{"type":"Feature","geometry":{"type":"Point","coordinates":[693788.1224836974,6094928.405973544]},"properties":{"height":9.0,"crown_diameter":6.0},"id":""},{"type":"Feature","geometry":{"type":"Point","coordinates":[693788.6460804709,6094935.734064179]},"properties":{"height":9.0,"crown_diameter":6.0},"id":""},{"type":"Feature","geometry":{"type":"Point","coordinates":[693800.8580726988,6094934.95080667]},"properties":{"height":9.0,"crown_diameter":6.0},"id":""},{"type":"Feature","geometry":{"type":"Point","coordinates":[693835.9053131787,6094922.923700212]},"properties":{"height":9.0,"crown_diameter":6.0},"id":""},{"type":"Feature","geometry":{"type":"Point","coordinates":[693845.8570040406,6094920.26341649]},"properties":{"height":9.0,"crown_diameter":6.0},"id":""},{"type":"Feature","geometry":{"type":"Point","coordinates":[693832.7051601408,6094931.2713117665]},"properties":{"height":9.0,"crown_diameter":6.0},"id":""},{"type":"Feature","geometry":{"type":"Point","coordinates":[693846.3239454406,6094935.248336361]},"properties":{"height":9.0,"crown_diameter":6.0},"id":""},{"type":"Feature","geometry":{"type":"Point","coordinates":[693878.5923583835,6094757.015325271]},"properties":{"height":9.0,"crown_diameter":6.0},"id":""},{"type":"Feature","geometry":{"type":"Point","coordinates":[693902.6055153884,6094753.038806396]},"properties":{"height":9.0,"crown_diameter":6.0},"id":""},{"type":"Feature","geometry":{"type":"Point","coordinates":[693904.5633880501,6094768.884684911]},"properties":{"height":9.0,"crown_diameter":6.0},"id":""},{"type":"Feature","geometry":{"type":"Point","coordinates":[693882.8747574835,6094782.699361476]},"properties":{"height":9.0,"crown_diameter":6.0},"id":""},{"type":"Feature","geometry":{"type":"Point","coordinates":[693885.6244136193,6094805.216422694]},"properties":{"height":9.0,"crown_diameter":6.0},"id":""},{"type":"Feature","geometry":{"type":"Point","coordinates":[693908.4139709789,6094783.703856466]},"properties":{"height":9.0,"crown_diameter":6.0},"id":""},{"type":"Feature","geometry":{"type":"Point","coordinates":[693910.8121754362,6094810.45161608]},"properties":{"height":9.0,"crown_diameter":6.0},"id":""},{"type":"Feature","geometry":{"type":"Point","coordinates":[693913.1906271706,6094824.214086957]},"properties":{"height":9.0,"crown_diameter":6.0},"id":""},{"type":"Feature","geometry":{"type":"Point","coordinates":[693889.8991744111,6094829.123922277]},"properties":{"height":9.0,"crown_diameter":6.0},"id":""},{"type":"Feature","geometry":{"type":"Point","coordinates":[693890.6084076649,6094866.735610167]},"properties":{"height":9.0,"crown_diameter":6.0},"id":""},{"type":"Feature","geometry":{"type":"Point","coordinates":[693893.0944136034,6094852.849977522]},"properties":{"height":9.0,"crown_diameter":6.0},"id":""},{"type":"Feature","geometry":{"type":"Point","coordinates":[693850.6178978751,6094881.594684947]},"properties":{"height":9.0,"crown_diameter":6.0},"id":""},{"type":"Feature","geometry":{"type":"Point","coordinates":[693864.5388095558,6094879.044426107]},"properties":{"height":9.0,"crown_diameter":6.0},"id":""},{"type":"Feature","geometry":{"type":"Point","coordinates":[693847.2785332324,6094898.372980858]},"properties":{"height":9.0,"crown_diameter":6.0},"id":""},{"type":"Feature","geometry":{"type":"Point","coordinates":[693862.6764897201,6094896.395622607]},"properties":{"height":9.0,"crown_diameter":6.0},"id":""},{"type":"Feature","geometry":{"type":"Point","coordinates":[693888.9669919638,6094875.90553611]},"properties":{"height":9.0,"crown_diameter":6.0},"id":""},{"type":"Feature","geometry":{"type":"Point","coordinates":[693877.6419086009,6094879.972096615]},"properties":{"height":9.0,"crown_diameter":6.0},"id":""},{"type":"Feature","geometry":{"type":"Point","coordinates":[693878.5011772681,6094892.976545677]},"properties":{"height":9.0,"crown_diameter":6.0},"id":""},{"type":"Feature","geometry":{"type":"Point","coordinates":[693907.4399086669,6094900.931074825]},"properties":{"height":9.0,"crown_diameter":6.0},"id":""},{"type":"Feature","geometry":{"type":"Point","coordinates":[693916.5945243562,6094846.642662607]},"properties":{"height":9.0,"crown_diameter":6.0},"id":""},{"type":"Feature","geometry":{"type":"Point","coordinates":[693952.3193093592,6094864.376491753]},"properties":{"height":9.0,"crown_diameter":6.0},"id":""},{"type":"Feature","geometry":{"type":"Point","coordinates":[693932.7668591528,6094867.206093178]},"properties":{"height":9.0,"crown_diameter":6.0},"id":""},{"type":"Feature","geometry":{"type":"Point","coordinates":[693936.2685234746,6094884.953612487]},"properties":{"height":9.0,"crown_diameter":6.0},"id":""},{"type":"Feature","geometry":{"type":"Point","coordinates":[693921.9311205187,6094886.582727087]},"properties":{"height":9.0,"crown_diameter":6.0},"id":""},{"type":"Feature","geometry":{"type":"Point","coordinates":[693950.273188206,6094881.3316797335]},"properties":{"height":9.0,"crown_diameter":6.0},"id":""},{"type":"Feature","geometry":{"type":"Point","coordinates":[693946.5322536109,6094891.1327901725]},"properties":{"height":9.0,"crown_diameter":6.0},"id":""},{"type":"Feature","geometry":{"type":"Point","coordinates":[693941.6335481206,6094897.823985759]},"properties":{"height":9.0,"crown_diameter":6.0},"id":""},{"type":"Feature","geometry":{"type":"Point","coordinates":[693948.2007760832,6094903.096610779]},"properties":{"height":9.0,"crown_diameter":6.0},"id":""},{"type":"Feature","geometry":{"type":"Point","coordinates":[693850.0027319363,6094915.448874982]},"properties":{"height":9.0,"crown_diameter":6.0},"id":""},{"type":"Feature","geometry":{"type":"Point","coordinates":[693871.6976547544,6094916.108208943]},"properties":{"height":9.0,"crown_diameter":6.0},"id":""},{"type":"Feature","geometry":{"type":"Point","coordinates":[693857.6208415655,6094930.931270369]},"properties":{"height":9.0,"crown_diameter":6.0},"id":""},{"type":"Feature","geometry":{"type":"Point","coordinates":[693860.3696895612,6094939.923124225]},"properties":{"height":9.0,"crown_diameter":6.0},"id":""},{"type":"Feature","geometry":{"type":"Point","coordinates":[693870.6987914784,6094926.78055935]},"properties":{"height":9.0,"crown_diameter":6.0},"id":""},{"type":"Feature","geometry":{"type":"Point","coordinates":[693868.7118527776,6094939.75315355]},"properties":{"height":9.0,"crown_diameter":6.0},"id":""},{"type":"Feature","geometry":{"type":"Point","coordinates":[693879.0129228274,6094914.658004609]},"properties":{"height":9.0,"crown_diameter":6.0},"id":""},{"type":"Feature","geometry":{"type":"Point","coordinates":[693890.503535588,6094915.806356501]},"properties":{"height":9.0,"crown_diameter":6.0},"id":""},{"type":"Feature","geometry":{"type":"Point","coordinates":[693903.6577185895,6094909.170300289]},"properties":{"height":9.0,"crown_diameter":6.0},"id":""},{"type":"Feature","geometry":{"type":"Point","coordinates":[693880.8473758885,6094925.827588553]},"properties":{"height":9.0,"crown_diameter":6.0},"id":""},{"type":"Feature","geometry":{"type":"Point","coordinates":[693885.2259035197,6094927.231120111]},"properties":{"height":9.0,"crown_diameter":6.0},"id":""},{"type":"Feature","geometry":{"type":"Point","coordinates":[693892.8570405713,6094925.5694704335]},"properties":{"height":9.0,"crown_diameter":6.0},"id":""},{"type":"Feature","geometry":{"type":"Point","coordinates":[693885.5859685908,6094937.595203886]},"properties":{"height":9.0,"crown_diameter":6.0},"id":""},{"type":"Feature","geometry":{"type":"Point","coordinates":[693895.3058927245,6094937.283972122]},"properties":{"height":9.0,"crown_diameter":6.0},"id":""},{"type":"Feature","geometry":{"type":"Point","coordinates":[693898.0844610175,6094937.363782104]},"properties":{"height":9.0,"crown_diameter":6.0},"id":""},{"type":"Feature","geometry":{"type":"Point","coordinates":[693904.6926154642,6094933.538120726]},"properties":{"height":9.0,"crown_diameter":6.0},"id":""},{"type":"Feature","geometry":{"type":"Point","coordinates":[693915.7207207641,6094906.780826326]},"properties":{"height":9.0,"crown_diameter":6.0},"id":""},{"type":"Feature","geometry":{"type":"Point","coordinates":[693939.255737945,6094904.6749310605]},"properties":{"height":9.0,"crown_diameter":6.0},"id":""},{"type":"Feature","geometry":{"type":"Point","coordinates":[693911.0549454092,6094932.117676003]},"properties":{"height":9.0,"crown_diameter":6.0},"id":""},{"type":"Feature","geometry":{"type":"Point","coordinates":[693942.2915938268,6094925.948651606]},"properties":{"height":9.0,"crown_diameter":6.0},"id":""},{"type":"Feature","geometry":{"type":"Point","coordinates":[693950.4684502252,6094925.186824832]},"properties":{"height":9.0,"crown_diameter":6.0},"id":""},{"type":"Feature","geometry":{"type":"Point","coordinates":[693941.3908866916,6094934.795695772]},"properties":{"height":9.0,"crown_diameter":6.0},"id":""},{"type":"Feature","geometry":{"type":"Point","coordinates":[693952.742059482,6094933.714467463]},"properties":{"height":9.0,"crown_diameter":6.0},"id":""},{"type":"Feature","geometry":{"type":"Point","coordinates":[693462.5450002447,6094955.784115335]},"properties":{"height":9.0,"crown_diameter":6.0},"id":""},{"type":"Feature","geometry":{"type":"Point","coordinates":[693458.6718322078,6094976.1642578505]},"properties":{"height":9.0,"crown_diameter":6.0},"id":""},{"type":"Feature","geometry":{"type":"Point","coordinates":[693462.5146430557,6094988.518695307]},"properties":{"height":9.0,"crown_diameter":6.0},"id":""},{"type":"Feature","geometry":{"type":"Point","coordinates":[693461.889626788,6095001.350329045]},"properties":{"height":9.0,"crown_diameter":6.0},"id":""},{"type":"Feature","geometry":{"type":"Point","coordinates":[693466.0841219622,6095005.557926441]},"properties":{"height":9.0,"crown_diameter":6.0},"id":""},{"type":"Feature","geometry":{"type":"Point","coordinates":[693464.6159071863,6095021.402904108]},"properties":{"height":9.0,"crown_diameter":6.0},"id":""},{"type":"Feature","geometry":{"type":"Point","coordinates":[693467.5151894982,6095031.024166292]},"properties":{"height":9.0,"crown_diameter":6.0},"id":""},{"type":"Feature","geometry":{"type":"Point","coordinates":[693471.1425280605,6095043.290201554]},"properties":{"height":9.0,"crown_diameter":6.0},"id":""},{"type":"Feature","geometry":{"type":"Point","coordinates":[693469.0771569489,6095050.143597728]},"properties":{"height":9.0,"crown_diameter":6.0},"id":""},{"type":"Feature","geometry":{"type":"Point","coordinates":[693461.1079434212,6095063.439693476]},"properties":{"height":9.0,"crown_diameter":6.0},"id":""},{"type":"Feature","geometry":{"type":"Point","coordinates":[693472.0198096222,6095059.65230418]},"properties":{"height":9.0,"crown_diameter":6.0},"id":""},{"type":"Feature","geometry":{"type":"Point","coordinates":[693491.9397856941,6094950.158482704]},"properties":{"height":9.0,"crown_diameter":6.0},"id":""},{"type":"Feature","geometry":{"type":"Point","coordinates":[693518.7293198084,6094949.3326890785]},"properties":{"height":9.0,"crown_diameter":6.0},"id":""},{"type":"Feature","geometry":{"type":"Point","coordinates":[693529.3054591722,6094949.105807945]},"properties":{"height":9.0,"crown_diameter":6.0},"id":""},{"type":"Feature","geometry":{"type":"Point","coordinates":[693478.9250659748,6094955.842115272]},"properties":{"height":9.0,"crown_diameter":6.0},"id":""},{"type":"Feature","geometry":{"type":"Point","coordinates":[693472.9094972238,6094975.924038002]},"properties":{"height":9.0,"crown_diameter":6.0},"id":""},{"type":"Feature","geometry":{"type":"Point","coordinates":[693487.5545270011,6094974.047198772]},"properties":{"height":9.0,"crown_diameter":6.0},"id":""},{"type":"Feature","geometry":{"type":"Point","coordinates":[693482.2429724745,6094986.049146039]},"properties":{"height":9.0,"crown_diameter":6.0},"id":""},{"type":"Feature","geometry":{"type":"Point","coordinates":[693499.0939571838,6094973.204362612]},"properties":{"height":9.0,"crown_diameter":6.0},"id":""},{"type":"Feature","geometry":{"type":"Point","coordinates":[693499.6112651678,6094983.8069133395]},"properties":{"height":9.0,"crown_diameter":6.0},"id":""},{"type":"Feature","geometry":{"type":"Point","coordinates":[693525.390430843,6094960.770858308]},"properties":{"height":9.0,"crown_diameter":6.0},"id":""},{"type":"Feature","geometry":{"type":"Point","coordinates":[693520.4907570758,6094969.210610105]},"properties":{"height":9.0,"crown_diameter":6.0},"id":""},{"type":"Feature","geometry":{"type":"Point","coordinates":[693531.7266708817,6094964.532492265]},"properties":{"height":9.0,"crown_diameter":6.0},"id":""},{"type":"Feature","geometry":{"type":"Point","coordinates":[693533.776737636,6094979.371806499]},"properties":{"height":9.0,"crown_diameter":6.0},"id":""},{"type":"Feature","geometry":{"type":"Point","coordinates":[693555.0293728751,6094949.102743981]},"properties":{"height":9.0,"crown_diameter":6.0},"id":""},{"type":"Feature","geometry":{"type":"Point","coordinates":[693573.0274191181,6094948.837493834]},"properties":{"height":9.0,"crown_diameter":6.0},"id":""},{"type":"Feature","geometry":{"type":"Point","coordinates":[693546.5429030443,6094954.280028632]},"properties":{"height":9.0,"crown_diameter":6.0},"id":""},{"type":"Feature","geometry":{"type":"Point","coordinates":[693547.2895828679,6094962.059135215]},"properties":{"height":9.0,"crown_diameter":6.0},"id":""},{"type":"Feature","geometry":{"type":"Point","coordinates":[693547.0101222274,6094967.8789184205]},"properties":{"height":9.0,"crown_diameter":6.0},"id":""},{"type":"Feature","geometry":{"type":"Point","coordinates":[693559.8077930205,6094963.102143218]},"properties":{"height":9.0,"crown_diameter":6.0},"id":""},{"type":"Feature","geometry":{"type":"Point","coordinates":[693547.0751858543,6094976.956332927]},"properties":{"height":9.0,"crown_diameter":6.0},"id":""},{"type":"Feature","geometry":{"type":"Point","coordinates":[693562.2317199637,6094973.3196102865]},"properties":{"height":9.0,"crown_diameter":6.0},"id":""},{"type":"Feature","geometry":{"type":"Point","coordinates":[693560.7866705686,6094986.68046839]},"properties":{"height":9.0,"crown_diameter":6.0},"id":""},{"type":"Feature","geometry":{"type":"Point","coordinates":[693571.1438539259,6094961.314766942]},"properties":{"height":9.0,"crown_diameter":6.0},"id":""},{"type":"Feature","geometry":{"type":"Point","coordinates":[693583.397920744,6094956.447298456]},"properties":{"height":9.0,"crown_diameter":6.0},"id":""},{"type":"Feature","geometry":{"type":"Point","coordinates":[693593.7074865941,6094958.728317715]},"properties":{"height":9.0,"crown_diameter":6.0},"id":""},{"type":"Feature","geometry":{"type":"Point","coordinates":[693573.5605673846,6094971.550990703]},"properties":{"height":9.0,"crown_diameter":6.0},"id":""},{"type":"Feature","geometry":{"type":"Point","coordinates":[693570.6863592576,6094983.723947421]},"properties":{"height":9.0,"crown_diameter":6.0},"id":""},{"type":"Feature","geometry":{"type":"Point","coordinates":[693577.0924310647,6094982.916741027]},"properties":{"height":9.0,"crown_diameter":6.0},"id":""},{"type":"Feature","geometry":{"type":"Point","coordinates":[693583.884523191,6094969.5248584375]},"properties":{"height":9.0,"crown_diameter":6.0},"id":""},{"type":"Feature","geometry":{"type":"Point","coordinates":[693591.371398132,6094978.2011566805]},"properties":{"height":9.0,"crown_diameter":6.0},"id":""},{"type":"Feature","geometry":{"type":"Point","coordinates":[693583.4953533469,6094981.607286248]},"properties":{"height":9.0,"crown_diameter":6.0},"id":""},{"type":"Feature","geometry":{"type":"Point","coordinates":[693595.6992059828,6094987.196398846]},"properties":{"height":9.0,"crown_diameter":6.0},"id":""},{"type":"Feature","geometry":{"type":"Point","coordinates":[693474.6217154165,6094999.914524676]},"properties":{"height":9.0,"crown_diameter":6.0},"id":""},{"type":"Feature","geometry":{"type":"Point","coordinates":[693479.1621520135,6095005.668140343]},"properties":{"height":9.0,"crown_diameter":6.0},"id":""},{"type":"Feature","geometry":{"type":"Point","coordinates":[693495.9678608277,6094997.11258469]},"properties":{"height":9.0,"crown_diameter":6.0},"id":""},{"type":"Feature","geometry":{"type":"Point","coordinates":[693490.2217366553,6095005.570471728]},"properties":{"height":9.0,"crown_diameter":6.0},"id":""},{"type":"Feature","geometry":{"type":"Point","coordinates":[693501.664589009,6095000.934467295]},"properties":{"height":9.0,"crown_diameter":6.0},"id":""},{"type":"Feature","geometry":{"type":"Point","coordinates":[693475.6729581511,6095019.407689784]},"properties":{"height":9.0,"crown_diameter":6.0},"id":""},{"type":"Feature","geometry":{"type":"Point","coordinates":[693490.685960211,6095016.899720727]},"properties":{"height":9.0,"crown_diameter":6.0},"id":""},{"type":"Feature","geometry":{"type":"Point","coordinates":[693501.4207590634,6095016.241579862]},"properties":{"height":9.0,"crown_diameter":6.0},"id":""},{"type":"Feature","geometry":{"type":"Point","coordinates":[693493.585070376,6095026.5116779525]},"properties":{"height":9.0,"crown_diameter":6.0},"id":""},{"type":"Feature","geometry":{"type":"Point","coordinates":[693504.3200801453,6095025.862831906]},"properties":{"height":9.0,"crown_diameter":6.0},"id":""},{"type":"Feature","geometry":{"type":"Point","coordinates":[693513.0019014771,6094999.202953339]},"properties":{"height":9.0,"crown_diameter":6.0},"id":""},{"type":"Feature","geometry":{"type":"Point","coordinates":[693527.4943231527,6094998.389759528]},"properties":{"height":9.0,"crown_diameter":6.0},"id":""},{"type":"Feature","geometry":{"type":"Point","coordinates":[693513.3703973957,6095013.892299095]},"properties":{"height":9.0,"crown_diameter":6.0},"id":""},{"type":"Feature","geometry":{"type":"Point","coordinates":[693516.2621056623,6095023.513711416]},"properties":{"height":9.0,"crown_diameter":6.0},"id":""},{"type":"Feature","geometry":{"type":"Point","coordinates":[693523.4190435386,6095010.76520068]},"properties":{"height":9.0,"crown_diameter":6.0},"id":""},{"type":"Feature","geometry":{"type":"Point","coordinates":[693526.3185867046,6095020.395744441]},"properties":{"height":9.0,"crown_diameter":6.0},"id":""},{"type":"Feature","geometry":{"type":"Point","coordinates":[693478.5720526015,6095029.019651142]},"properties":{"height":9.0,"crown_diameter":6.0},"id":""},{"type":"Feature","geometry":{"type":"Point","coordinates":[693476.4737869945,6095043.231680045]},"properties":{"height":9.0,"crown_diameter":6.0},"id":""},{"type":"Feature","geometry":{"type":"Point","coordinates":[693483.153522131,6095043.088422432]},"properties":{"height":9.0,"crown_diameter":6.0},"id":""},{"type":"Feature","geometry":{"type":"Point","coordinates":[693490.0428714659,6095042.04766684]},"properties":{"height":9.0,"crown_diameter":6.0},"id":""},{"type":"Feature","geometry":{"type":"Point","coordinates":[693495.5967534455,6095041.342517413]},"properties":{"height":9.0,"crown_diameter":6.0},"id":""},{"type":"Feature","geometry":{"type":"Point","coordinates":[693474.423471013,6095050.075452773]},"properties":{"height":9.0,"crown_diameter":6.0},"id":""},{"type":"Feature","geometry":{"type":"Point","coordinates":[693481.0955858805,6095049.932360433]},"properties":{"height":9.0,"crown_diameter":6.0},"id":""},{"type":"Feature","geometry":{"type":"Point","coordinates":[693487.9849406376,6095048.891606657]},"properties":{"height":9.0,"crown_diameter":6.0},"id":""},{"type":"Feature","geometry":{"type":"Point","coordinates":[693485.6644783248,6095059.145728225]},"properties":{"height":9.0,"crown_diameter":6.0},"id":""},{"type":"Feature","geometry":{"type":"Point","coordinates":[693493.5388269443,6095048.186458688]},"properties":{"height":9.0,"crown_diameter":6.0},"id":""},{"type":"Feature","geometry":{"type":"Point","coordinates":[693520.4562793911,6095036.595455157]},"properties":{"height":9.0,"crown_diameter":6.0},"id":""},{"type":"Feature","geometry":{"type":"Point","coordinates":[693518.3909469277,6095043.448864344]},"properties":{"height":9.0,"crown_diameter":6.0},"id":""},{"type":"Feature","geometry":{"type":"Point","coordinates":[693527.9213056882,6095035.719060232]},"properties":{"height":9.0,"crown_diameter":6.0},"id":""},{"type":"Feature","geometry":{"type":"Point","coordinates":[693525.8634048519,6095042.563010031]},"properties":{"height":9.0,"crown_diameter":6.0},"id":""},{"type":"Feature","geometry":{"type":"Point","coordinates":[693505.7673731905,6095053.858883165]},"properties":{"height":9.0,"crown_diameter":6.0},"id":""},{"type":"Feature","geometry":{"type":"Point","coordinates":[693507.7341473211,6095065.5279852245]},"properties":{"height":9.0,"crown_diameter":6.0},"id":""},{"type":"Feature","geometry":{"type":"Point","coordinates":[693521.3681872858,6095052.789379072]},"properties":{"height":9.0,"crown_diameter":6.0},"id":""},{"type":"Feature","geometry":{"type":"Point","coordinates":[693535.4407981717,6095051.2503209105]},"properties":{"height":9.0,"crown_diameter":6.0},"id":""},{"type":"Feature","geometry":{"type":"Point","coordinates":[693523.3500327987,6095064.448853683]},"properties":{"height":9.0,"crown_diameter":6.0},"id":""},{"type":"Feature","geometry":{"type":"Point","coordinates":[693536.5524832662,6094996.744316319]},"properties":{"height":9.0,"crown_diameter":6.0},"id":""},{"type":"Feature","geometry":{"type":"Point","coordinates":[693549.1777424756,6094994.240960721]},"properties":{"height":9.0,"crown_diameter":6.0},"id":""},{"type":"Feature","geometry":{"type":"Point","coordinates":[693554.1311494494,6094993.995154923]},"properties":{"height":9.0,"crown_diameter":6.0},"id":""},{"type":"Feature","geometry":{"type":"Point","coordinates":[693553.826566762,6095006.466450032]},"properties":{"height":9.0,"crown_diameter":6.0},"id":""},{"type":"Feature","geometry":{"type":"Point","coordinates":[693562.7215879885,6095003.26173484]},"properties":{"height":9.0,"crown_diameter":6.0},"id":""},{"type":"Feature","geometry":{"type":"Point","coordinates":[693536.8552111984,6095009.78861019]},"properties":{"height":9.0,"crown_diameter":6.0},"id":""},{"type":"Feature","geometry":{"type":"Point","coordinates":[693539.7547687382,6095019.419150249]},"properties":{"height":9.0,"crown_diameter":6.0},"id":""},{"type":"Feature","geometry":{"type":"Point","coordinates":[693561.2415071647,6095017.4791332595]},"properties":{"height":9.0,"crown_diameter":6.0},"id":""},{"type":"Feature","geometry":{"type":"Point","coordinates":[693571.6385192128,6094990.056824627]},"properties":{"height":9.0,"crown_diameter":6.0},"id":""},{"type":"Feature","geometry":{"type":"Point","coordinates":[693577.0928628364,6094990.758369709]},"properties":{"height":9.0,"crown_diameter":6.0},"id":""},{"type":"Feature","geometry":{"type":"Point","coordinates":[693581.5000638799,6094988.877804124]},"properties":{"height":9.0,"crown_diameter":6.0},"id":""},{"type":"Feature","geometry":{"type":"Point","coordinates":[693573.0221753583,6095002.27794981]},"properties":{"height":9.0,"crown_diameter":6.0},"id":""},{"type":"Feature","geometry":{"type":"Point","coordinates":[693589.1940733421,6094989.0754812695]},"properties":{"height":9.0,"crown_diameter":6.0},"id":""},{"type":"Feature","geometry":{"type":"Point","coordinates":[693585.7865979231,6095000.57153422]},"properties":{"height":9.0,"crown_diameter":6.0},"id":""},{"type":"Feature","geometry":{"type":"Point","coordinates":[693597.7515914465,6095000.361284044]},"properties":{"height":9.0,"crown_diameter":6.0},"id":""},{"type":"Feature","geometry":{"type":"Point","coordinates":[693569.1661584652,6095015.625427024]},"properties":{"height":9.0,"crown_diameter":6.0},"id":""},{"type":"Feature","geometry":{"type":"Point","coordinates":[693573.7946842618,6095015.526112963]},"properties":{"height":9.0,"crown_diameter":6.0},"id":""},{"type":"Feature","geometry":{"type":"Point","coordinates":[693579.6678022238,6095026.143971097]},"properties":{"height":9.0,"crown_diameter":6.0},"id":""},{"type":"Feature","geometry":{"type":"Point","coordinates":[693584.6172563658,6095012.559078125]},"properties":{"height":9.0,"crown_diameter":6.0},"id":""},{"type":"Feature","geometry":{"type":"Point","coordinates":[693593.2176496257,6095013.044271573]},"properties":{"height":9.0,"crown_diameter":6.0},"id":""},{"type":"Feature","geometry":{"type":"Point","coordinates":[693597.3581588108,6095012.955417866]},"properties":{"height":9.0,"crown_diameter":6.0},"id":""},{"type":"Feature","geometry":{"type":"Point","coordinates":[693537.4148371234,6095062.900659025]},"properties":{"height":9.0,"crown_diameter":6.0},"id":""},{"type":"Feature","geometry":{"type":"Point","coordinates":[693571.9378087732,6095027.826072203]},"properties":{"height":9.0,"crown_diameter":6.0},"id":""},{"type":"Feature","geometry":{"type":"Point","coordinates":[693572.066487273,6095033.823140258]},"properties":{"height":9.0,"crown_diameter":6.0},"id":""},{"type":"Feature","geometry":{"type":"Point","coordinates":[693579.8282079379,6095033.619386303]},"properties":{"height":9.0,"crown_diameter":6.0},"id":""},{"type":"Feature","geometry":{"type":"Point","coordinates":[693580.4106885052,6095043.699623801]},"properties":{"height":9.0,"crown_diameter":6.0},"id":""},{"type":"Feature","geometry":{"type":"Point","coordinates":[693591.705012836,6095029.653006287]},"properties":{"height":9.0,"crown_diameter":6.0},"id":""},{"type":"Feature","geometry":{"type":"Point","coordinates":[693593.8585638818,6095042.555263049]},"properties":{"height":9.0,"crown_diameter":6.0},"id":""},{"type":"Feature","geometry":{"type":"Point","coordinates":[693587.89758957,6095062.329132584]},"properties":{"height":9.0,"crown_diameter":6.0},"id":""},{"type":"Feature","geometry":{"type":"Point","coordinates":[693463.0822855632,6095075.108639207]},"properties":{"height":9.0,"crown_diameter":6.0},"id":""},{"type":"Feature","geometry":{"type":"Point","coordinates":[693473.9939662067,6095071.311950373]},"properties":{"height":9.0,"crown_diameter":6.0},"id":""},{"type":"Feature","geometry":{"type":"Point","coordinates":[693466.9797926358,6095083.96433105]},"properties":{"height":9.0,"crown_diameter":6.0},"id":""},{"type":"Feature","geometry":{"type":"Point","coordinates":[693487.6462779458,6095070.805208651]},"properties":{"height":9.0,"crown_diameter":6.0},"id":""},{"type":"Feature","geometry":{"type":"Point","coordinates":[693529.6214728428,6095084.034682283]},"properties":{"height":9.0,"crown_diameter":6.0},"id":""},{"type":"Feature","geometry":{"type":"Point","coordinates":[693509.4283184782,6095090.095583348]},"properties":{"height":9.0,"crown_diameter":6.0},"id":""},{"type":"Feature","geometry":{"type":"Point","coordinates":[693544.5231813798,6095069.222394589]},"properties":{"height":9.0,"crown_diameter":6.0},"id":""},{"type":"Feature","geometry":{"type":"Point","coordinates":[693565.28279866,6095067.521224467]},"properties":{"height":9.0,"crown_diameter":6.0},"id":""},{"type":"Feature","geometry":{"type":"Point","coordinates":[693607.1274551591,6094956.645019228]},"properties":{"height":9.0,"crown_diameter":6.0},"id":""},{"type":"Feature","geometry":{"type":"Point","coordinates":[693609.551634879,6094966.871773688]},"properties":{"height":9.0,"crown_diameter":6.0},"id":""},{"type":"Feature","geometry":{"type":"Point","coordinates":[693618.6944644172,6094953.178254038]},"properties":{"height":9.0,"crown_diameter":6.0},"id":""},{"type":"Feature","geometry":{"type":"Point","coordinates":[693619.4092448523,6094964.799796068]},"properties":{"height":9.0,"crown_diameter":6.0},"id":""},{"type":"Feature","geometry":{"type":"Point","coordinates":[693607.7396331263,6094976.994099059]},"properties":{"height":9.0,"crown_diameter":6.0},"id":""},{"type":"Feature","geometry":{"type":"Point","coordinates":[693600.3438093081,6094986.780455063]},"properties":{"height":9.0,"crown_diameter":6.0},"id":""},{"type":"Feature","geometry":{"type":"Point","coordinates":[693609.2440143154,6094985.240649855]},"properties":{"height":9.0,"crown_diameter":6.0},"id":""},{"type":"Feature","geometry":{"type":"Point","coordinates":[693614.2370739972,6094977.245340241]},"properties":{"height":9.0,"crown_diameter":6.0},"id":""},{"type":"Feature","geometry":{"type":"Point","coordinates":[693624.0962072688,6094975.954698962]},"properties":{"height":9.0,"crown_diameter":6.0},"id":""},{"type":"Feature","geometry":{"type":"Point","coordinates":[693620.1399059377,6094977.872119177]},"properties":{"height":9.0,"crown_diameter":6.0},"id":""},{"type":"Feature","geometry":{"type":"Point","coordinates":[693613.4837662382,6094984.0892227385]},"properties":{"height":9.0,"crown_diameter":6.0},"id":""},{"type":"Feature","geometry":{"type":"Point","coordinates":[693619.6695762145,6094984.393658837]},"properties":{"height":9.0,"crown_diameter":6.0},"id":""},{"type":"Feature","geometry":{"type":"Point","coordinates":[693624.2164047831,6094984.3983940305]},"properties":{"height":9.0,"crown_diameter":6.0},"id":""},{"type":"Feature","geometry":{"type":"Point","coordinates":[693630.6722110823,6094953.209536176]},"properties":{"height":9.0,"crown_diameter":6.0},"id":""},{"type":"Feature","geometry":{"type":"Point","coordinates":[693631.3874061164,6094964.8496734835]},"properties":{"height":9.0,"crown_diameter":6.0},"id":""},{"type":"Feature","geometry":{"type":"Point","coordinates":[693644.375660515,6094949.761994939]},"properties":{"height":9.0,"crown_diameter":6.0},"id":""},{"type":"Feature","geometry":{"type":"Point","coordinates":[693655.7501790968,6094948.34576755]},"properties":{"height":9.0,"crown_diameter":6.0},"id":""},{"type":"Feature","geometry":{"type":"Point","coordinates":[693645.0906738027,6094961.392834179]},"properties":{"height":9.0,"crown_diameter":6.0},"id":""},{"type":"Feature","geometry":{"type":"Point","coordinates":[693656.4652071302,6094959.976606533]},"properties":{"height":9.0,"crown_diameter":6.0},"id":""},{"type":"Feature","geometry":{"type":"Point","coordinates":[693630.143078608,6094976.894650051]},"properties":{"height":9.0,"crown_diameter":6.0},"id":""},{"type":"Feature","geometry":{"type":"Point","coordinates":[693648.0061460335,6094971.404389808]},"properties":{"height":9.0,"crown_diameter":6.0},"id":""},{"type":"Feature","geometry":{"type":"Point","coordinates":[693655.17384713,6094971.250526905]},"properties":{"height":9.0,"crown_diameter":6.0},"id":""},{"type":"Feature","geometry":{"type":"Point","coordinates":[693659.062706291,6094971.167045709]},"properties":{"height":9.0,"crown_diameter":6.0},"id":""},{"type":"Feature","geometry":{"type":"Point","coordinates":[693654.0426622722,6094978.614140244]},"properties":{"height":9.0,"crown_diameter":6.0},"id":""},{"type":"Feature","geometry":{"type":"Point","coordinates":[693669.1614137876,6094957.583179566]},"properties":{"height":9.0,"crown_diameter":6.0},"id":""},{"type":"Feature","geometry":{"type":"Point","coordinates":[693678.4643206407,6094955.969543746]},"properties":{"height":9.0,"crown_diameter":6.0},"id":""},{"type":"Feature","geometry":{"type":"Point","coordinates":[693677.6931001866,6094967.306718794]},"properties":{"height":9.0,"crown_diameter":6.0},"id":""},{"type":"Feature","geometry":{"type":"Point","coordinates":[693686.4319128641,6094967.844661818]},"properties":{"height":9.0,"crown_diameter":6.0},"id":""},{"type":"Feature","geometry":{"type":"Point","coordinates":[693684.00123173,6094973.664131032]},"properties":{"height":9.0,"crown_diameter":6.0},"id":""},{"type":"Feature","geometry":{"type":"Point","coordinates":[693691.1813609913,6094955.612791073]},"properties":{"height":9.0,"crown_diameter":6.0},"id":""},{"type":"Feature","geometry":{"type":"Point","coordinates":[693700.907082145,6094953.794710182]},"properties":{"height":9.0,"crown_diameter":6.0},"id":""},{"type":"Feature","geometry":{"type":"Point","coordinates":[693694.6235439964,6094966.347889641]},"properties":{"height":9.0,"crown_diameter":6.0},"id":""},{"type":"Feature","geometry":{"type":"Point","coordinates":[693701.5689475292,6094964.012776079]},"properties":{"height":9.0,"crown_diameter":6.0},"id":""},{"type":"Feature","geometry":{"type":"Point","coordinates":[693715.7594833798,6094950.564242827]},"properties":{"height":9.0,"crown_diameter":6.0},"id":""},{"type":"Feature","geometry":{"type":"Point","coordinates":[693709.2651798265,6094963.959146196]},"properties":{"height":9.0,"crown_diameter":6.0},"id":""},{"type":"Feature","geometry":{"type":"Point","coordinates":[693717.4134878321,6094962.221429296]},"properties":{"height":9.0,"crown_diameter":6.0},"id":""},{"type":"Feature","geometry":{"type":"Point","coordinates":[693691.9674270656,6094973.037294141]},"properties":{"height":9.0,"crown_diameter":6.0},"id":""},{"type":"Feature","geometry":{"type":"Point","coordinates":[693700.159062378,6094971.540517115]},"properties":{"height":9.0,"crown_diameter":6.0},"id":""},{"type":"Feature","geometry":{"type":"Point","coordinates":[693696.3981824991,6094984.690676012]},"properties":{"height":9.0,"crown_diameter":6.0},"id":""},{"type":"Feature","geometry":{"type":"Point","coordinates":[693707.1044688673,6094969.20539942]},"properties":{"height":9.0,"crown_diameter":6.0},"id":""},{"type":"Feature","geometry":{"type":"Point","coordinates":[693714.8007058646,6094969.1517650075]},"properties":{"height":9.0,"crown_diameter":6.0},"id":""},{"type":"Feature","geometry":{"type":"Point","coordinates":[693708.0407776029,6094981.901224986]},"properties":{"height":9.0,"crown_diameter":6.0},"id":""},{"type":"Feature","geometry":{"type":"Point","coordinates":[693720.2412906126,6094980.225328566]},"properties":{"height":9.0,"crown_diameter":6.0},"id":""},{"type":"Feature","geometry":{"type":"Point","coordinates":[693608.5116411578,6094999.814097097]},"properties":{"height":9.0,"crown_diameter":6.0},"id":""},{"type":"Feature","geometry":{"type":"Point","coordinates":[693623.5184649156,6094993.11080436]},"properties":{"height":9.0,"crown_diameter":6.0},"id":""},{"type":"Feature","geometry":{"type":"Point","coordinates":[693628.9643663213,6095005.858673701]},"properties":{"height":9.0,"crown_diameter":6.0},"id":""},{"type":"Feature","geometry":{"type":"Point","coordinates":[693606.3312222447,6095009.832703007]},"properties":{"height":9.0,"crown_diameter":6.0},"id":""},{"type":"Feature","geometry":{"type":"Point","coordinates":[693608.7881474162,6095009.854391467]},"properties":{"height":9.0,"crown_diameter":6.0},"id":""},{"type":"Feature","geometry":{"type":"Point","coordinates":[693616.4463427884,6095007.671486847]},"properties":{"height":9.0,"crown_diameter":6.0},"id":""},{"type":"Feature","geometry":{"type":"Point","coordinates":[693622.4703633904,6095020.3418377135]},"properties":{"height":9.0,"crown_diameter":6.0},"id":""},{"type":"Feature","geometry":{"type":"Point","coordinates":[693633.105775621,6094993.016652763]},"properties":{"height":9.0,"crown_diameter":6.0},"id":""},{"type":"Feature","geometry":{"type":"Point","coordinates":[693643.8157162751,6094991.912374666]},"properties":{"height":9.0,"crown_diameter":6.0},"id":""},{"type":"Feature","geometry":{"type":"Point","coordinates":[693655.7140794677,6094988.243108328]},"properties":{"height":9.0,"crown_diameter":6.0},"id":""},{"type":"Feature","geometry":{"type":"Point","coordinates":[693648.1988264247,6095003.836559024]},"properties":{"height":9.0,"crown_diameter":6.0},"id":""},{"type":"Feature","geometry":{"type":"Point","coordinates":[693636.9609255748,6095006.645149605]},"properties":{"height":9.0,"crown_diameter":6.0},"id":""},{"type":"Feature","geometry":{"type":"Point","coordinates":[693640.8333317306,6095020.366295502]},"properties":{"height":9.0,"crown_diameter":6.0},"id":""},{"type":"Feature","geometry":{"type":"Point","coordinates":[693647.0745823901,6095020.409066632]},"properties":{"height":9.0,"crown_diameter":6.0},"id":""},{"type":"Feature","geometry":{"type":"Point","coordinates":[693600.8355745673,6095041.689280206]},"properties":{"height":9.0,"crown_diameter":6.0},"id":""},{"type":"Feature","geometry":{"type":"Point","coordinates":[693613.4677418438,6095040.571697066]},"properties":{"height":9.0,"crown_diameter":6.0},"id":""},{"type":"Feature","geometry":{"type":"Point","coordinates":[693616.4925974566,6095026.888557864]},"properties":{"height":9.0,"crown_diameter":6.0},"id":""},{"type":"Feature","geometry":{"type":"Point","coordinates":[693626.5715523019,6095026.951301055]},"properties":{"height":9.0,"crown_diameter":6.0},"id":""},{"type":"Feature","geometry":{"type":"Point","coordinates":[693612.9351316267,6095055.922229603]},"properties":{"height":9.0,"crown_diameter":6.0},"id":""},{"type":"Feature","geometry":{"type":"Point","coordinates":[693648.4139401293,6095034.826424887]},"properties":{"height":9.0,"crown_diameter":6.0},"id":""},{"type":"Feature","geometry":{"type":"Point","coordinates":[693651.9901906063,6095034.749658754]},"properties":{"height":9.0,"crown_diameter":6.0},"id":""},{"type":"Feature","geometry":{"type":"Point","coordinates":[693660.4426808698,6095042.558690872]},"properties":{"height":9.0,"crown_diameter":6.0},"id":""},{"type":"Feature","geometry":{"type":"Point","coordinates":[693638.9027752061,6095055.885809557]},"properties":{"height":9.0,"crown_diameter":6.0},"id":""},{"type":"Feature","geometry":{"type":"Point","coordinates":[693650.7391281069,6095046.125033766]},"properties":{"height":9.0,"crown_diameter":6.0},"id":""},{"type":"Feature","geometry":{"type":"Point","coordinates":[693666.2266343539,6094988.249986336]},"properties":{"height":9.0,"crown_diameter":6.0},"id":""},{"type":"Feature","geometry":{"type":"Point","coordinates":[693683.7143976544,6094986.95364349]},"properties":{"height":9.0,"crown_diameter":6.0},"id":""},{"type":"Feature","geometry":{"type":"Point","coordinates":[693684.414010499,6094998.575510925]},"properties":{"height":9.0,"crown_diameter":6.0},"id":""},{"type":"Feature","geometry":{"type":"Point","coordinates":[693666.756690969,6095015.428550052]},"properties":{"height":9.0,"crown_diameter":6.0},"id":""},{"type":"Feature","geometry":{"type":"Point","coordinates":[693663.5839336519,6095022.929012102]},"properties":{"height":9.0,"crown_diameter":6.0},"id":""},{"type":"Feature","geometry":{"type":"Point","coordinates":[693682.4178786003,6095008.645996496]},"properties":{"height":9.0,"crown_diameter":6.0},"id":""},{"type":"Feature","geometry":{"type":"Point","coordinates":[693687.7525173272,6095008.745411576]},"properties":{"height":9.0,"crown_diameter":6.0},"id":""},{"type":"Feature","geometry":{"type":"Point","coordinates":[693688.7810550685,6095016.499858303]},"properties":{"height":9.0,"crown_diameter":6.0},"id":""},{"type":"Feature","geometry":{"type":"Point","coordinates":[693697.0982110639,6094996.33113876]},"properties":{"height":9.0,"crown_diameter":6.0},"id":""},{"type":"Feature","geometry":{"type":"Point","coordinates":[693708.7560717865,6094993.541360049]},"properties":{"height":9.0,"crown_diameter":6.0},"id":""},{"type":"Feature","geometry":{"type":"Point","coordinates":[693720.9564009729,6094991.856165572]},"properties":{"height":9.0,"crown_diameter":6.0},"id":""},{"type":"Feature","geometry":{"type":"Point","coordinates":[693721.9680595105,6095003.796904848]},"properties":{"height":9.0,"crown_diameter":6.0},"id":""},{"type":"Feature","geometry":{"type":"Point","coordinates":[693694.0651027325,6095007.8471092405]},"properties":{"height":9.0,"crown_diameter":6.0},"id":""},{"type":"Feature","geometry":{"type":"Point","coordinates":[693707.214698891,6095007.025250031]},"properties":{"height":9.0,"crown_diameter":6.0},"id":""},{"type":"Feature","geometry":{"type":"Point","coordinates":[693707.3446660527,6095013.078106867]},"properties":{"height":9.0,"crown_diameter":6.0},"id":""},{"type":"Feature","geometry":{"type":"Point","coordinates":[693693.241828386,6095016.40408466]},"properties":{"height":9.0,"crown_diameter":6.0},"id":""},{"type":"Feature","geometry":{"type":"Point","coordinates":[693700.0065439527,6095015.244915175]},"properties":{"height":9.0,"crown_diameter":6.0},"id":""},{"type":"Feature","geometry":{"type":"Point","coordinates":[693716.7562777549,6095006.931992561]},"properties":{"height":9.0,"crown_diameter":6.0},"id":""},{"type":"Feature","geometry":{"type":"Point","coordinates":[693720.7709751662,6095012.352609539]},"properties":{"height":9.0,"crown_diameter":6.0},"id":""},{"type":"Feature","geometry":{"type":"Point","coordinates":[693722.4616344918,6095022.874155313]},"properties":{"height":9.0,"crown_diameter":6.0},"id":""},{"type":"Feature","geometry":{"type":"Point","coordinates":[693664.1536157897,6095031.697933686]},"properties":{"height":9.0,"crown_diameter":6.0},"id":""},{"type":"Feature","geometry":{"type":"Point","coordinates":[693668.7259402375,6095031.82302757]},"properties":{"height":9.0,"crown_diameter":6.0},"id":""},{"type":"Feature","geometry":{"type":"Point","coordinates":[693690.557353469,6095028.879982667]},"properties":{"height":9.0,"crown_diameter":6.0},"id":""},{"type":"Feature","geometry":{"type":"Point","coordinates":[693675.1399322039,6095049.86157169]},"properties":{"height":9.0,"crown_diameter":6.0},"id":""},{"type":"Feature","geometry":{"type":"Point","coordinates":[693690.289687053,6095046.6154717235]},"properties":{"height":9.0,"crown_diameter":6.0},"id":""},{"type":"Feature","geometry":{"type":"Point","coordinates":[693696.4756745109,6095027.738988571]},"properties":{"height":9.0,"crown_diameter":6.0},"id":""},{"type":"Feature","geometry":{"type":"Point","coordinates":[693703.6111978842,6095025.01840982]},"properties":{"height":9.0,"crown_diameter":6.0},"id":""},{"type":"Feature","geometry":{"type":"Point","coordinates":[693712.6547577925,6095024.824226281]},"properties":{"height":9.0,"crown_diameter":6.0},"id":""},{"type":"Feature","geometry":{"type":"Point","coordinates":[693714.6316071907,6095044.0556671545]},"properties":{"height":9.0,"crown_diameter":6.0},"id":""},{"type":"Feature","geometry":{"type":"Point","coordinates":[693766.1808770824,6094943.965252655]},"properties":{"height":9.0,"crown_diameter":6.0},"id":""},{"type":"Feature","geometry":{"type":"Point","coordinates":[693727.5968521652,6094947.965924298]},"properties":{"height":9.0,"crown_diameter":6.0},"id":""},{"type":"Feature","geometry":{"type":"Point","coordinates":[693723.6966122604,6094960.663289455]},"properties":{"height":9.0,"crown_diameter":6.0},"id":""},{"type":"Feature","geometry":{"type":"Point","coordinates":[693739.9438806856,6094947.431006605]},"properties":{"height":9.0,"crown_diameter":6.0},"id":""},{"type":"Feature","geometry":{"type":"Point","coordinates":[693752.6954804995,6094946.552508112]},"properties":{"height":9.0,"crown_diameter":6.0},"id":""},{"type":"Feature","geometry":{"type":"Point","coordinates":[693741.671761051,6094962.881849853]},"properties":{"height":9.0,"crown_diameter":6.0},"id":""},{"type":"Feature","geometry":{"type":"Point","coordinates":[693750.6207994041,6094962.196644324]},"properties":{"height":9.0,"crown_diameter":6.0},"id":""},{"type":"Feature","geometry":{"type":"Point","coordinates":[693722.9488182314,6094967.404745492]},"properties":{"height":9.0,"crown_diameter":6.0},"id":""},{"type":"Feature","geometry":{"type":"Point","coordinates":[693733.0300999796,6094965.802244866]},"properties":{"height":9.0,"crown_diameter":6.0},"id":""},{"type":"Feature","geometry":{"type":"Point","coordinates":[693731.4124328123,6094978.2180423755]},"properties":{"height":9.0,"crown_diameter":6.0},"id":""},{"type":"Feature","geometry":{"type":"Point","coordinates":[693743.9462517423,6094976.432632815]},"properties":{"height":9.0,"crown_diameter":6.0},"id":""},{"type":"Feature","geometry":{"type":"Point","coordinates":[693757.8967821368,6094955.0080058295]},"properties":{"height":9.0,"crown_diameter":6.0},"id":""},{"type":"Feature","geometry":{"type":"Point","coordinates":[693759.3238864066,6094962.846909022]},"properties":{"height":9.0,"crown_diameter":6.0},"id":""},{"type":"Feature","geometry":{"type":"Point","coordinates":[693766.1064938584,6094958.971096791]},"properties":{"height":9.0,"crown_diameter":6.0},"id":""},{"type":"Feature","geometry":{"type":"Point","coordinates":[693767.7050634533,6094973.727059649]},"properties":{"height":9.0,"crown_diameter":6.0},"id":""},{"type":"Feature","geometry":{"type":"Point","coordinates":[693756.1805758306,6094975.621053677]},"properties":{"height":9.0,"crown_diameter":6.0},"id":""},{"type":"Feature","geometry":{"type":"Point","coordinates":[693803.2307626696,6094944.54608818]},"properties":{"height":9.0,"crown_diameter":6.0},"id":""},{"type":"Feature","geometry":{"type":"Point","coordinates":[693790.3065473492,6094945.91207451]},"properties":{"height":9.0,"crown_diameter":6.0},"id":""},{"type":"Feature","geometry":{"type":"Point","coordinates":[693791.0046077789,6094956.389821066]},"properties":{"height":9.0,"crown_diameter":6.0},"id":""},{"type":"Feature","geometry":{"type":"Point","coordinates":[693793.0930789897,6094962.698275063]},"properties":{"height":9.0,"crown_diameter":6.0},"id":""},{"type":"Feature","geometry":{"type":"Point","coordinates":[693804.0317798797,6094950.938011007]},"properties":{"height":9.0,"crown_diameter":6.0},"id":""},{"type":"Feature","geometry":{"type":"Point","coordinates":[693804.8220973797,6094960.027766002]},"properties":{"height":9.0,"crown_diameter":6.0},"id":""},{"type":"Feature","geometry":{"type":"Point","coordinates":[693796.1449973218,6094980.474096061]},"properties":{"height":9.0,"crown_diameter":6.0},"id":""},{"type":"Feature","geometry":{"type":"Point","coordinates":[693836.0310898528,6094952.9202041095]},"properties":{"height":9.0,"crown_diameter":6.0},"id":""},{"type":"Feature","geometry":{"type":"Point","coordinates":[693844.7667436115,6094944.43504413]},"properties":{"height":9.0,"crown_diameter":6.0},"id":""},{"type":"Feature","geometry":{"type":"Point","coordinates":[693844.871632465,6094949.316382289]},"properties":{"height":9.0,"crown_diameter":6.0},"id":""},{"type":"Feature","geometry":{"type":"Point","coordinates":[693836.5821603705,6094962.945306912]},"properties":{"height":9.0,"crown_diameter":6.0},"id":""},{"type":"Feature","geometry":{"type":"Point","coordinates":[693732.1273580075,6094989.839581358]},"properties":{"height":9.0,"crown_diameter":6.0},"id":""},{"type":"Feature","geometry":{"type":"Point","coordinates":[693727.161164456,6095002.634254074]},"properties":{"height":9.0,"crown_diameter":6.0},"id":""},{"type":"Feature","geometry":{"type":"Point","coordinates":[693732.774627682,6095003.639257852]},"properties":{"height":9.0,"crown_diameter":6.0},"id":""},{"type":"Feature","geometry":{"type":"Point","coordinates":[693744.6615925427,6094988.072767087]},"properties":{"height":9.0,"crown_diameter":6.0},"id":""},{"type":"Feature","geometry":{"type":"Point","coordinates":[693744.9593931043,6095001.228804172]},"properties":{"height":9.0,"crown_diameter":6.0},"id":""},{"type":"Feature","geometry":{"type":"Point","coordinates":[693751.8518878605,6095000.336610595]},"properties":{"height":9.0,"crown_diameter":6.0},"id":""},{"type":"Feature","geometry":{"type":"Point","coordinates":[693724.2270403102,6095010.231939393]},"properties":{"height":9.0,"crown_diameter":6.0},"id":""},{"type":"Feature","geometry":{"type":"Point","coordinates":[693729.6116166576,6095008.748905372]},"properties":{"height":9.0,"crown_diameter":6.0},"id":""},{"type":"Feature","geometry":{"type":"Point","coordinates":[693732.6284163387,6095021.697718553]},"properties":{"height":9.0,"crown_diameter":6.0},"id":""},{"type":"Feature","geometry":{"type":"Point","coordinates":[693751.9181617984,6095005.553650152]},"properties":{"height":9.0,"crown_diameter":6.0},"id":""},{"type":"Feature","geometry":{"type":"Point","coordinates":[693738.8963305595,6095020.139897428]},"properties":{"height":9.0,"crown_diameter":6.0},"id":""},{"type":"Feature","geometry":{"type":"Point","coordinates":[693751.6240479841,6095020.275845967]},"properties":{"height":9.0,"crown_diameter":6.0},"id":""},{"type":"Feature","geometry":{"type":"Point","coordinates":[693756.8804823246,6094987.252217427]},"properties":{"height":9.0,"crown_diameter":6.0},"id":""},{"type":"Feature","geometry":{"type":"Point","coordinates":[693768.4204350734,6094985.367193388]},"properties":{"height":9.0,"crown_diameter":6.0},"id":""},{"type":"Feature","geometry":{"type":"Point","coordinates":[693758.4979775109,6094999.338079032]},"properties":{"height":9.0,"crown_diameter":6.0},"id":""},{"type":"Feature","geometry":{"type":"Point","coordinates":[693766.6282285887,6094997.823956909]},"properties":{"height":9.0,"crown_diameter":6.0},"id":""},{"type":"Feature","geometry":{"type":"Point","coordinates":[693776.9223034262,6094997.602847701]},"properties":{"height":9.0,"crown_diameter":6.0},"id":""},{"type":"Feature","geometry":{"type":"Point","coordinates":[693758.9442247099,6095007.32827775]},"properties":{"height":9.0,"crown_diameter":6.0},"id":""},{"type":"Feature","geometry":{"type":"Point","coordinates":[693758.6925954318,6095016.9241197165]},"properties":{"height":9.0,"crown_diameter":6.0},"id":""},{"type":"Feature","geometry":{"type":"Point","coordinates":[693763.9966886293,6095015.600928964]},"properties":{"height":9.0,"crown_diameter":6.0},"id":""},{"type":"Feature","geometry":{"type":"Point","coordinates":[693778.6565656199,6095010.151302939]},"properties":{"height":9.0,"crown_diameter":6.0},"id":""},{"type":"Feature","geometry":{"type":"Point","coordinates":[693752.5208805428,6095031.130707683]},"properties":{"height":9.0,"crown_diameter":6.0},"id":""},{"type":"Feature","geometry":{"type":"Point","coordinates":[693739.5740910424,6095043.529354557]},"properties":{"height":9.0,"crown_diameter":6.0},"id":""},{"type":"Feature","geometry":{"type":"Point","coordinates":[693752.5334229094,6095047.34395057]},"properties":{"height":9.0,"crown_diameter":6.0},"id":""},{"type":"Feature","geometry":{"type":"Point","coordinates":[693783.6976994406,6095031.391279899]},"properties":{"height":9.0,"crown_diameter":6.0},"id":""},{"type":"Feature","geometry":{"type":"Point","coordinates":[693756.6545729529,6095050.260010023]},"properties":{"height":9.0,"crown_diameter":6.0},"id":""},{"type":"Feature","geometry":{"type":"Point","coordinates":[693768.0208798692,6095045.969484302]},"properties":{"height":9.0,"crown_diameter":6.0},"id":""},{"type":"Feature","geometry":{"type":"Point","coordinates":[693795.6438812324,6094989.10788564]},"properties":{"height":9.0,"crown_diameter":6.0},"id":""},{"type":"Feature","geometry":{"type":"Point","coordinates":[693799.0984194557,6095000.056634977]},"properties":{"height":9.0,"crown_diameter":6.0},"id":""},{"type":"Feature","geometry":{"type":"Point","coordinates":[693812.488335771,6094985.564707343]},"properties":{"height":9.0,"crown_diameter":6.0},"id":""},{"type":"Feature","geometry":{"type":"Point","coordinates":[693812.384407272,6094995.641089674]},"properties":{"height":9.0,"crown_diameter":6.0},"id":""},{"type":"Feature","geometry":{"type":"Point","coordinates":[693799.2594078447,6095007.550649893]},"properties":{"height":9.0,"crown_diameter":6.0},"id":""},{"type":"Feature","geometry":{"type":"Point","coordinates":[693801.0063437052,6095016.071031606]},"properties":{"height":9.0,"crown_diameter":6.0},"id":""},{"type":"Feature","geometry":{"type":"Point","coordinates":[693814.4999630107,6095004.274477262]},"properties":{"height":9.0,"crown_diameter":6.0},"id":""},{"type":"Feature","geometry":{"type":"Point","coordinates":[693842.5000398513,6095004.035662448]},"properties":{"height":9.0,"crown_diameter":6.0},"id":""},{"type":"Feature","geometry":{"type":"Point","coordinates":[693845.2920418595,6095015.0358420815]},"properties":{"height":9.0,"crown_diameter":6.0},"id":""},{"type":"Feature","geometry":{"type":"Point","coordinates":[693801.1638084278,6095028.72777421]},"properties":{"height":9.0,"crown_diameter":6.0},"id":""},{"type":"Feature","geometry":{"type":"Point","coordinates":[693801.3284862434,6095037.458885688]},"properties":{"height":9.0,"crown_diameter":6.0},"id":""},{"type":"Feature","geometry":{"type":"Point","coordinates":[693807.1433716859,6095051.389403745]},"properties":{"height":9.0,"crown_diameter":6.0},"id":""},{"type":"Feature","geometry":{"type":"Point","coordinates":[693818.7933123745,6095023.37242341]},"properties":{"height":9.0,"crown_diameter":6.0},"id":""},{"type":"Feature","geometry":{"type":"Point","coordinates":[693817.8373192498,6095033.913611202]},"properties":{"height":9.0,"crown_diameter":6.0},"id":""},{"type":"Feature","geometry":{"type":"Point","coordinates":[693846.444118944,6095022.852739565]},"properties":{"height":9.0,"crown_diameter":6.0},"id":""},{"type":"Feature","geometry":{"type":"Point","coordinates":[693843.6393748029,6095038.242831224]},"properties":{"height":9.0,"crown_diameter":6.0},"id":""},{"type":"Feature","geometry":{"type":"Point","coordinates":[693818.5380173592,6095050.549274705]},"properties":{"height":9.0,"crown_diameter":6.0},"id":""},{"type":"Feature","geometry":{"type":"Point","coordinates":[693843.9207628012,6095054.534026379]},"properties":{"height":9.0,"crown_diameter":6.0},"id":""},{"type":"Feature","geometry":{"type":"Point","coordinates":[693897.263501309,6094942.469667228]},"properties":{"height":9.0,"crown_diameter":6.0},"id":""},{"type":"Feature","geometry":{"type":"Point","coordinates":[693901.0303493757,6094942.38870344]},"properties":{"height":9.0,"crown_diameter":6.0},"id":""},{"type":"Feature","geometry":{"type":"Point","coordinates":[693905.8411428058,6094941.187653112]},"properties":{"height":9.0,"crown_diameter":6.0},"id":""},{"type":"Feature","geometry":{"type":"Point","coordinates":[693909.0059995814,6094941.138229627]},"properties":{"height":9.0,"crown_diameter":6.0},"id":""},{"type":"Feature","geometry":{"type":"Point","coordinates":[693856.8818242964,6094948.016469682]},"properties":{"height":9.0,"crown_diameter":6.0},"id":""},{"type":"Feature","geometry":{"type":"Point","coordinates":[693847.4946735081,6094962.39455572]},"properties":{"height":9.0,"crown_diameter":6.0},"id":""},{"type":"Feature","geometry":{"type":"Point","coordinates":[693859.0771336512,6094958.229489433]},"properties":{"height":9.0,"crown_diameter":6.0},"id":""},{"type":"Feature","geometry":{"type":"Point","coordinates":[693862.4634719789,6094947.8965236265]},"properties":{"height":9.0,"crown_diameter":6.0},"id":""},{"type":"Feature","geometry":{"type":"Point","coordinates":[693866.9837153272,6094946.664530011]},"properties":{"height":9.0,"crown_diameter":6.0},"id":""},{"type":"Feature","geometry":{"type":"Point","coordinates":[693869.7571472868,6094954.669832736]},"properties":{"height":9.0,"crown_diameter":6.0},"id":""},{"type":"Feature","geometry":{"type":"Point","coordinates":[693849.0318075919,6094972.510094995]},"properties":{"height":9.0,"crown_diameter":6.0},"id":""},{"type":"Feature","geometry":{"type":"Point","coordinates":[693859.4690696151,6094970.788178008]},"properties":{"height":9.0,"crown_diameter":6.0},"id":""},{"type":"Feature","geometry":{"type":"Point","coordinates":[693882.8891172044,6094945.93201853]},"properties":{"height":9.0,"crown_diameter":6.0},"id":""},{"type":"Feature","geometry":{"type":"Point","coordinates":[693891.497463828,6094944.658660548]},"properties":{"height":9.0,"crown_diameter":6.0},"id":""},{"type":"Feature","geometry":{"type":"Point","coordinates":[693883.9334490692,6094956.1883748965]},"properties":{"height":9.0,"crown_diameter":6.0},"id":""},{"type":"Feature","geometry":{"type":"Point","coordinates":[693895.5638175842,6094954.608209709]},"properties":{"height":9.0,"crown_diameter":6.0},"id":""},{"type":"Feature","geometry":{"type":"Point","coordinates":[693908.3557818651,6094953.477467481]},"properties":{"height":9.0,"crown_diameter":6.0},"id":""},{"type":"Feature","geometry":{"type":"Point","coordinates":[693884.9120575322,6094967.64611227]},"properties":{"height":9.0,"crown_diameter":6.0},"id":""},{"type":"Feature","geometry":{"type":"Point","coordinates":[693896.5350154985,6094966.075408155]},"properties":{"height":9.0,"crown_diameter":6.0},"id":""},{"type":"Feature","geometry":{"type":"Point","coordinates":[693909.3269961108,6094964.944665259]},"properties":{"height":9.0,"crown_diameter":6.0},"id":""},{"type":"Feature","geometry":{"type":"Point","coordinates":[693914.8898237769,6094941.235005662]},"properties":{"height":9.0,"crown_diameter":6.0},"id":""},{"type":"Feature","geometry":{"type":"Point","coordinates":[693919.7229205887,6094951.363407832]},"properties":{"height":9.0,"crown_diameter":6.0},"id":""},{"type":"Feature","geometry":{"type":"Point","coordinates":[693932.4843278526,6094948.45658944]},"properties":{"height":9.0,"crown_diameter":6.0},"id":""},{"type":"Feature","geometry":{"type":"Point","coordinates":[693933.4479476832,6094959.923949918]},"properties":{"height":9.0,"crown_diameter":6.0},"id":""},{"type":"Feature","geometry":{"type":"Point","coordinates":[693920.6941493428,6094962.830605034]},"properties":{"height":9.0,"crown_diameter":6.0},"id":""},{"type":"Feature","geometry":{"type":"Point","coordinates":[693941.0150217207,6094947.119738741]},"properties":{"height":9.0,"crown_diameter":6.0},"id":""},{"type":"Feature","geometry":{"type":"Point","coordinates":[693955.6083787683,6094945.326961503]},"properties":{"height":9.0,"crown_diameter":6.0},"id":""},{"type":"Feature","geometry":{"type":"Point","coordinates":[693860.9361628316,6094983.323762114]},"properties":{"height":9.0,"crown_diameter":6.0},"id":""},{"type":"Feature","geometry":{"type":"Point","coordinates":[693865.4430418427,6094983.598994769]},"properties":{"height":9.0,"crown_diameter":6.0},"id":""},{"type":"Feature","geometry":{"type":"Point","coordinates":[693877.4563045804,6094990.959229544]},"properties":{"height":9.0,"crown_diameter":6.0},"id":""},{"type":"Feature","geometry":{"type":"Point","coordinates":[693869.5186190655,6095000.013302267]},"properties":{"height":9.0,"crown_diameter":6.0},"id":""},{"type":"Feature","geometry":{"type":"Point","coordinates":[693855.7131972158,6095003.686626313]},"properties":{"height":9.0,"crown_diameter":6.0},"id":""},{"type":"Feature","geometry":{"type":"Point","coordinates":[693860.4239833568,6095014.515341291]},"properties":{"height":9.0,"crown_diameter":6.0},"id":""},{"type":"Feature","geometry":{"type":"Point","coordinates":[693871.0660412352,6095012.026242544]},"properties":{"height":9.0,"crown_diameter":6.0},"id":""},{"type":"Feature","geometry":{"type":"Point","coordinates":[693880.5748264489,6094999.757092532]},"properties":{"height":9.0,"crown_diameter":6.0},"id":""},{"type":"Feature","geometry":{"type":"Point","coordinates":[693893.2610698564,6094999.02863761]},"properties":{"height":9.0,"crown_diameter":6.0},"id":""},{"type":"Feature","geometry":{"type":"Point","coordinates":[693904.7551394638,6094987.200497856]},"properties":{"height":9.0,"crown_diameter":6.0},"id":""},{"type":"Feature","geometry":{"type":"Point","coordinates":[693904.9240103348,6094995.057128495]},"properties":{"height":9.0,"crown_diameter":6.0},"id":""},{"type":"Feature","geometry":{"type":"Point","coordinates":[693881.9040167578,6095008.714337168]},"properties":{"height":9.0,"crown_diameter":6.0},"id":""},{"type":"Feature","geometry":{"type":"Point","coordinates":[693894.0759205676,6095008.545758633]},"properties":{"height":9.0,"crown_diameter":6.0},"id":""},{"type":"Feature","geometry":{"type":"Point","coordinates":[693905.1418433276,6095005.1917170165]},"properties":{"height":9.0,"crown_diameter":6.0},"id":""},{"type":"Feature","geometry":{"type":"Point","coordinates":[693868.0252167684,6095022.463409528]},"properties":{"height":9.0,"crown_diameter":6.0},"id":""},{"type":"Feature","geometry":{"type":"Point","coordinates":[693886.0498726749,6095020.587713021]},"properties":{"height":9.0,"crown_diameter":6.0},"id":""},{"type":"Feature","geometry":{"type":"Point","coordinates":[693915.2002211962,6094983.357473729]},"properties":{"height":9.0,"crown_diameter":6.0},"id":""},{"type":"Feature","geometry":{"type":"Point","coordinates":[693917.1987758065,6094993.286348239]},"properties":{"height":9.0,"crown_diameter":6.0},"id":""},{"type":"Feature","geometry":{"type":"Point","coordinates":[693925.4006896734,6094991.203113651]},"properties":{"height":9.0,"crown_diameter":6.0},"id":""},{"type":"Feature","geometry":{"type":"Point","coordinates":[693925.6884362637,6094981.8762392625]},"properties":{"height":9.0,"crown_diameter":6.0},"id":""},{"type":"Feature","geometry":{"type":"Point","coordinates":[693920.1568553229,6095003.84574274]},"properties":{"height":9.0,"crown_diameter":6.0},"id":""},{"type":"Feature","geometry":{"type":"Point","coordinates":[693915.2185228218,6095017.57014459]},"properties":{"height":9.0,"crown_diameter":6.0},"id":""},{"type":"Feature","geometry":{"type":"Point","coordinates":[693920.2776055454,6095013.721960361]},"properties":{"height":9.0,"crown_diameter":6.0},"id":""},{"type":"Feature","geometry":{"type":"Point","coordinates":[693941.5791177654,6095006.7153781485]},"properties":{"height":9.0,"crown_diameter":6.0},"id":""},{"type":"Feature","geometry":{"type":"Point","coordinates":[693928.9540838273,6095009.582064096]},"properties":{"height":9.0,"crown_diameter":6.0},"id":""},{"type":"Feature","geometry":{"type":"Point","coordinates":[693954.7687338716,6094999.9482637085]},"properties":{"height":9.0,"crown_diameter":6.0},"id":""},{"type":"Feature","geometry":{"type":"Point","coordinates":[693929.9982695631,6095019.829118963]},"properties":{"height":9.0,"crown_diameter":6.0},"id":""},{"type":"Feature","geometry":{"type":"Point","coordinates":[693939.4243509874,6095028.556486618]},"properties":{"height":9.0,"crown_diameter":6.0},"id":""},{"type":"Feature","geometry":{"type":"Point","coordinates":[693947.0461048824,6095020.067267247]},"properties":{"height":9.0,"crown_diameter":6.0},"id":""},{"type":"Feature","geometry":{"type":"Point","coordinates":[693783.8467764636,6095108.297625858]},"properties":{"height":9.0,"crown_diameter":6.0},"id":""},{"type":"Feature","geometry":{"type":"Point","coordinates":[693790.7624695939,6095083.266027161]},"properties":{"height":9.0,"crown_diameter":6.0},"id":""},{"type":"Feature","geometry":{"type":"Point","coordinates":[693844.5301675055,6095073.664609004]},"properties":{"height":9.0,"crown_diameter":6.0},"id":""},{"type":"Feature","geometry":{"type":"Point","coordinates":[693790.5113189246,6095108.154470255]},"properties":{"height":9.0,"crown_diameter":6.0},"id":""},{"type":"Feature","geometry":{"type":"Point","coordinates":[693800.000477636,6095121.596776051]},"properties":{"height":9.0,"crown_diameter":6.0},"id":""},{"type":"Feature","geometry":{"type":"Point","coordinates":[693802.7914475636,6095138.587523703]},"properties":{"height":9.0,"crown_diameter":6.0},"id":""},{"type":"Feature","geometry":{"type":"Point","coordinates":[693803.7761133127,6095144.649927927]},"properties":{"height":9.0,"crown_diameter":6.0},"id":""},{"type":"Feature","geometry":{"type":"Point","coordinates":[693803.2328958864,6095152.745099591]},"properties":{"height":9.0,"crown_diameter":6.0},"id":""},{"type":"Feature","geometry":{"type":"Point","coordinates":[693804.5252977654,6095165.675125726]},"properties":{"height":9.0,"crown_diameter":6.0},"id":""},{"type":"Feature","geometry":{"type":"Point","coordinates":[693805.8291220644,6095178.7816456705]},"properties":{"height":9.0,"crown_diameter":6.0},"id":""},{"type":"Feature","geometry":{"type":"Point","coordinates":[693853.7832284758,6095073.986702123]},"properties":{"height":9.0,"crown_diameter":6.0},"id":""},{"type":"Feature","geometry":{"type":"Point","coordinates":[693878.3157617114,6095067.86896812]},"properties":{"height":9.0,"crown_diameter":6.0},"id":""},{"type":"Feature","geometry":{"type":"Point","coordinates":[693858.2736414364,6095089.824672842]},"properties":{"height":9.0,"crown_diameter":6.0},"id":""},{"type":"Feature","geometry":{"type":"Point","coordinates":[693908.9312479892,6095093.470749866]},"properties":{"height":9.0,"crown_diameter":6.0},"id":""},{"type":"Feature","geometry":{"type":"Point","coordinates":[693851.7033349662,6095107.844448555]},"properties":{"height":9.0,"crown_diameter":6.0},"id":""},{"type":"Feature","geometry":{"type":"Point","coordinates":[693865.6029253127,6095107.48065813]},"properties":{"height":9.0,"crown_diameter":6.0},"id":""},{"type":"Feature","geometry":{"type":"Point","coordinates":[693914.4708926196,6095072.226650909]},"properties":{"height":9.0,"crown_diameter":6.0},"id":""},{"type":"Feature","geometry":{"type":"Point","coordinates":[693916.810182288,6095084.5202324195]},"properties":{"height":9.0,"crown_diameter":6.0},"id":""},{"type":"Feature","geometry":{"type":"Point","coordinates":[693913.6477414246,6095095.3321127305]},"properties":{"height":9.0,"crown_diameter":6.0},"id":""},{"type":"Feature","geometry":{"type":"Point","coordinates":[693561.9116639448,6093126.306474676]},"properties":{"height":9.0,"crown_diameter":6.0},"id":""},{"type":"Feature","geometry":{"type":"Point","coordinates":[693612.6757465495,6093150.70418985]},"properties":{"height":9.0,"crown_diameter":6.0},"id":""},{"type":"Feature","geometry":{"type":"Point","coordinates":[693661.4064378878,6093147.890175312]},"properties":{"height":9.0,"crown_diameter":6.0},"id":""},{"type":"Feature","geometry":{"type":"Point","coordinates":[693652.1817081571,6093153.055638922]},"properties":{"height":9.0,"crown_diameter":6.0},"id":""},{"type":"Feature","geometry":{"type":"Point","coordinates":[693672.9325030932,6093144.758935045]},"properties":{"height":9.0,"crown_diameter":6.0},"id":""},{"type":"Feature","geometry":{"type":"Point","coordinates":[693590.4059355123,6093163.210006348]},"properties":{"height":9.0,"crown_diameter":6.0},"id":""},{"type":"Feature","geometry":{"type":"Point","coordinates":[693606.7817886755,6093161.0909668645]},"properties":{"height":9.0,"crown_diameter":6.0},"id":""},{"type":"Feature","geometry":{"type":"Point","coordinates":[693628.5923558695,6093202.137817057]},"properties":{"height":9.0,"crown_diameter":6.0},"id":""},{"type":"Feature","geometry":{"type":"Point","coordinates":[693649.0132673886,6093207.95023618]},"properties":{"height":9.0,"crown_diameter":6.0},"id":""},{"type":"Feature","geometry":{"type":"Point","coordinates":[693658.088086366,6093218.173663756]},"properties":{"height":9.0,"crown_diameter":6.0},"id":""},{"type":"Feature","geometry":{"type":"Point","coordinates":[693658.3161909773,6093236.605514359]},"properties":{"height":9.0,"crown_diameter":6.0},"id":""},{"type":"Feature","geometry":{"type":"Point","coordinates":[693513.8899994694,6093533.875569044]},"properties":{"height":9.0,"crown_diameter":6.0},"id":""},{"type":"Feature","geometry":{"type":"Point","coordinates":[693518.0260297838,6093535.386761807]},"properties":{"height":9.0,"crown_diameter":6.0},"id":""},{"type":"Feature","geometry":{"type":"Point","coordinates":[693513.1368802154,6093538.589282017]},"properties":{"height":9.0,"crown_diameter":6.0},"id":""},{"type":"Feature","geometry":{"type":"Point","coordinates":[693519.7736160504,6093531.163319584]},"properties":{"height":9.0,"crown_diameter":6.0},"id":""},{"type":"Feature","geometry":{"type":"Point","coordinates":[693522.3840378525,6093536.223438885]},"properties":{"height":9.0,"crown_diameter":6.0},"id":""},{"type":"Feature","geometry":{"type":"Point","coordinates":[693524.9780796823,6093533.76782821]},"properties":{"height":9.0,"crown_diameter":6.0},"id":""},{"type":"Feature","geometry":{"type":"Point","coordinates":[693525.6653797047,6093539.49246069]},"properties":{"height":9.0,"crown_diameter":6.0},"id":""},{"type":"Feature","geometry":{"type":"Point","coordinates":[693549.6639369698,6093506.913083975]},"properties":{"height":9.0,"crown_diameter":6.0},"id":""},{"type":"Feature","geometry":{"type":"Point","coordinates":[693549.5491780709,6093510.450338628]},"properties":{"height":9.0,"crown_diameter":6.0},"id":""},{"type":"Feature","geometry":{"type":"Point","coordinates":[693541.2937263132,6093514.953008523]},"properties":{"height":9.0,"crown_diameter":6.0},"id":""},{"type":"Feature","geometry":{"type":"Point","coordinates":[693541.6601900663,6093521.010099916]},"properties":{"height":9.0,"crown_diameter":6.0},"id":""},{"type":"Feature","geometry":{"type":"Point","coordinates":[693545.2425880816,6093514.4961646665]},"properties":{"height":9.0,"crown_diameter":6.0},"id":""},{"type":"Feature","geometry":{"type":"Point","coordinates":[693545.6708456972,6093518.812440349]},"properties":{"height":9.0,"crown_diameter":6.0},"id":""},{"type":"Feature","geometry":{"type":"Point","coordinates":[693550.0310447069,6093519.751379642]},"properties":{"height":9.0,"crown_diameter":6.0},"id":""},{"type":"Feature","geometry":{"type":"Point","coordinates":[693556.0087972992,6093505.790866471]},"properties":{"height":9.0,"crown_diameter":6.0},"id":""},{"type":"Feature","geometry":{"type":"Point","coordinates":[693562.2469626399,6093506.094153546]},"properties":{"height":9.0,"crown_diameter":6.0},"id":""},{"type":"Feature","geometry":{"type":"Point","coordinates":[693558.4299096507,6093508.427196456]},"properties":{"height":9.0,"crown_diameter":6.0},"id":""},{"type":"Feature","geometry":{"type":"Point","coordinates":[693550.5575785926,6093515.498327881]},"properties":{"height":9.0,"crown_diameter":6.0},"id":""},{"type":"Feature","geometry":{"type":"Point","coordinates":[693554.8094450907,6093518.141871324]},"properties":{"height":9.0,"crown_diameter":6.0},"id":""},{"type":"Feature","geometry":{"type":"Point","coordinates":[693559.8018332084,6093515.485933527]},"properties":{"height":9.0,"crown_diameter":6.0},"id":""},{"type":"Feature","geometry":{"type":"Point","coordinates":[693562.0468712613,6093512.05178212]},"properties":{"height":9.0,"crown_diameter":6.0},"id":""},{"type":"Feature","geometry":{"type":"Point","coordinates":[693564.0697464015,6093516.38963875]},"properties":{"height":9.0,"crown_diameter":6.0},"id":""},{"type":"Feature","geometry":{"type":"Point","coordinates":[693559.2929070898,6093520.203712277]},"properties":{"height":9.0,"crown_diameter":6.0},"id":""},{"type":"Feature","geometry":{"type":"Point","coordinates":[693547.3167458747,6093523.000256551]},"properties":{"height":9.0,"crown_diameter":6.0},"id":""},{"type":"Feature","geometry":{"type":"Point","coordinates":[693553.4908168113,6093522.449134605]},"properties":{"height":9.0,"crown_diameter":6.0},"id":""},{"type":"Feature","geometry":{"type":"Point","coordinates":[693554.1649245971,6093536.797079654]},"properties":{"height":9.0,"crown_diameter":6.0},"id":""},{"type":"Feature","geometry":{"type":"Point","coordinates":[693500.0255870199,6093574.506916953]},"properties":{"height":9.0,"crown_diameter":6.0},"id":""},{"type":"Feature","geometry":{"type":"Point","coordinates":[693498.2323947909,6093579.094113624]},"properties":{"height":9.0,"crown_diameter":6.0},"id":""},{"type":"Feature","geometry":{"type":"Point","coordinates":[693503.1176765133,6093579.975298808]},"properties":{"height":9.0,"crown_diameter":6.0},"id":""},{"type":"Feature","geometry":{"type":"Point","coordinates":[693510.3800111851,6093541.987893381]},"properties":{"height":9.0,"crown_diameter":6.0},"id":""},{"type":"Feature","geometry":{"type":"Point","coordinates":[693504.7623240823,6093548.917572984]},"properties":{"height":9.0,"crown_diameter":6.0},"id":""},{"type":"Feature","geometry":{"type":"Point","coordinates":[693508.3440610465,6093546.636115285]},"properties":{"height":9.0,"crown_diameter":6.0},"id":""},{"type":"Feature","geometry":{"type":"Point","coordinates":[693510.3787718185,6093550.815593185]},"properties":{"height":9.0,"crown_diameter":6.0},"id":""},{"type":"Feature","geometry":{"type":"Point","coordinates":[693513.1479066242,6093545.500490446]},"properties":{"height":9.0,"crown_diameter":6.0},"id":""},{"type":"Feature","geometry":{"type":"Point","coordinates":[693518.6758663163,6093545.763238473]},"properties":{"height":9.0,"crown_diameter":6.0},"id":""},{"type":"Feature","geometry":{"type":"Point","coordinates":[693514.9692301324,6093548.977588901]},"properties":{"height":9.0,"crown_diameter":6.0},"id":""},{"type":"Feature","geometry":{"type":"Point","coordinates":[693519.3791742481,6093550.101517676]},"properties":{"height":9.0,"crown_diameter":6.0},"id":""},{"type":"Feature","geometry":{"type":"Point","coordinates":[693508.5022921762,6093554.009268264]},"properties":{"height":9.0,"crown_diameter":6.0},"id":""},{"type":"Feature","geometry":{"type":"Point","coordinates":[693514.2081278745,6093553.319389953]},"properties":{"height":9.0,"crown_diameter":6.0},"id":""},{"type":"Feature","geometry":{"type":"Point","coordinates":[693523.2408896136,6093545.228066794]},"properties":{"height":9.0,"crown_diameter":6.0},"id":""},{"type":"Feature","geometry":{"type":"Point","coordinates":[693524.2412773997,6093567.31764048]},"properties":{"height":9.0,"crown_diameter":6.0},"id":""},{"type":"Feature","geometry":{"type":"Point","coordinates":[693520.5945178556,6093578.297943961]},"properties":{"height":9.0,"crown_diameter":6.0},"id":""},{"type":"Feature","geometry":{"type":"Point","coordinates":[693532.9834277449,6093570.56247922]},"properties":{"height":9.0,"crown_diameter":6.0},"id":""},{"type":"Feature","geometry":{"type":"Point","coordinates":[693544.366127841,6093541.891004309]},"properties":{"height":9.0,"crown_diameter":6.0},"id":""},{"type":"Feature","geometry":{"type":"Point","coordinates":[693535.675307326,6093551.342416717]},"properties":{"height":9.0,"crown_diameter":6.0},"id":""},{"type":"Feature","geometry":{"type":"Point","coordinates":[693555.9288646926,6093543.996235503]},"properties":{"height":9.0,"crown_diameter":6.0},"id":""},{"type":"Feature","geometry":{"type":"Point","coordinates":[693561.5015041396,6093557.355330511]},"properties":{"height":9.0,"crown_diameter":6.0},"id":""},{"type":"Feature","geometry":{"type":"Point","coordinates":[693566.6429264304,6093558.798409682]},"properties":{"height":9.0,"crown_diameter":6.0},"id":""},{"type":"Feature","geometry":{"type":"Point","coordinates":[693542.8262913999,6093564.676946808]},"properties":{"height":9.0,"crown_diameter":6.0},"id":""},{"type":"Feature","geometry":{"type":"Point","coordinates":[693538.6228860987,6093573.176249383]},"properties":{"height":9.0,"crown_diameter":6.0},"id":""},{"type":"Feature","geometry":{"type":"Point","coordinates":[693543.2626473667,6093571.858089468]},"properties":{"height":9.0,"crown_diameter":6.0},"id":""},{"type":"Feature","geometry":{"type":"Point","coordinates":[693544.9609242971,6093575.998271658]},"properties":{"height":9.0,"crown_diameter":6.0},"id":""},{"type":"Feature","geometry":{"type":"Point","coordinates":[693549.1773732305,6093574.503153219]},"properties":{"height":9.0,"crown_diameter":6.0},"id":""},{"type":"Feature","geometry":{"type":"Point","coordinates":[693551.0118880458,6093578.593899737]},"properties":{"height":9.0,"crown_diameter":6.0},"id":""},{"type":"Feature","geometry":{"type":"Point","coordinates":[693554.1204197354,6093563.150833528]},"properties":{"height":9.0,"crown_diameter":6.0},"id":""},{"type":"Feature","geometry":{"type":"Point","coordinates":[693555.6118931099,6093559.788672949]},"properties":{"height":9.0,"crown_diameter":6.0},"id":""},{"type":"Feature","geometry":{"type":"Point","coordinates":[693558.8297085741,6093562.584641341]},"properties":{"height":9.0,"crown_diameter":6.0},"id":""},{"type":"Feature","geometry":{"type":"Point","coordinates":[693555.4297156206,6093566.936582448]},"properties":{"height":9.0,"crown_diameter":6.0},"id":""},{"type":"Feature","geometry":{"type":"Point","coordinates":[693558.6414250936,6093566.960661638]},"properties":{"height":9.0,"crown_diameter":6.0},"id":""},{"type":"Feature","geometry":{"type":"Point","coordinates":[693562.5964128888,6093562.1689097285]},"properties":{"height":9.0,"crown_diameter":6.0},"id":""},{"type":"Feature","geometry":{"type":"Point","coordinates":[693564.7454317736,6093565.276183847]},"properties":{"height":9.0,"crown_diameter":6.0},"id":""},{"type":"Feature","geometry":{"type":"Point","coordinates":[693558.3708338363,6093571.766344465]},"properties":{"height":9.0,"crown_diameter":6.0},"id":""},{"type":"Feature","geometry":{"type":"Point","coordinates":[693555.4101166694,6093577.039064022]},"properties":{"height":9.0,"crown_diameter":6.0},"id":""},{"type":"Feature","geometry":{"type":"Point","coordinates":[693566.8594488222,6093571.016698299]},"properties":{"height":9.0,"crown_diameter":6.0},"id":""},{"type":"Feature","geometry":{"type":"Point","coordinates":[693597.984967917,6093501.271195369]},"properties":{"height":9.0,"crown_diameter":6.0},"id":""},{"type":"Feature","geometry":{"type":"Point","coordinates":[693567.0686341441,6093510.40913646]},"properties":{"height":9.0,"crown_diameter":6.0},"id":""},{"type":"Feature","geometry":{"type":"Point","coordinates":[693587.0845882525,6093506.21208278]},"properties":{"height":9.0,"crown_diameter":6.0},"id":""},{"type":"Feature","geometry":{"type":"Point","coordinates":[693592.5588086578,6093507.880552841]},"properties":{"height":9.0,"crown_diameter":6.0},"id":""},{"type":"Feature","geometry":{"type":"Point","coordinates":[693590.7838360432,6093511.537172573]},"properties":{"height":9.0,"crown_diameter":6.0},"id":""},{"type":"Feature","geometry":{"type":"Point","coordinates":[693596.69675229,6093515.875222232]},"properties":{"height":9.0,"crown_diameter":6.0},"id":""},{"type":"Feature","geometry":{"type":"Point","coordinates":[693573.0417261735,6093529.275763869]},"properties":{"height":9.0,"crown_diameter":6.0},"id":""},{"type":"Feature","geometry":{"type":"Point","coordinates":[693574.9346941758,6093538.220938766]},"properties":{"height":9.0,"crown_diameter":6.0},"id":""},{"type":"Feature","geometry":{"type":"Point","coordinates":[693584.4592654599,6093527.1051162165]},"properties":{"height":9.0,"crown_diameter":6.0},"id":""},{"type":"Feature","geometry":{"type":"Point","coordinates":[693588.537131002,6093534.0778497085]},"properties":{"height":9.0,"crown_diameter":6.0},"id":""},{"type":"Feature","geometry":{"type":"Point","coordinates":[693587.0796412067,6093536.890464341]},"properties":{"height":9.0,"crown_diameter":6.0},"id":""},{"type":"Feature","geometry":{"type":"Point","coordinates":[693601.4671079192,6093505.010285877]},"properties":{"height":9.0,"crown_diameter":6.0},"id":""},{"type":"Feature","geometry":{"type":"Point","coordinates":[693604.8244397163,6093503.291730467]},"properties":{"height":9.0,"crown_diameter":6.0},"id":""},{"type":"Feature","geometry":{"type":"Point","coordinates":[693608.2871283336,6093510.742768646]},"properties":{"height":9.0,"crown_diameter":6.0},"id":""},{"type":"Feature","geometry":{"type":"Point","coordinates":[693600.6812418695,6093512.45952579]},"properties":{"height":9.0,"crown_diameter":6.0},"id":""},{"type":"Feature","geometry":{"type":"Point","coordinates":[693604.3636234446,6093512.380460846]},"properties":{"height":9.0,"crown_diameter":6.0},"id":""},{"type":"Feature","geometry":{"type":"Point","coordinates":[693604.1279863123,6093517.036563259]},"properties":{"height":9.0,"crown_diameter":6.0},"id":""},{"type":"Feature","geometry":{"type":"Point","coordinates":[693609.0927844949,6093515.227679492]},"properties":{"height":9.0,"crown_diameter":6.0},"id":""},{"type":"Feature","geometry":{"type":"Point","coordinates":[693613.3657827312,6093511.749969783]},"properties":{"height":9.0,"crown_diameter":6.0},"id":""},{"type":"Feature","geometry":{"type":"Point","coordinates":[693603.9722612605,6093528.611701611]},"properties":{"height":9.0,"crown_diameter":6.0},"id":""},{"type":"Feature","geometry":{"type":"Point","coordinates":[693637.2371801189,6093519.795284223]},"properties":{"height":9.0,"crown_diameter":6.0},"id":""},{"type":"Feature","geometry":{"type":"Point","coordinates":[693642.7124001018,6093519.733515079]},"properties":{"height":9.0,"crown_diameter":6.0},"id":""},{"type":"Feature","geometry":{"type":"Point","coordinates":[693633.4482706531,6093525.56952773]},"properties":{"height":9.0,"crown_diameter":6.0},"id":""},{"type":"Feature","geometry":{"type":"Point","coordinates":[693641.8149291177,6093524.115468133]},"properties":{"height":9.0,"crown_diameter":6.0},"id":""},{"type":"Feature","geometry":{"type":"Point","coordinates":[693638.1818411509,6093528.62128337]},"properties":{"height":9.0,"crown_diameter":6.0},"id":""},{"type":"Feature","geometry":{"type":"Point","coordinates":[693643.2768285047,6093532.874546582]},"properties":{"height":9.0,"crown_diameter":6.0},"id":""},{"type":"Feature","geometry":{"type":"Point","coordinates":[693649.2748022097,6093521.9925204385]},"properties":{"height":9.0,"crown_diameter":6.0},"id":""},{"type":"Feature","geometry":{"type":"Point","coordinates":[693646.0165286084,6093526.192622692]},"properties":{"height":9.0,"crown_diameter":6.0},"id":""},{"type":"Feature","geometry":{"type":"Point","coordinates":[693654.7120164179,6093524.777999607]},"properties":{"height":9.0,"crown_diameter":6.0},"id":""},{"type":"Feature","geometry":{"type":"Point","coordinates":[693652.5325572671,6093528.778195046]},"properties":{"height":9.0,"crown_diameter":6.0},"id":""},{"type":"Feature","geometry":{"type":"Point","coordinates":[693649.0023782016,6093533.458544374]},"properties":{"height":9.0,"crown_diameter":6.0},"id":""},{"type":"Feature","geometry":{"type":"Point","coordinates":[693646.0957114014,6093536.627865426]},"properties":{"height":9.0,"crown_diameter":6.0},"id":""},{"type":"Feature","geometry":{"type":"Point","coordinates":[693657.4965612192,6093530.838970696]},"properties":{"height":9.0,"crown_diameter":6.0},"id":""},{"type":"Feature","geometry":{"type":"Point","coordinates":[693653.5889577928,6093533.927468584]},"properties":{"height":9.0,"crown_diameter":6.0},"id":""},{"type":"Feature","geometry":{"type":"Point","coordinates":[693659.688106335,6093536.280135087]},"properties":{"height":9.0,"crown_diameter":6.0},"id":""},{"type":"Feature","geometry":{"type":"Point","coordinates":[693567.0298972479,6093546.622978203]},"properties":{"height":9.0,"crown_diameter":6.0},"id":""},{"type":"Feature","geometry":{"type":"Point","coordinates":[693573.5427984789,6093548.352882391]},"properties":{"height":9.0,"crown_diameter":6.0},"id":""},{"type":"Feature","geometry":{"type":"Point","coordinates":[693576.0997045874,6093544.167866081]},"properties":{"height":9.0,"crown_diameter":6.0},"id":""},{"type":"Feature","geometry":{"type":"Point","coordinates":[693574.4764543588,6093554.537328556]},"properties":{"height":9.0,"crown_diameter":6.0},"id":""},{"type":"Feature","geometry":{"type":"Point","coordinates":[693576.5728493658,6093550.929625468]},"properties":{"height":9.0,"crown_diameter":6.0},"id":""},{"type":"Feature","geometry":{"type":"Point","coordinates":[693577.8897042855,6093557.198865739]},"properties":{"height":9.0,"crown_diameter":6.0},"id":""},{"type":"Feature","geometry":{"type":"Point","coordinates":[693587.5388211528,6093543.001377644]},"properties":{"height":9.0,"crown_diameter":6.0},"id":""},{"type":"Feature","geometry":{"type":"Point","coordinates":[693597.7586940702,6093541.888958529]},"properties":{"height":9.0,"crown_diameter":6.0},"id":""},{"type":"Feature","geometry":{"type":"Point","coordinates":[693591.2791049615,6093545.618680274]},"properties":{"height":9.0,"crown_diameter":6.0},"id":""},{"type":"Feature","geometry":{"type":"Point","coordinates":[693588.8734876246,6093549.744640715]},"properties":{"height":9.0,"crown_diameter":6.0},"id":""},{"type":"Feature","geometry":{"type":"Point","coordinates":[693589.6684860548,6093556.220427476]},"properties":{"height":9.0,"crown_diameter":6.0},"id":""},{"type":"Feature","geometry":{"type":"Point","coordinates":[693592.1743380746,6093552.855085878]},"properties":{"height":9.0,"crown_diameter":6.0},"id":""},{"type":"Feature","geometry":{"type":"Point","coordinates":[693568.8681862614,6093561.904046226]},"properties":{"height":9.0,"crown_diameter":6.0},"id":""},{"type":"Feature","geometry":{"type":"Point","coordinates":[693569.1406240901,6093567.488749576]},"properties":{"height":9.0,"crown_diameter":6.0},"id":""},{"type":"Feature","geometry":{"type":"Point","coordinates":[693575.4339030386,6093561.474732617]},"properties":{"height":9.0,"crown_diameter":6.0},"id":""},{"type":"Feature","geometry":{"type":"Point","coordinates":[693576.3787386201,6093568.179855283]},"properties":{"height":9.0,"crown_diameter":6.0},"id":""},{"type":"Feature","geometry":{"type":"Point","coordinates":[693578.9300219172,6093564.087980132]},"properties":{"height":9.0,"crown_diameter":6.0},"id":""},{"type":"Feature","geometry":{"type":"Point","coordinates":[693579.7883620762,6093571.02751158]},"properties":{"height":9.0,"crown_diameter":6.0},"id":""},{"type":"Feature","geometry":{"type":"Point","coordinates":[693578.0395961739,6093575.195179267]},"properties":{"height":9.0,"crown_diameter":6.0},"id":""},{"type":"Feature","geometry":{"type":"Point","coordinates":[693580.9633584784,6093577.439328216]},"properties":{"height":9.0,"crown_diameter":6.0},"id":""},{"type":"Feature","geometry":{"type":"Point","coordinates":[693592.9649473008,6093559.126320863]},"properties":{"height":9.0,"crown_diameter":6.0},"id":""},{"type":"Feature","geometry":{"type":"Point","coordinates":[693590.5932546856,6093563.056209364]},"properties":{"height":9.0,"crown_diameter":6.0},"id":""},{"type":"Feature","geometry":{"type":"Point","coordinates":[693594.3481580755,6093565.99877031]},"properties":{"height":9.0,"crown_diameter":6.0},"id":""},{"type":"Feature","geometry":{"type":"Point","coordinates":[693592.003006162,6093569.388568344]},"properties":{"height":9.0,"crown_diameter":6.0},"id":""},{"type":"Feature","geometry":{"type":"Point","coordinates":[693595.6778026859,6093572.8630675785]},"properties":{"height":9.0,"crown_diameter":6.0},"id":""},{"type":"Feature","geometry":{"type":"Point","coordinates":[693593.0429744844,6093575.905605888]},"properties":{"height":9.0,"crown_diameter":6.0},"id":""},{"type":"Feature","geometry":{"type":"Point","coordinates":[693601.7945013097,6093548.323069019]},"properties":{"height":9.0,"crown_diameter":6.0},"id":""},{"type":"Feature","geometry":{"type":"Point","coordinates":[693607.7470069606,6093546.68832408]},"properties":{"height":9.0,"crown_diameter":6.0},"id":""},{"type":"Feature","geometry":{"type":"Point","coordinates":[693613.2626453597,6093547.797768843]},"properties":{"height":9.0,"crown_diameter":6.0},"id":""},{"type":"Feature","geometry":{"type":"Point","coordinates":[693599.3956370053,6093553.118637636]},"properties":{"height":9.0,"crown_diameter":6.0},"id":""},{"type":"Feature","geometry":{"type":"Point","coordinates":[693601.0929013431,6093557.56580138]},"properties":{"height":9.0,"crown_diameter":6.0},"id":""},{"type":"Feature","geometry":{"type":"Point","coordinates":[693604.8152460931,6093555.439420626]},"properties":{"height":9.0,"crown_diameter":6.0},"id":""},{"type":"Feature","geometry":{"type":"Point","coordinates":[693607.7879055267,6093550.724551103]},"properties":{"height":9.0,"crown_diameter":6.0},"id":""},{"type":"Feature","geometry":{"type":"Point","coordinates":[693612.1910771304,6093551.532309867]},"properties":{"height":9.0,"crown_diameter":6.0},"id":""},{"type":"Feature","geometry":{"type":"Point","coordinates":[693607.2493997898,6093558.326615384]},"properties":{"height":9.0,"crown_diameter":6.0},"id":""},{"type":"Feature","geometry":{"type":"Point","coordinates":[693610.1506213552,6093555.61322738]},"properties":{"height":9.0,"crown_diameter":6.0},"id":""},{"type":"Feature","geometry":{"type":"Point","coordinates":[693617.7147298737,6093550.88348574]},"properties":{"height":9.0,"crown_diameter":6.0},"id":""},{"type":"Feature","geometry":{"type":"Point","coordinates":[693615.9188187714,6093557.117237711]},"properties":{"height":9.0,"crown_diameter":6.0},"id":""},{"type":"Feature","geometry":{"type":"Point","coordinates":[693627.7461613333,6093554.1377581395]},"properties":{"height":9.0,"crown_diameter":6.0},"id":""},{"type":"Feature","geometry":{"type":"Point","coordinates":[693603.9517274497,6093561.048514512]},"properties":{"height":9.0,"crown_diameter":6.0},"id":""},{"type":"Feature","geometry":{"type":"Point","coordinates":[693610.5173681304,6093561.326135406]},"properties":{"height":9.0,"crown_diameter":6.0},"id":""},{"type":"Feature","geometry":{"type":"Point","coordinates":[693613.8966868656,6093573.774182575]},"properties":{"height":9.0,"crown_diameter":6.0},"id":""},{"type":"Feature","geometry":{"type":"Point","coordinates":[693613.8210773292,6093560.306385852]},"properties":{"height":9.0,"crown_diameter":6.0},"id":""},{"type":"Feature","geometry":{"type":"Point","coordinates":[693624.3811468257,6093565.8004165115]},"properties":{"height":9.0,"crown_diameter":6.0},"id":""},{"type":"Feature","geometry":{"type":"Point","coordinates":[693629.3687450493,6093566.828170104]},"properties":{"height":9.0,"crown_diameter":6.0},"id":""},{"type":"Feature","geometry":{"type":"Point","coordinates":[693619.4221249248,6093569.655641854]},"properties":{"height":9.0,"crown_diameter":6.0},"id":""},{"type":"Feature","geometry":{"type":"Point","coordinates":[693618.4630070926,6093574.364487909]},"properties":{"height":9.0,"crown_diameter":6.0},"id":""},{"type":"Feature","geometry":{"type":"Point","coordinates":[693623.1816569573,6093570.681862391]},"properties":{"height":9.0,"crown_diameter":6.0},"id":""},{"type":"Feature","geometry":{"type":"Point","coordinates":[693630.2738187597,6093539.711755092]},"properties":{"height":9.0,"crown_diameter":6.0},"id":""},{"type":"Feature","geometry":{"type":"Point","coordinates":[693640.0061029517,6093554.609349145]},"properties":{"height":9.0,"crown_diameter":6.0},"id":""},{"type":"Feature","geometry":{"type":"Point","coordinates":[693652.9380179944,6093538.778534761]},"properties":{"height":9.0,"crown_diameter":6.0},"id":""},{"type":"Feature","geometry":{"type":"Point","coordinates":[693646.1286775136,6093551.659332097]},"properties":{"height":9.0,"crown_diameter":6.0},"id":""},{"type":"Feature","geometry":{"type":"Point","coordinates":[693634.7955327324,6093562.023383146]},"properties":{"height":9.0,"crown_diameter":6.0},"id":""},{"type":"Feature","geometry":{"type":"Point","coordinates":[693639.4239159834,6093558.045019843]},"properties":{"height":9.0,"crown_diameter":6.0},"id":""},{"type":"Feature","geometry":{"type":"Point","coordinates":[693636.4944933765,6093575.428414967]},"properties":{"height":9.0,"crown_diameter":6.0},"id":""},{"type":"Feature","geometry":{"type":"Point","coordinates":[693641.360985907,6093575.789012736]},"properties":{"height":9.0,"crown_diameter":6.0},"id":""},{"type":"Feature","geometry":{"type":"Point","coordinates":[693653.5500271183,6093561.592716492]},"properties":{"height":9.0,"crown_diameter":6.0},"id":""},{"type":"Feature","geometry":{"type":"Point","coordinates":[693646.4291721696,6093567.782699437]},"properties":{"height":9.0,"crown_diameter":6.0},"id":""},{"type":"Feature","geometry":{"type":"Point","coordinates":[693650.4078434289,6093568.357702412]},"properties":{"height":9.0,"crown_diameter":6.0},"id":""},{"type":"Feature","geometry":{"type":"Point","coordinates":[693671.6900792173,6093554.217244948]},"properties":{"height":9.0,"crown_diameter":6.0},"id":""},{"type":"Feature","geometry":{"type":"Point","coordinates":[693669.0590980619,6093559.213163697]},"properties":{"height":9.0,"crown_diameter":6.0},"id":""},{"type":"Feature","geometry":{"type":"Point","coordinates":[693668.6331123544,6093565.659359003]},"properties":{"height":9.0,"crown_diameter":6.0},"id":""},{"type":"Feature","geometry":{"type":"Point","coordinates":[693676.0799996243,6093563.285513606]},"properties":{"height":9.0,"crown_diameter":6.0},"id":""},{"type":"Feature","geometry":{"type":"Point","coordinates":[693673.4466565809,6093567.8163797865]},"properties":{"height":9.0,"crown_diameter":6.0},"id":""},{"type":"Feature","geometry":{"type":"Point","coordinates":[693675.6478160464,6093571.573656419]},"properties":{"height":9.0,"crown_diameter":6.0},"id":""},{"type":"Feature","geometry":{"type":"Point","coordinates":[693681.1075217414,6093564.396100223]},"properties":{"height":9.0,"crown_diameter":6.0},"id":""},{"type":"Feature","geometry":{"type":"Point","coordinates":[693685.5381395345,6093565.7706620665]},"properties":{"height":9.0,"crown_diameter":6.0},"id":""},{"type":"Feature","geometry":{"type":"Point","coordinates":[693682.3283795449,6093568.323265138]},"properties":{"height":9.0,"crown_diameter":6.0},"id":""},{"type":"Feature","geometry":{"type":"Point","coordinates":[693680.7148957737,6093572.3950290885]},"properties":{"height":9.0,"crown_diameter":6.0},"id":""},{"type":"Feature","geometry":{"type":"Point","coordinates":[693685.6713502896,6093571.972295075]},"properties":{"height":9.0,"crown_diameter":6.0},"id":""},{"type":"Feature","geometry":{"type":"Point","coordinates":[693676.3178386893,6093576.489372693]},"properties":{"height":9.0,"crown_diameter":6.0},"id":""},{"type":"Feature","geometry":{"type":"Point","coordinates":[692949.0504156599,6093443.98307967]},"properties":{"height":9.0,"crown_diameter":6.0},"id":""},{"type":"Feature","geometry":{"type":"Point","coordinates":[693000.6751770588,6093445.529286422]},"properties":{"height":9.0,"crown_diameter":6.0},"id":""},{"type":"Feature","geometry":{"type":"Point","coordinates":[692969.0849751645,6093482.353162412]},"properties":{"height":9.0,"crown_diameter":6.0},"id":""},{"type":"Feature","geometry":{"type":"Point","coordinates":[692958.2686582783,6093488.026333101]},"properties":{"height":9.0,"crown_diameter":6.0},"id":""},{"type":"Feature","geometry":{"type":"Point","coordinates":[692986.0122357133,6093493.8509916505]},"properties":{"height":9.0,"crown_diameter":6.0},"id":""},{"type":"Feature","geometry":{"type":"Point","coordinates":[693065.6870109992,6093323.871244542]},"properties":{"height":9.0,"crown_diameter":6.0},"id":""},{"type":"Feature","geometry":{"type":"Point","coordinates":[693194.2044444825,6093327.667037068]},"properties":{"height":9.0,"crown_diameter":6.0},"id":""},{"type":"Feature","geometry":{"type":"Point","coordinates":[693188.2261022913,6093529.938194443]},"properties":{"height":9.0,"crown_diameter":6.0},"id":""},{"type":"Feature","geometry":{"type":"Point","coordinates":[693220.1232709362,6093459.061386804]},"properties":{"height":9.0,"crown_diameter":6.0},"id":""},{"type":"Feature","geometry":{"type":"Point","coordinates":[693290.2097213485,6093436.555156281]},"properties":{"height":9.0,"crown_diameter":6.0},"id":""},{"type":"Feature","geometry":{"type":"Point","coordinates":[693207.8370020526,6093485.472754313]},"properties":{"height":9.0,"crown_diameter":6.0},"id":""},{"type":"Feature","geometry":{"type":"Point","coordinates":[693297.0369770576,6093491.737488235]},"properties":{"height":9.0,"crown_diameter":6.0},"id":""},{"type":"Feature","geometry":{"type":"Point","coordinates":[693110.3906961773,6093279.361665381]},"properties":{"height":9.0,"crown_diameter":6.0},"id":""},{"type":"Feature","geometry":{"type":"Point","coordinates":[693074.426271803,6093304.205605584]},"properties":{"height":9.0,"crown_diameter":6.0},"id":""},{"type":"Feature","geometry":{"type":"Point","coordinates":[693102.840620296,6093295.429887919]},"properties":{"height":9.0,"crown_diameter":6.0},"id":""},{"type":"Feature","geometry":{"type":"Point","coordinates":[692484.4162247581,6093195.07603365]},"properties":{"height":9.0,"crown_diameter":6.0},"id":""},{"type":"Feature","geometry":{"type":"Point","coordinates":[692498.1196828858,6093199.6019068]},"properties":{"height":9.0,"crown_diameter":6.0},"id":""},{"type":"Feature","geometry":{"type":"Point","coordinates":[692499.606130528,6093227.783188991]},"properties":{"height":9.0,"crown_diameter":6.0},"id":""},{"type":"Feature","geometry":{"type":"Point","coordinates":[692523.6644642313,6093238.245871481]},"properties":{"height":9.0,"crown_diameter":6.0},"id":""},{"type":"Feature","geometry":{"type":"Point","coordinates":[692514.6547496798,6093242.438123898]},"properties":{"height":9.0,"crown_diameter":6.0},"id":""},{"type":"Feature","geometry":{"type":"Point","coordinates":[692542.6388278292,6093233.50594072]},"properties":{"height":9.0,"crown_diameter":6.0},"id":""},{"type":"Feature","geometry":{"type":"Point","coordinates":[692524.3969506813,6093261.4759749845]},"properties":{"height":9.0,"crown_diameter":6.0},"id":""},{"type":"Feature","geometry":{"type":"Point","coordinates":[692533.3929079014,6093260.567620445]},"properties":{"height":9.0,"crown_diameter":6.0},"id":""},{"type":"Feature","geometry":{"type":"Point","coordinates":[692544.4445654065,6093288.060932267]},"properties":{"height":9.0,"crown_diameter":6.0},"id":""},{"type":"Feature","geometry":{"type":"Point","coordinates":[692529.1188170454,6093309.010782203]},"properties":{"height":9.0,"crown_diameter":6.0},"id":""},{"type":"Feature","geometry":{"type":"Point","coordinates":[692524.4512452203,6093320.812388805]},"properties":{"height":9.0,"crown_diameter":6.0},"id":""},{"type":"Feature","geometry":{"type":"Point","coordinates":[692552.8898956685,6093324.939820818]},"properties":{"height":9.0,"crown_diameter":6.0},"id":""},{"type":"Feature","geometry":{"type":"Point","coordinates":[692565.4467551424,6093245.771905171]},"properties":{"height":9.0,"crown_diameter":6.0},"id":""},{"type":"Feature","geometry":{"type":"Point","coordinates":[692580.9142407603,6093268.603571376]},"properties":{"height":9.0,"crown_diameter":6.0},"id":""},{"type":"Feature","geometry":{"type":"Point","coordinates":[692569.4023226314,6093283.844312787]},"properties":{"height":9.0,"crown_diameter":6.0},"id":""},{"type":"Feature","geometry":{"type":"Point","coordinates":[692563.5236194433,6093310.359702029]},"properties":{"height":9.0,"crown_diameter":6.0},"id":""},{"type":"Feature","geometry":{"type":"Point","coordinates":[692566.7348489212,6093317.509485776]},"properties":{"height":9.0,"crown_diameter":6.0},"id":""},{"type":"Feature","geometry":{"type":"Point","coordinates":[692600.9187311982,6093300.658925308]},"properties":{"height":9.0,"crown_diameter":6.0},"id":""},{"type":"Feature","geometry":{"type":"Point","coordinates":[692668.2858472774,6093755.586197175]},"properties":{"height":9.0,"crown_diameter":6.0},"id":""},{"type":"Feature","geometry":{"type":"Point","coordinates":[692678.3381310534,6093752.329654919]},"properties":{"height":9.0,"crown_diameter":6.0},"id":""},{"type":"Feature","geometry":{"type":"Point","coordinates":[692663.1386635614,6093794.569310462]},"properties":{"height":9.0,"crown_diameter":6.0},"id":""},{"type":"Feature","geometry":{"type":"Point","coordinates":[692687.8035928955,6093789.791286383]},"properties":{"height":9.0,"crown_diameter":6.0},"id":""},{"type":"Feature","geometry":{"type":"Point","coordinates":[692700.5214446265,6093750.646373751]},"properties":{"height":9.0,"crown_diameter":6.0},"id":""},{"type":"Feature","geometry":{"type":"Point","coordinates":[692717.7499359824,6093751.608382896]},"properties":{"height":9.0,"crown_diameter":6.0},"id":""},{"type":"Feature","geometry":{"type":"Point","coordinates":[692739.9827840674,6093752.956405858]},"properties":{"height":9.0,"crown_diameter":6.0},"id":""},{"type":"Feature","geometry":{"type":"Point","coordinates":[692733.608137054,6093785.528813753]},"properties":{"height":9.0,"crown_diameter":6.0},"id":""},{"type":"Feature","geometry":{"type":"Point","coordinates":[692704.1341382386,6093788.707464244]},"properties":{"height":9.0,"crown_diameter":6.0},"id":""},{"type":"Feature","geometry":{"type":"Point","coordinates":[692039.8954097887,6093781.845725896]},"properties":{"height":9.0,"crown_diameter":6.0},"id":""},{"type":"Feature","geometry":{"type":"Point","coordinates":[692041.5940248937,6093776.005117169]},"properties":{"height":9.0,"crown_diameter":6.0},"id":""},{"type":"Feature","geometry":{"type":"Point","coordinates":[692046.658430621,6093779.571544601]},"properties":{"height":9.0,"crown_diameter":6.0},"id":""},{"type":"Feature","geometry":{"type":"Point","coordinates":[693027.5771782993,6093875.619517868]},"properties":{"height":9.0,"crown_diameter":6.0},"id":""},{"type":"Feature","geometry":{"type":"Point","coordinates":[693035.8873517734,6093870.083659496]},"properties":{"height":9.0,"crown_diameter":6.0},"id":""},{"type":"Feature","geometry":{"type":"Point","coordinates":[693042.5154433129,6093880.397274186]},"properties":{"height":9.0,"crown_diameter":6.0},"id":""},{"type":"Feature","geometry":{"type":"Point","coordinates":[693034.8414002532,6093886.43113385]},"properties":{"height":9.0,"crown_diameter":6.0},"id":""},{"type":"Feature","geometry":{"type":"Point","coordinates":[693058.0467763322,6093870.120904723]},"properties":{"height":9.0,"crown_diameter":6.0},"id":""},{"type":"Feature","geometry":{"type":"Point","coordinates":[693067.4228510653,6093863.780824808]},"properties":{"height":9.0,"crown_diameter":6.0},"id":""},{"type":"Feature","geometry":{"type":"Point","coordinates":[693067.6568655168,6093873.998762213]},"properties":{"height":9.0,"crown_diameter":6.0},"id":""},{"type":"Feature","geometry":{"type":"Point","coordinates":[693050.3880006482,6093876.154452076]},"properties":{"height":9.0,"crown_diameter":6.0},"id":""},{"type":"Feature","geometry":{"type":"Point","coordinates":[693053.8940546245,6093889.567359747]},"properties":{"height":9.0,"crown_diameter":6.0},"id":""},{"type":"Feature","geometry":{"type":"Point","coordinates":[693061.4807288782,6093876.958808289]},"properties":{"height":9.0,"crown_diameter":6.0},"id":""},{"type":"Feature","geometry":{"type":"Point","coordinates":[693071.1120877913,6093879.69205572]},"properties":{"height":9.0,"crown_diameter":6.0},"id":""},{"type":"Feature","geometry":{"type":"Point","coordinates":[693061.8635357772,6093888.782813466]},"properties":{"height":9.0,"crown_diameter":6.0},"id":""},{"type":"Feature","geometry":{"type":"Point","coordinates":[693043.581719205,6093898.494828977]},"properties":{"height":9.0,"crown_diameter":6.0},"id":""},{"type":"Feature","geometry":{"type":"Point","coordinates":[693079.1549936938,6093874.14327413]},"properties":{"height":9.0,"crown_diameter":6.0},"id":""},{"type":"Feature","geometry":{"type":"Point","coordinates":[693087.4182825215,6093872.831499096]},"properties":{"height":9.0,"crown_diameter":6.0},"id":""},{"type":"Feature","geometry":{"type":"Point","coordinates":[693077.4486516415,6093876.030914776]},"properties":{"height":9.0,"crown_diameter":6.0},"id":""},{"type":"Feature","geometry":{"type":"Point","coordinates":[693089.3798651577,6093883.933350002]},"properties":{"height":9.0,"crown_diameter":6.0},"id":""},{"type":"Feature","geometry":{"type":"Point","coordinates":[693095.6845354042,6093889.826080816]},"properties":{"height":9.0,"crown_diameter":6.0},"id":""},{"type":"Feature","geometry":{"type":"Point","coordinates":[693114.3446891496,6093870.357306831]},"properties":{"height":9.0,"crown_diameter":6.0},"id":""},{"type":"Feature","geometry":{"type":"Point","coordinates":[693110.6636798725,6093890.454139655]},"properties":{"height":9.0,"crown_diameter":6.0},"id":""},{"type":"Feature","geometry":{"type":"Point","coordinates":[693121.8595379476,6093880.400724338]},"properties":{"height":9.0,"crown_diameter":6.0},"id":""},{"type":"Feature","geometry":{"type":"Point","coordinates":[693100.8436029278,6093896.720053253]},"properties":{"height":9.0,"crown_diameter":6.0},"id":""},{"type":"Feature","geometry":{"type":"Point","coordinates":[693103.2544799213,6093900.305529662]},"properties":{"height":9.0,"crown_diameter":6.0},"id":""},{"type":"Feature","geometry":{"type":"Point","coordinates":[693098.1807389627,6093925.538999734]},"properties":{"height":9.0,"crown_diameter":6.0},"id":""},{"type":"Feature","geometry":{"type":"Point","coordinates":[693114.5180257453,6093900.892218115]},"properties":{"height":9.0,"crown_diameter":6.0},"id":""},{"type":"Feature","geometry":{"type":"Point","coordinates":[693108.6364552269,6093907.278443586]},"properties":{"height":9.0,"crown_diameter":6.0},"id":""},{"type":"Feature","geometry":{"type":"Point","coordinates":[693118.5683268448,6093921.549049416]},"properties":{"height":9.0,"crown_diameter":6.0},"id":""},{"type":"Feature","geometry":{"type":"Point","coordinates":[693106.7195905591,6093926.407290546]},"properties":{"height":9.0,"crown_diameter":6.0},"id":""},{"type":"Feature","geometry":{"type":"Point","coordinates":[693110.8284266999,6093929.13782637]},"properties":{"height":9.0,"crown_diameter":6.0},"id":""},{"type":"Feature","geometry":{"type":"Point","coordinates":[693122.890162895,6093914.99157474]},"properties":{"height":9.0,"crown_diameter":6.0},"id":""},{"type":"Feature","geometry":{"type":"Point","coordinates":[693129.5313157034,6093919.853853303]},"properties":{"height":9.0,"crown_diameter":6.0},"id":""},{"type":"Feature","geometry":{"type":"Point","coordinates":[693124.3266872764,6093925.081439523]},"properties":{"height":9.0,"crown_diameter":6.0},"id":""},{"type":"Feature","geometry":{"type":"Point","coordinates":[693136.1924149233,6093926.715640692]},"properties":{"height":9.0,"crown_diameter":6.0},"id":""},{"type":"Feature","geometry":{"type":"Point","coordinates":[693196.8721421282,6093863.361892132]},"properties":{"height":9.0,"crown_diameter":6.0},"id":""},{"type":"Feature","geometry":{"type":"Point","coordinates":[693180.1132459983,6093886.473733852]},"properties":{"height":9.0,"crown_diameter":6.0},"id":""},{"type":"Feature","geometry":{"type":"Point","coordinates":[693190.9125432196,6093877.851936763]},"properties":{"height":9.0,"crown_diameter":6.0},"id":""},{"type":"Feature","geometry":{"type":"Point","coordinates":[693149.6912910892,6093908.799147677]},"properties":{"height":9.0,"crown_diameter":6.0},"id":""},{"type":"Feature","geometry":{"type":"Point","coordinates":[693165.6650557794,6093896.745723221]},"properties":{"height":9.0,"crown_diameter":6.0},"id":""},{"type":"Feature","geometry":{"type":"Point","coordinates":[693156.295778267,6093903.402031089]},"properties":{"height":9.0,"crown_diameter":6.0},"id":""},{"type":"Feature","geometry":{"type":"Point","coordinates":[693163.6171686775,6093917.942452197]},"properties":{"height":9.0,"crown_diameter":6.0},"id":""},{"type":"Feature","geometry":{"type":"Point","coordinates":[693162.4094694065,6093929.577279532]},"properties":{"height":9.0,"crown_diameter":6.0},"id":""},{"type":"Feature","geometry":{"type":"Point","coordinates":[693175.9324736344,6093908.516134093]},"properties":{"height":9.0,"crown_diameter":6.0},"id":""},{"type":"Feature","geometry":{"type":"Point","coordinates":[693187.8893560692,6093899.450953694]},"properties":{"height":9.0,"crown_diameter":6.0},"id":""},{"type":"Feature","geometry":{"type":"Point","coordinates":[693186.8097903086,6093909.231933482]},"properties":{"height":9.0,"crown_diameter":6.0},"id":""},{"type":"Feature","geometry":{"type":"Point","coordinates":[693198.8261880078,6093901.877040822]},"properties":{"height":9.0,"crown_diameter":6.0},"id":""},{"type":"Feature","geometry":{"type":"Point","coordinates":[693194.0647031659,6093907.848643145]},"properties":{"height":9.0,"crown_diameter":6.0},"id":""},{"type":"Feature","geometry":{"type":"Point","coordinates":[693180.8848266477,6093917.507454913]},"properties":{"height":9.0,"crown_diameter":6.0},"id":""},{"type":"Feature","geometry":{"type":"Point","coordinates":[693172.592749411,6093921.750076365]},"properties":{"height":9.0,"crown_diameter":6.0},"id":""},{"type":"Feature","geometry":{"type":"Point","coordinates":[693108.1143689607,6093935.260878382]},"properties":{"height":9.0,"crown_diameter":6.0},"id":""},{"type":"Feature","geometry":{"type":"Point","coordinates":[693113.2862905324,6093931.354893638]},"properties":{"height":9.0,"crown_diameter":6.0},"id":""},{"type":"Feature","geometry":{"type":"Point","coordinates":[693150.4390068811,6093941.572857994]},"properties":{"height":9.0,"crown_diameter":6.0},"id":""},{"type":"Feature","geometry":{"type":"Point","coordinates":[693202.5249720494,6093869.445255961]},"properties":{"height":9.0,"crown_diameter":6.0},"id":""},{"type":"Feature","geometry":{"type":"Point","coordinates":[693214.8669721198,6093860.557824457]},"properties":{"height":9.0,"crown_diameter":6.0},"id":""},{"type":"Feature","geometry":{"type":"Point","coordinates":[693223.9888958632,6093871.552748971]},"properties":{"height":9.0,"crown_diameter":6.0},"id":""},{"type":"Feature","geometry":{"type":"Point","coordinates":[693211.665867081,6093880.970003028]},"properties":{"height":9.0,"crown_diameter":6.0},"id":""},{"type":"Feature","geometry":{"type":"Point","coordinates":[693200.2872828967,6093889.967016581]},"properties":{"height":9.0,"crown_diameter":6.0},"id":""},{"type":"Feature","geometry":{"type":"Point","coordinates":[693223.1633872447,6093883.932868133]},"properties":{"height":9.0,"crown_diameter":6.0},"id":""},{"type":"Feature","geometry":{"type":"Point","coordinates":[693236.2538402134,6093862.629729938]},"properties":{"height":9.0,"crown_diameter":6.0},"id":""},{"type":"Feature","geometry":{"type":"Point","coordinates":[693234.9982714497,6093873.0935411975]},"properties":{"height":9.0,"crown_diameter":6.0},"id":""},{"type":"Feature","geometry":{"type":"Point","coordinates":[693206.3373706613,6093897.502290627]},"properties":{"height":9.0,"crown_diameter":6.0},"id":""},{"type":"Feature","geometry":{"type":"Point","coordinates":[693211.531379481,6093891.781871524]},"properties":{"height":9.0,"crown_diameter":6.0},"id":""},{"type":"Feature","geometry":{"type":"Point","coordinates":[693265.8263704047,6093888.953364017]},"properties":{"height":9.0,"crown_diameter":6.0},"id":""},{"type":"Feature","geometry":{"type":"Point","coordinates":[693271.7478763154,6093884.435885971]},"properties":{"height":9.0,"crown_diameter":6.0},"id":""},{"type":"Feature","geometry":{"type":"Point","coordinates":[693276.6718871922,6093880.711853274]},"properties":{"height":9.0,"crown_diameter":6.0},"id":""},{"type":"Feature","geometry":{"type":"Point","coordinates":[693280.4091936019,6093877.850437438]},"properties":{"height":9.0,"crown_diameter":6.0},"id":""},{"type":"Feature","geometry":{"type":"Point","coordinates":[693283.4292198038,6093884.585514431]},"properties":{"height":9.0,"crown_diameter":6.0},"id":""},{"type":"Feature","geometry":{"type":"Point","coordinates":[693278.8160632225,6093887.865691666]},"properties":{"height":9.0,"crown_diameter":6.0},"id":""},{"type":"Feature","geometry":{"type":"Point","coordinates":[693271.7318711677,6093893.654568684]},"properties":{"height":9.0,"crown_diameter":6.0},"id":""},{"type":"Feature","geometry":{"type":"Point","coordinates":[693280.513043629,6093896.219777823]},"properties":{"height":9.0,"crown_diameter":6.0},"id":""},{"type":"Feature","geometry":{"type":"Point","coordinates":[693286.2876420589,6093891.965896426]},"properties":{"height":9.0,"crown_diameter":6.0},"id":""},{"type":"Feature","geometry":{"type":"Point","coordinates":[693288.8569815451,6093901.87333186]},"properties":{"height":9.0,"crown_diameter":6.0},"id":""},{"type":"Feature","geometry":{"type":"Point","coordinates":[693299.3957583604,6093914.195920417]},"properties":{"height":9.0,"crown_diameter":6.0},"id":""},{"type":"Feature","geometry":{"type":"Point","coordinates":[693307.9741170332,6093926.514010813]},"properties":{"height":9.0,"crown_diameter":6.0},"id":""},{"type":"Feature","geometry":{"type":"Point","coordinates":[693314.2140767872,6093911.943453751]},"properties":{"height":9.0,"crown_diameter":6.0},"id":""},{"type":"Feature","geometry":{"type":"Point","coordinates":[693317.2057482275,6093939.059944052]},"properties":{"height":9.0,"crown_diameter":6.0},"id":""},{"type":"Feature","geometry":{"type":"Point","coordinates":[693302.9610660278,6093952.062599638]},"properties":{"height":9.0,"crown_diameter":6.0},"id":""},{"type":"Feature","geometry":{"type":"Point","coordinates":[693295.9255183412,6093958.343459209]},"properties":{"height":9.0,"crown_diameter":6.0},"id":""},{"type":"Feature","geometry":{"type":"Point","coordinates":[693041.8865425552,6093678.9191462975]},"properties":{"height":9.0,"crown_diameter":6.0},"id":""},{"type":"Feature","geometry":{"type":"Point","coordinates":[693062.677594583,6093782.154645284]},"properties":{"height":9.0,"crown_diameter":6.0},"id":""},{"type":"Feature","geometry":{"type":"Point","coordinates":[693064.1088072653,6093792.356254447]},"properties":{"height":9.0,"crown_diameter":6.0},"id":""},{"type":"Feature","geometry":{"type":"Point","coordinates":[693064.821159063,6093798.908247807]},"properties":{"height":9.0,"crown_diameter":6.0},"id":""},{"type":"Feature","geometry":{"type":"Point","coordinates":[693066.0868142451,6093804.583304847]},"properties":{"height":9.0,"crown_diameter":6.0},"id":""},{"type":"Feature","geometry":{"type":"Point","coordinates":[693058.6864672299,6093853.326321656]},"properties":{"height":9.0,"crown_diameter":6.0},"id":""},{"type":"Feature","geometry":{"type":"Point","coordinates":[693043.553755105,6093864.049961388]},"properties":{"height":9.0,"crown_diameter":6.0},"id":""},{"type":"Feature","geometry":{"type":"Point","coordinates":[693051.0277071528,6093859.359870319]},"properties":{"height":9.0,"crown_diameter":6.0},"id":""},{"type":"Feature","geometry":{"type":"Point","coordinates":[693073.3846869401,6093793.0971647]},"properties":{"height":9.0,"crown_diameter":6.0},"id":""},{"type":"Feature","geometry":{"type":"Point","coordinates":[693078.862476144,6093804.905104933]},"properties":{"height":9.0,"crown_diameter":6.0},"id":""},{"type":"Feature","geometry":{"type":"Point","coordinates":[693078.5537114011,6093810.790609406]},"properties":{"height":9.0,"crown_diameter":6.0},"id":""},{"type":"Feature","geometry":{"type":"Point","coordinates":[693087.2755144669,6093812.371252149]},"properties":{"height":9.0,"crown_diameter":6.0},"id":""},{"type":"Feature","geometry":{"type":"Point","coordinates":[693081.1076487224,6093815.359044097]},"properties":{"height":9.0,"crown_diameter":6.0},"id":""},{"type":"Feature","geometry":{"type":"Point","coordinates":[693101.063814619,6093800.494957937]},"properties":{"height":9.0,"crown_diameter":6.0},"id":""},{"type":"Feature","geometry":{"type":"Point","coordinates":[693125.1007662024,6093800.9476235965]},"properties":{"height":9.0,"crown_diameter":6.0},"id":""},{"type":"Feature","geometry":{"type":"Point","coordinates":[693133.2913551974,6093798.381581871]},"properties":{"height":9.0,"crown_diameter":6.0},"id":""},{"type":"Feature","geometry":{"type":"Point","coordinates":[693129.5456981612,6093806.908063716]},"properties":{"height":9.0,"crown_diameter":6.0},"id":""},{"type":"Feature","geometry":{"type":"Point","coordinates":[693134.3946894939,6093814.283061886]},"properties":{"height":9.0,"crown_diameter":6.0},"id":""},{"type":"Feature","geometry":{"type":"Point","coordinates":[693079.6169312214,6093821.26055342]},"properties":{"height":9.0,"crown_diameter":6.0},"id":""},{"type":"Feature","geometry":{"type":"Point","coordinates":[693081.0385259007,6093826.736927163]},"properties":{"height":9.0,"crown_diameter":6.0},"id":""},{"type":"Feature","geometry":{"type":"Point","coordinates":[693087.7102394281,6093825.905724475]},"properties":{"height":9.0,"crown_diameter":6.0},"id":""},{"type":"Feature","geometry":{"type":"Point","coordinates":[693092.352329723,6093822.550610976]},"properties":{"height":9.0,"crown_diameter":6.0},"id":""},{"type":"Feature","geometry":{"type":"Point","coordinates":[693097.3632251421,6093818.964348499]},"properties":{"height":9.0,"crown_diameter":6.0},"id":""},{"type":"Feature","geometry":{"type":"Point","coordinates":[693103.7518929611,6093838.399054988]},"properties":{"height":9.0,"crown_diameter":6.0},"id":""},{"type":"Feature","geometry":{"type":"Point","coordinates":[693097.7983113399,6093842.489212478]},"properties":{"height":9.0,"crown_diameter":6.0},"id":""},{"type":"Feature","geometry":{"type":"Point","coordinates":[693097.407340323,6093848.097416788]},"properties":{"height":9.0,"crown_diameter":6.0},"id":""},{"type":"Feature","geometry":{"type":"Point","coordinates":[693109.0160443962,6093834.528301852]},"properties":{"height":9.0,"crown_diameter":6.0},"id":""},{"type":"Feature","geometry":{"type":"Point","coordinates":[693141.6137131425,6093792.35234718]},"properties":{"height":9.0,"crown_diameter":6.0},"id":""},{"type":"Feature","geometry":{"type":"Point","coordinates":[693154.6282644891,6093784.241263527]},"properties":{"height":9.0,"crown_diameter":6.0},"id":""},{"type":"Feature","geometry":{"type":"Point","coordinates":[693158.6665891911,6093787.243044854]},"properties":{"height":9.0,"crown_diameter":6.0},"id":""},{"type":"Feature","geometry":{"type":"Point","coordinates":[693155.5930211168,6093791.178533779]},"properties":{"height":9.0,"crown_diameter":6.0},"id":""},{"type":"Feature","geometry":{"type":"Point","coordinates":[693138.1188960836,6093804.398938054]},"properties":{"height":9.0,"crown_diameter":6.0},"id":""},{"type":"Feature","geometry":{"type":"Point","coordinates":[693146.4544296205,6093800.053088214]},"properties":{"height":9.0,"crown_diameter":6.0},"id":""},{"type":"Feature","geometry":{"type":"Point","coordinates":[693143.6156389771,6093812.457712225]},"properties":{"height":9.0,"crown_diameter":6.0},"id":""},{"type":"Feature","geometry":{"type":"Point","coordinates":[693188.0150368396,6093841.226711756]},"properties":{"height":9.0,"crown_diameter":6.0},"id":""},{"type":"Feature","geometry":{"type":"Point","coordinates":[693193.8132853063,6093848.75808509]},"properties":{"height":9.0,"crown_diameter":6.0},"id":""},{"type":"Feature","geometry":{"type":"Point","coordinates":[693217.3480764389,6093811.882820992]},"properties":{"height":9.0,"crown_diameter":6.0},"id":""},{"type":"Feature","geometry":{"type":"Point","coordinates":[693215.7690618949,6093828.967321173]},"properties":{"height":9.0,"crown_diameter":6.0},"id":""},{"type":"Feature","geometry":{"type":"Point","coordinates":[693212.7970470737,6093845.830510661]},"properties":{"height":9.0,"crown_diameter":6.0},"id":""},{"type":"Feature","geometry":{"type":"Point","coordinates":[693227.3343386633,6093850.402608559]},"properties":{"height":9.0,"crown_diameter":6.0},"id":""},{"type":"Feature","geometry":{"type":"Point","coordinates":[693232.781546057,6093820.547214288]},"properties":{"height":9.0,"crown_diameter":6.0},"id":""},{"type":"Feature","geometry":{"type":"Point","coordinates":[693244.115619201,6093815.885863755]},"properties":{"height":9.0,"crown_diameter":6.0},"id":""},{"type":"Feature","geometry":{"type":"Point","coordinates":[693234.7763372251,6093832.122738618]},"properties":{"height":9.0,"crown_diameter":6.0},"id":""},{"type":"Feature","geometry":{"type":"Point","coordinates":[693238.3107686285,6093829.4052176075]},"properties":{"height":9.0,"crown_diameter":6.0},"id":""},{"type":"Feature","geometry":{"type":"Point","coordinates":[693255.2633503026,6093832.427882174]},"properties":{"height":9.0,"crown_diameter":6.0},"id":""},{"type":"Feature","geometry":{"type":"Point","coordinates":[693235.4147776488,6093837.355417979]},"properties":{"height":9.0,"crown_diameter":6.0},"id":""},{"type":"Feature","geometry":{"type":"Point","coordinates":[693239.7916621893,6093840.135964017]},"properties":{"height":9.0,"crown_diameter":6.0},"id":""},{"type":"Feature","geometry":{"type":"Point","coordinates":[693263.7225887742,6093843.46487611]},"properties":{"height":9.0,"crown_diameter":6.0},"id":""},{"type":"Feature","geometry":{"type":"Point","coordinates":[693261.4166587854,6093846.202589553]},"properties":{"height":9.0,"crown_diameter":6.0},"id":""},{"type":"Feature","geometry":{"type":"Point","coordinates":[693075.0816050927,6093857.747261956]},"properties":{"height":9.0,"crown_diameter":6.0},"id":""},{"type":"Feature","geometry":{"type":"Point","coordinates":[693106.4456572771,6093860.182580047]},"properties":{"height":9.0,"crown_diameter":6.0},"id":""},{"type":"Feature","geometry":{"type":"Point","coordinates":[693197.1131638599,6093853.961654266]},"properties":{"height":9.0,"crown_diameter":6.0},"id":""},{"type":"Feature","geometry":{"type":"Point","coordinates":[693204.8629901542,6093853.9630574025]},"properties":{"height":9.0,"crown_diameter":6.0},"id":""},{"type":"Feature","geometry":{"type":"Point","coordinates":[693200.4438318942,6093859.89012301]},"properties":{"height":9.0,"crown_diameter":6.0},"id":""},{"type":"Feature","geometry":{"type":"Point","coordinates":[693392.6539362373,6093853.398117808]},"properties":{"height":9.0,"crown_diameter":6.0},"id":""},{"type":"Feature","geometry":{"type":"Point","coordinates":[693488.3443295739,6093586.785167348]},"properties":{"height":9.0,"crown_diameter":6.0},"id":""},{"type":"Feature","geometry":{"type":"Point","coordinates":[693487.7601879059,6093592.620802068]},"properties":{"height":9.0,"crown_diameter":6.0},"id":""},{"type":"Feature","geometry":{"type":"Point","coordinates":[693489.9641414654,6093580.871496479]},"properties":{"height":9.0,"crown_diameter":6.0},"id":""},{"type":"Feature","geometry":{"type":"Point","coordinates":[693500.2277561409,6093588.548716367]},"properties":{"height":9.0,"crown_diameter":6.0},"id":""},{"type":"Feature","geometry":{"type":"Point","coordinates":[693504.0512851,6093586.159750059]},"properties":{"height":9.0,"crown_diameter":6.0},"id":""},{"type":"Feature","geometry":{"type":"Point","coordinates":[693490.9583933313,6093589.88247871]},"properties":{"height":9.0,"crown_diameter":6.0},"id":""},{"type":"Feature","geometry":{"type":"Point","coordinates":[693491.7294227758,6093594.889055501]},"properties":{"height":9.0,"crown_diameter":6.0},"id":""},{"type":"Feature","geometry":{"type":"Point","coordinates":[693489.9212580554,6093598.778915342]},"properties":{"height":9.0,"crown_diameter":6.0},"id":""},{"type":"Feature","geometry":{"type":"Point","coordinates":[693495.88163681,6093597.153380809]},"properties":{"height":9.0,"crown_diameter":6.0},"id":""},{"type":"Feature","geometry":{"type":"Point","coordinates":[693499.2021524817,6093593.361295085]},"properties":{"height":9.0,"crown_diameter":6.0},"id":""},{"type":"Feature","geometry":{"type":"Point","coordinates":[693502.9559016775,6093592.341232292]},"properties":{"height":9.0,"crown_diameter":6.0},"id":""},{"type":"Feature","geometry":{"type":"Point","coordinates":[693500.0527038593,6093597.808040314]},"properties":{"height":9.0,"crown_diameter":6.0},"id":""},{"type":"Feature","geometry":{"type":"Point","coordinates":[693514.940987804,6093598.130381145]},"properties":{"height":9.0,"crown_diameter":6.0},"id":""},{"type":"Feature","geometry":{"type":"Point","coordinates":[693524.1249068249,6093582.863913238]},"properties":{"height":9.0,"crown_diameter":6.0},"id":""},{"type":"Feature","geometry":{"type":"Point","coordinates":[693529.0327133511,6093581.595820811]},"properties":{"height":9.0,"crown_diameter":6.0},"id":""},{"type":"Feature","geometry":{"type":"Point","coordinates":[693534.7197172736,6093584.292292001]},"properties":{"height":9.0,"crown_diameter":6.0},"id":""},{"type":"Feature","geometry":{"type":"Point","coordinates":[693530.788323827,6093593.027605446]},"properties":{"height":9.0,"crown_diameter":6.0},"id":""},{"type":"Feature","geometry":{"type":"Point","coordinates":[693515.034969257,6093611.03964941]},"properties":{"height":9.0,"crown_diameter":6.0},"id":""},{"type":"Feature","geometry":{"type":"Point","coordinates":[693536.5600178109,6093604.289474085]},"properties":{"height":9.0,"crown_diameter":6.0},"id":""},{"type":"Feature","geometry":{"type":"Point","coordinates":[693521.4223000635,6093609.404935572]},"properties":{"height":9.0,"crown_diameter":6.0},"id":""},{"type":"Feature","geometry":{"type":"Point","coordinates":[693536.3153999478,6093608.173691735]},"properties":{"height":9.0,"crown_diameter":6.0},"id":""},{"type":"Feature","geometry":{"type":"Point","coordinates":[693536.316085655,6093588.30443378]},"properties":{"height":9.0,"crown_diameter":6.0},"id":""},{"type":"Feature","geometry":{"type":"Point","coordinates":[693540.2492548393,6093586.759587621]},"properties":{"height":9.0,"crown_diameter":6.0},"id":""},{"type":"Feature","geometry":{"type":"Point","coordinates":[693542.2229959356,6093590.940368239]},"properties":{"height":9.0,"crown_diameter":6.0},"id":""},{"type":"Feature","geometry":{"type":"Point","coordinates":[693543.6816125866,6093597.7739960905]},"properties":{"height":9.0,"crown_diameter":6.0},"id":""},{"type":"Feature","geometry":{"type":"Point","coordinates":[693546.6250641737,6093589.208715363]},"properties":{"height":9.0,"crown_diameter":6.0},"id":""},{"type":"Feature","geometry":{"type":"Point","coordinates":[693548.370645853,6093593.775777461]},"properties":{"height":9.0,"crown_diameter":6.0},"id":""},{"type":"Feature","geometry":{"type":"Point","coordinates":[693557.5924665105,6093581.699072039]},"properties":{"height":9.0,"crown_diameter":6.0},"id":""},{"type":"Feature","geometry":{"type":"Point","coordinates":[693561.748363071,6093579.870372627]},"properties":{"height":9.0,"crown_diameter":6.0},"id":""},{"type":"Feature","geometry":{"type":"Point","coordinates":[693554.572466482,6093596.647228276]},"properties":{"height":9.0,"crown_diameter":6.0},"id":""},{"type":"Feature","geometry":{"type":"Point","coordinates":[693559.065465276,6093594.532232186]},"properties":{"height":9.0,"crown_diameter":6.0},"id":""},{"type":"Feature","geometry":{"type":"Point","coordinates":[693564.9340276099,6093597.513152666]},"properties":{"height":9.0,"crown_diameter":6.0},"id":""},{"type":"Feature","geometry":{"type":"Point","coordinates":[693539.0247935558,6093599.0088027045]},"properties":{"height":9.0,"crown_diameter":6.0},"id":""},{"type":"Feature","geometry":{"type":"Point","coordinates":[693542.7228101471,6093602.8549076095]},"properties":{"height":9.0,"crown_diameter":6.0},"id":""},{"type":"Feature","geometry":{"type":"Point","coordinates":[693540.9598104851,6093606.715903264]},"properties":{"height":9.0,"crown_diameter":6.0},"id":""},{"type":"Feature","geometry":{"type":"Point","coordinates":[693548.3601015114,6093600.036304297]},"properties":{"height":9.0,"crown_diameter":6.0},"id":""},{"type":"Feature","geometry":{"type":"Point","coordinates":[693545.8376146429,6093602.98339501]},"properties":{"height":9.0,"crown_diameter":6.0},"id":""},{"type":"Feature","geometry":{"type":"Point","coordinates":[693547.226185797,6093606.553495581]},"properties":{"height":9.0,"crown_diameter":6.0},"id":""},{"type":"Feature","geometry":{"type":"Point","coordinates":[693539.5324228839,6093612.709173507]},"properties":{"height":9.0,"crown_diameter":6.0},"id":""},{"type":"Feature","geometry":{"type":"Point","coordinates":[693542.9696738344,6093614.3562824745]},"properties":{"height":9.0,"crown_diameter":6.0},"id":""},{"type":"Feature","geometry":{"type":"Point","coordinates":[693545.3547755101,6093609.272663196]},"properties":{"height":9.0,"crown_diameter":6.0},"id":""},{"type":"Feature","geometry":{"type":"Point","coordinates":[693548.6560673654,6093613.824937434]},"properties":{"height":9.0,"crown_diameter":6.0},"id":""},{"type":"Feature","geometry":{"type":"Point","coordinates":[693552.5346461519,6093603.695437476]},"properties":{"height":9.0,"crown_diameter":6.0},"id":""},{"type":"Feature","geometry":{"type":"Point","coordinates":[693567.0536373606,6093601.737307815]},"properties":{"height":9.0,"crown_diameter":6.0},"id":""},{"type":"Feature","geometry":{"type":"Point","coordinates":[693553.1451259573,6093609.393811366]},"properties":{"height":9.0,"crown_diameter":6.0},"id":""},{"type":"Feature","geometry":{"type":"Point","coordinates":[693567.5841348815,6093608.683877269]},"properties":{"height":9.0,"crown_diameter":6.0},"id":""},{"type":"Feature","geometry":{"type":"Point","coordinates":[693562.1225565157,6093613.6475015925]},"properties":{"height":9.0,"crown_diameter":6.0},"id":""},{"type":"Feature","geometry":{"type":"Point","coordinates":[693566.8260439821,6093613.165150216]},"properties":{"height":9.0,"crown_diameter":6.0},"id":""},{"type":"Feature","geometry":{"type":"Point","coordinates":[693498.5173717819,6093625.4309489]},"properties":{"height":9.0,"crown_diameter":6.0},"id":""},{"type":"Feature","geometry":{"type":"Point","coordinates":[693493.59778264,6093629.350367602]},"properties":{"height":9.0,"crown_diameter":6.0},"id":""},{"type":"Feature","geometry":{"type":"Point","coordinates":[693496.2712133916,6093632.725466521]},"properties":{"height":9.0,"crown_diameter":6.0},"id":""},{"type":"Feature","geometry":{"type":"Point","coordinates":[693499.4518738952,6093629.168934773]},"properties":{"height":9.0,"crown_diameter":6.0},"id":""},{"type":"Feature","geometry":{"type":"Point","coordinates":[693503.7660287122,6093627.960107482]},"properties":{"height":9.0,"crown_diameter":6.0},"id":""},{"type":"Feature","geometry":{"type":"Point","coordinates":[693503.2486821053,6093632.2873733565]},"properties":{"height":9.0,"crown_diameter":6.0},"id":""},{"type":"Feature","geometry":{"type":"Point","coordinates":[693500.0658270806,6093635.741630689]},"properties":{"height":9.0,"crown_diameter":6.0},"id":""},{"type":"Feature","geometry":{"type":"Point","coordinates":[693496.0910754602,6093637.482693326]},"properties":{"height":9.0,"crown_diameter":6.0},"id":""},{"type":"Feature","geometry":{"type":"Point","coordinates":[693494.4753001682,6093641.452143693]},"properties":{"height":9.0,"crown_diameter":6.0},"id":""},{"type":"Feature","geometry":{"type":"Point","coordinates":[693497.5078943864,6093646.279961483]},"properties":{"height":9.0,"crown_diameter":6.0},"id":""},{"type":"Feature","geometry":{"type":"Point","coordinates":[693505.9925611272,6093637.167894467]},"properties":{"height":9.0,"crown_diameter":6.0},"id":""},{"type":"Feature","geometry":{"type":"Point","coordinates":[693502.6418909475,6093641.332711747]},"properties":{"height":9.0,"crown_diameter":6.0},"id":""},{"type":"Feature","geometry":{"type":"Point","coordinates":[693498.592220593,6093642.070758717]},"properties":{"height":9.0,"crown_diameter":6.0},"id":""},{"type":"Feature","geometry":{"type":"Point","coordinates":[693501.8937401222,6093646.27886731]},"properties":{"height":9.0,"crown_diameter":6.0},"id":""},{"type":"Feature","geometry":{"type":"Point","coordinates":[693501.655688911,6093650.469910353]},"properties":{"height":9.0,"crown_diameter":6.0},"id":""},{"type":"Feature","geometry":{"type":"Point","coordinates":[693519.3532745761,6093625.662862908]},"properties":{"height":9.0,"crown_diameter":6.0},"id":""},{"type":"Feature","geometry":{"type":"Point","coordinates":[693507.4163319361,6093633.1374474615]},"properties":{"height":9.0,"crown_diameter":6.0},"id":""},{"type":"Feature","geometry":{"type":"Point","coordinates":[693523.7057667862,6093619.132413873]},"properties":{"height":9.0,"crown_diameter":6.0},"id":""},{"type":"Feature","geometry":{"type":"Point","coordinates":[693534.4184394944,6093625.339535065]},"properties":{"height":9.0,"crown_diameter":6.0},"id":""},{"type":"Feature","geometry":{"type":"Point","coordinates":[693507.036713168,6093641.750015784]},"properties":{"height":9.0,"crown_diameter":6.0},"id":""},{"type":"Feature","geometry":{"type":"Point","coordinates":[693510.1538604022,6093639.143655166]},"properties":{"height":9.0,"crown_diameter":6.0},"id":""},{"type":"Feature","geometry":{"type":"Point","coordinates":[693506.4661976704,6093646.087724855]},"properties":{"height":9.0,"crown_diameter":6.0},"id":""},{"type":"Feature","geometry":{"type":"Point","coordinates":[693510.6048065105,6093644.873359851]},"properties":{"height":9.0,"crown_diameter":6.0},"id":""},{"type":"Feature","geometry":{"type":"Point","coordinates":[693507.7367210777,6093650.199884409]},"properties":{"height":9.0,"crown_diameter":6.0},"id":""},{"type":"Feature","geometry":{"type":"Point","coordinates":[693526.8071547749,6093643.158237157]},"properties":{"height":9.0,"crown_diameter":6.0},"id":""},{"type":"Feature","geometry":{"type":"Point","coordinates":[693535.1278422093,6093637.779793834]},"properties":{"height":9.0,"crown_diameter":6.0},"id":""},{"type":"Feature","geometry":{"type":"Point","coordinates":[693534.9130464062,6093652.6491267625]},"properties":{"height":9.0,"crown_diameter":6.0},"id":""},{"type":"Feature","geometry":{"type":"Point","coordinates":[693541.3250130486,6093623.730871517]},"properties":{"height":9.0,"crown_diameter":6.0},"id":""},{"type":"Feature","geometry":{"type":"Point","coordinates":[693551.9329710677,6093621.149754228]},"properties":{"height":9.0,"crown_diameter":6.0},"id":""},{"type":"Feature","geometry":{"type":"Point","coordinates":[693546.0280638874,6093625.360113014]},"properties":{"height":9.0,"crown_diameter":6.0},"id":""},{"type":"Feature","geometry":{"type":"Point","coordinates":[693551.097192902,6093625.921057239]},"properties":{"height":9.0,"crown_diameter":6.0},"id":""},{"type":"Feature","geometry":{"type":"Point","coordinates":[693540.8244073286,6093629.19263519]},"properties":{"height":9.0,"crown_diameter":6.0},"id":""},{"type":"Feature","geometry":{"type":"Point","coordinates":[693540.218342426,6093634.00551666]},"properties":{"height":9.0,"crown_diameter":6.0},"id":""},{"type":"Feature","geometry":{"type":"Point","coordinates":[693545.3235283925,6093629.84953582]},"properties":{"height":9.0,"crown_diameter":6.0},"id":""},{"type":"Feature","geometry":{"type":"Point","coordinates":[693557.0393417784,6093617.049552925]},"properties":{"height":9.0,"crown_diameter":6.0},"id":""},{"type":"Feature","geometry":{"type":"Point","coordinates":[693556.1947452979,6093621.765233433]},"properties":{"height":9.0,"crown_diameter":6.0},"id":""},{"type":"Feature","geometry":{"type":"Point","coordinates":[693561.5430888574,6093617.566814654]},"properties":{"height":9.0,"crown_diameter":6.0},"id":""},{"type":"Feature","geometry":{"type":"Point","coordinates":[693557.6869033598,6093635.490981771]},"properties":{"height":9.0,"crown_diameter":6.0},"id":""},{"type":"Feature","geometry":{"type":"Point","coordinates":[693563.5828312371,6093630.862214601]},"properties":{"height":9.0,"crown_diameter":6.0},"id":""},{"type":"Feature","geometry":{"type":"Point","coordinates":[693562.5891873963,6093635.385751469]},"properties":{"height":9.0,"crown_diameter":6.0},"id":""},{"type":"Feature","geometry":{"type":"Point","coordinates":[693568.1275003882,6093631.508824217]},"properties":{"height":9.0,"crown_diameter":6.0},"id":""},{"type":"Feature","geometry":{"type":"Point","coordinates":[693552.2840210542,6093639.281276459]},"properties":{"height":9.0,"crown_diameter":6.0},"id":""},{"type":"Feature","geometry":{"type":"Point","coordinates":[693547.4607239836,6093643.421908462]},"properties":{"height":9.0,"crown_diameter":6.0},"id":""},{"type":"Feature","geometry":{"type":"Point","coordinates":[693552.0569701536,6093643.983700703]},"properties":{"height":9.0,"crown_diameter":6.0},"id":""},{"type":"Feature","geometry":{"type":"Point","coordinates":[693542.6288819305,6093646.809252521]},"properties":{"height":9.0,"crown_diameter":6.0},"id":""},{"type":"Feature","geometry":{"type":"Point","coordinates":[693541.5461349868,6093649.669626366]},"properties":{"height":9.0,"crown_diameter":6.0},"id":""},{"type":"Feature","geometry":{"type":"Point","coordinates":[693557.160161352,6093639.734735261]},"properties":{"height":9.0,"crown_diameter":6.0},"id":""},{"type":"Feature","geometry":{"type":"Point","coordinates":[693564.2596613206,6093640.717194168]},"properties":{"height":9.0,"crown_diameter":6.0},"id":""},{"type":"Feature","geometry":{"type":"Point","coordinates":[693561.1994889332,6093645.266486366]},"properties":{"height":9.0,"crown_diameter":6.0},"id":""},{"type":"Feature","geometry":{"type":"Point","coordinates":[693554.0073333769,6093650.983511714]},"properties":{"height":9.0,"crown_diameter":6.0},"id":""},{"type":"Feature","geometry":{"type":"Point","coordinates":[693566.9781097557,6093645.477317806]},"properties":{"height":9.0,"crown_diameter":6.0},"id":""},{"type":"Feature","geometry":{"type":"Point","coordinates":[693564.3056880219,6093650.678735226]},"properties":{"height":9.0,"crown_diameter":6.0},"id":""},{"type":"Feature","geometry":{"type":"Point","coordinates":[693522.6861222849,6093669.004136099]},"properties":{"height":9.0,"crown_diameter":6.0},"id":""},{"type":"Feature","geometry":{"type":"Point","coordinates":[693529.5321309246,6093669.192084936]},"properties":{"height":9.0,"crown_diameter":6.0},"id":""},{"type":"Feature","geometry":{"type":"Point","coordinates":[693526.2048535106,6093672.314575836]},"properties":{"height":9.0,"crown_diameter":6.0},"id":""},{"type":"Feature","geometry":{"type":"Point","coordinates":[693530.9425367645,6093673.068687843]},"properties":{"height":9.0,"crown_diameter":6.0},"id":""},{"type":"Feature","geometry":{"type":"Point","coordinates":[693535.1118927605,6093671.509475429]},"properties":{"height":9.0,"crown_diameter":6.0},"id":""},{"type":"Feature","geometry":{"type":"Point","coordinates":[693520.509110161,6093675.255343091]},"properties":{"height":9.0,"crown_diameter":6.0},"id":""},{"type":"Feature","geometry":{"type":"Point","coordinates":[693525.0783407523,6093677.045604061]},"properties":{"height":9.0,"crown_diameter":6.0},"id":""},{"type":"Feature","geometry":{"type":"Point","coordinates":[693527.4293057448,6093681.0322508]},"properties":{"height":9.0,"crown_diameter":6.0},"id":""},{"type":"Feature","geometry":{"type":"Point","coordinates":[693530.4155790277,6093677.3031411115]},"properties":{"height":9.0,"crown_diameter":6.0},"id":""},{"type":"Feature","geometry":{"type":"Point","coordinates":[693535.2496319186,6093675.79477759]},"properties":{"height":9.0,"crown_diameter":6.0},"id":""},{"type":"Feature","geometry":{"type":"Point","coordinates":[693531.5845607836,6093683.436028415]},"properties":{"height":9.0,"crown_diameter":6.0},"id":""},{"type":"Feature","geometry":{"type":"Point","coordinates":[693535.0197347861,6093680.720511477]},"properties":{"height":9.0,"crown_diameter":6.0},"id":""},{"type":"Feature","geometry":{"type":"Point","coordinates":[693536.1828154323,6093685.867504675]},"properties":{"height":9.0,"crown_diameter":6.0},"id":""},{"type":"Feature","geometry":{"type":"Point","coordinates":[693549.7313125646,6093666.05164354]},"properties":{"height":9.0,"crown_diameter":6.0},"id":""},{"type":"Feature","geometry":{"type":"Point","coordinates":[693557.9117413077,6093662.666835714]},"properties":{"height":9.0,"crown_diameter":6.0},"id":""},{"type":"Feature","geometry":{"type":"Point","coordinates":[693562.773683124,6093673.473813057]},"properties":{"height":9.0,"crown_diameter":6.0},"id":""},{"type":"Feature","geometry":{"type":"Point","coordinates":[693539.9674030023,6093675.26562546]},"properties":{"height":9.0,"crown_diameter":6.0},"id":""},{"type":"Feature","geometry":{"type":"Point","coordinates":[693540.8054741889,6093683.74973827]},"properties":{"height":9.0,"crown_diameter":6.0},"id":""},{"type":"Feature","geometry":{"type":"Point","coordinates":[693544.0856505322,6093680.209659377]},"properties":{"height":9.0,"crown_diameter":6.0},"id":""},{"type":"Feature","geometry":{"type":"Point","coordinates":[693543.7450654542,6093686.374946041]},"properties":{"height":9.0,"crown_diameter":6.0},"id":""},{"type":"Feature","geometry":{"type":"Point","coordinates":[693478.0448076916,6093770.824473772]},"properties":{"height":9.0,"crown_diameter":6.0},"id":""},{"type":"Feature","geometry":{"type":"Point","coordinates":[693566.1457390551,6093696.600818824]},"properties":{"height":9.0,"crown_diameter":6.0},"id":""},{"type":"Feature","geometry":{"type":"Point","coordinates":[693481.0299766696,6093774.862639548]},"properties":{"height":9.0,"crown_diameter":6.0},"id":""},{"type":"Feature","geometry":{"type":"Point","coordinates":[693486.2721631511,6093781.708114138]},"properties":{"height":9.0,"crown_diameter":6.0},"id":""},{"type":"Feature","geometry":{"type":"Point","coordinates":[693496.8985832136,6093795.6192573225]},"properties":{"height":9.0,"crown_diameter":6.0},"id":""},{"type":"Feature","geometry":{"type":"Point","coordinates":[693502.0500720334,6093801.080661064]},"properties":{"height":9.0,"crown_diameter":6.0},"id":""},{"type":"Feature","geometry":{"type":"Point","coordinates":[693508.2577134632,6093804.928743881]},"properties":{"height":9.0,"crown_diameter":6.0},"id":""},{"type":"Feature","geometry":{"type":"Point","coordinates":[693471.8118403339,6093820.901032312]},"properties":{"height":9.0,"crown_diameter":6.0},"id":""},{"type":"Feature","geometry":{"type":"Point","coordinates":[693471.9008079439,6093825.047847879]},"properties":{"height":9.0,"crown_diameter":6.0},"id":""},{"type":"Feature","geometry":{"type":"Point","coordinates":[693488.438231759,6093811.205024907]},"properties":{"height":9.0,"crown_diameter":6.0},"id":""},{"type":"Feature","geometry":{"type":"Point","coordinates":[693492.9700790676,6093817.293666016]},"properties":{"height":9.0,"crown_diameter":6.0},"id":""},{"type":"Feature","geometry":{"type":"Point","coordinates":[693501.6428908589,6093823.339960767]},"properties":{"height":9.0,"crown_diameter":6.0},"id":""},{"type":"Feature","geometry":{"type":"Point","coordinates":[693479.4411409255,6093828.439463023]},"properties":{"height":9.0,"crown_diameter":6.0},"id":""},{"type":"Feature","geometry":{"type":"Point","coordinates":[693486.4714429036,6093836.85583294]},"properties":{"height":9.0,"crown_diameter":6.0},"id":""},{"type":"Feature","geometry":{"type":"Point","coordinates":[693495.494826965,6093842.531831592]},"properties":{"height":9.0,"crown_diameter":6.0},"id":""},{"type":"Feature","geometry":{"type":"Point","coordinates":[693505.4312531562,6093843.834859127]},"properties":{"height":9.0,"crown_diameter":6.0},"id":""},{"type":"Feature","geometry":{"type":"Point","coordinates":[693515.9828348168,6093806.623385376]},"properties":{"height":9.0,"crown_diameter":6.0},"id":""},{"type":"Feature","geometry":{"type":"Point","coordinates":[693523.0994704603,6093806.266017818]},"properties":{"height":9.0,"crown_diameter":6.0},"id":""},{"type":"Feature","geometry":{"type":"Point","coordinates":[693532.1030058551,6093804.975150241]},"properties":{"height":9.0,"crown_diameter":6.0},"id":""},{"type":"Feature","geometry":{"type":"Point","coordinates":[693538.4026925747,6093804.226011816]},"properties":{"height":9.0,"crown_diameter":6.0},"id":""},{"type":"Feature","geometry":{"type":"Point","coordinates":[693513.758789902,6093824.903179558]},"properties":{"height":9.0,"crown_diameter":6.0},"id":""},{"type":"Feature","geometry":{"type":"Point","coordinates":[693522.0376431027,6093823.609270165]},"properties":{"height":9.0,"crown_diameter":6.0},"id":""},{"type":"Feature","geometry":{"type":"Point","coordinates":[693533.2193336341,6093822.160034223]},"properties":{"height":9.0,"crown_diameter":6.0},"id":""},{"type":"Feature","geometry":{"type":"Point","coordinates":[693516.1146004881,6093842.266110577]},"properties":{"height":9.0,"crown_diameter":6.0},"id":""},{"type":"Feature","geometry":{"type":"Point","coordinates":[693525.7784898166,6093840.82154991]},"properties":{"height":9.0,"crown_diameter":6.0},"id":""},{"type":"Feature","geometry":{"type":"Point","coordinates":[693536.4833075042,6093839.187201519]},"properties":{"height":9.0,"crown_diameter":6.0},"id":""},{"type":"Feature","geometry":{"type":"Point","coordinates":[693544.4628547449,6093820.393186543]},"properties":{"height":9.0,"crown_diameter":6.0},"id":""},{"type":"Feature","geometry":{"type":"Point","coordinates":[693557.0582975461,6093818.355453122]},"properties":{"height":9.0,"crown_diameter":6.0},"id":""},{"type":"Feature","geometry":{"type":"Point","coordinates":[693546.8428356824,6093837.457928173]},"properties":{"height":9.0,"crown_diameter":6.0},"id":""},{"type":"Feature","geometry":{"type":"Point","coordinates":[693559.8612282821,6093835.578552162]},"properties":{"height":9.0,"crown_diameter":6.0},"id":""},{"type":"Feature","geometry":{"type":"Point","coordinates":[693567.8073186184,6093582.837901667]},"properties":{"height":9.0,"crown_diameter":6.0},"id":""},{"type":"Feature","geometry":{"type":"Point","coordinates":[693569.7020374163,6093586.89014427]},"properties":{"height":9.0,"crown_diameter":6.0},"id":""},{"type":"Feature","geometry":{"type":"Point","coordinates":[693574.0942795759,6093585.056365562]},"properties":{"height":9.0,"crown_diameter":6.0},"id":""},{"type":"Feature","geometry":{"type":"Point","coordinates":[693578.3663275554,6093581.532185777]},"properties":{"height":9.0,"crown_diameter":6.0},"id":""},{"type":"Feature","geometry":{"type":"Point","coordinates":[693579.4865971622,6093587.5265836455]},"properties":{"height":9.0,"crown_diameter":6.0},"id":""},{"type":"Feature","geometry":{"type":"Point","coordinates":[693575.2783297168,6093589.402925888]},"properties":{"height":9.0,"crown_diameter":6.0},"id":""},{"type":"Feature","geometry":{"type":"Point","coordinates":[693596.6808897658,6093579.0832299935]},"properties":{"height":9.0,"crown_diameter":6.0},"id":""},{"type":"Feature","geometry":{"type":"Point","coordinates":[693593.5265118807,6093583.150850212]},"properties":{"height":9.0,"crown_diameter":6.0},"id":""},{"type":"Feature","geometry":{"type":"Point","coordinates":[693571.4678824467,6093600.572808534]},"properties":{"height":9.0,"crown_diameter":6.0},"id":""},{"type":"Feature","geometry":{"type":"Point","coordinates":[693572.9202111703,6093604.625245403]},"properties":{"height":9.0,"crown_diameter":6.0},"id":""},{"type":"Feature","geometry":{"type":"Point","coordinates":[693572.5669181806,6093609.841995766]},"properties":{"height":9.0,"crown_diameter":6.0},"id":""},{"type":"Feature","geometry":{"type":"Point","coordinates":[693603.1754260776,6093582.087894518]},"properties":{"height":9.0,"crown_diameter":6.0},"id":""},{"type":"Feature","geometry":{"type":"Point","coordinates":[693613.5517184727,6093578.311705415]},"properties":{"height":9.0,"crown_diameter":6.0},"id":""},{"type":"Feature","geometry":{"type":"Point","coordinates":[693609.8746805817,6093595.692536126]},"properties":{"height":9.0,"crown_diameter":6.0},"id":""},{"type":"Feature","geometry":{"type":"Point","coordinates":[693614.3224204697,6093596.443525762]},"properties":{"height":9.0,"crown_diameter":6.0},"id":""},{"type":"Feature","geometry":{"type":"Point","coordinates":[693615.2670942489,6093591.772199087]},"properties":{"height":9.0,"crown_diameter":6.0},"id":""},{"type":"Feature","geometry":{"type":"Point","coordinates":[693619.8391762718,6093587.302045893]},"properties":{"height":9.0,"crown_diameter":6.0},"id":""},{"type":"Feature","geometry":{"type":"Point","coordinates":[693619.5754039033,6093592.423856946]},"properties":{"height":9.0,"crown_diameter":6.0},"id":""},{"type":"Feature","geometry":{"type":"Point","coordinates":[693624.7712210028,6093588.228672646]},"properties":{"height":9.0,"crown_diameter":6.0},"id":""},{"type":"Feature","geometry":{"type":"Point","coordinates":[693609.5067983343,6093600.584029688]},"properties":{"height":9.0,"crown_diameter":6.0},"id":""},{"type":"Feature","geometry":{"type":"Point","coordinates":[693614.9394522109,6093603.155684637]},"properties":{"height":9.0,"crown_diameter":6.0},"id":""},{"type":"Feature","geometry":{"type":"Point","coordinates":[693617.0662743588,6093607.71454981]},"properties":{"height":9.0,"crown_diameter":6.0},"id":""},{"type":"Feature","geometry":{"type":"Point","coordinates":[693621.6179877106,6093606.202896912]},"properties":{"height":9.0,"crown_diameter":6.0},"id":""},{"type":"Feature","geometry":{"type":"Point","coordinates":[693622.7447016131,6093610.36464196]},"properties":{"height":9.0,"crown_diameter":6.0},"id":""},{"type":"Feature","geometry":{"type":"Point","coordinates":[693628.3793943431,6093609.201814578]},"properties":{"height":9.0,"crown_diameter":6.0},"id":""},{"type":"Feature","geometry":{"type":"Point","coordinates":[693629.45837073,6093613.271563212]},"properties":{"height":9.0,"crown_diameter":6.0},"id":""},{"type":"Feature","geometry":{"type":"Point","coordinates":[693631.0593491505,6093579.489214889]},"properties":{"height":9.0,"crown_diameter":6.0},"id":""},{"type":"Feature","geometry":{"type":"Point","coordinates":[693636.2171173748,6093580.27145675]},"properties":{"height":9.0,"crown_diameter":6.0},"id":""},{"type":"Feature","geometry":{"type":"Point","coordinates":[693630.3012931079,6093583.970494812]},"properties":{"height":9.0,"crown_diameter":6.0},"id":""},{"type":"Feature","geometry":{"type":"Point","coordinates":[693635.1489141216,6093594.107994723]},"properties":{"height":9.0,"crown_diameter":6.0},"id":""},{"type":"Feature","geometry":{"type":"Point","coordinates":[693637.5838335274,6093595.609155026]},"properties":{"height":9.0,"crown_diameter":6.0},"id":""},{"type":"Feature","geometry":{"type":"Point","coordinates":[693639.2037511745,6093589.704751125]},"properties":{"height":9.0,"crown_diameter":6.0},"id":""},{"type":"Feature","geometry":{"type":"Point","coordinates":[693644.6466666651,6093588.136739094]},"properties":{"height":9.0,"crown_diameter":6.0},"id":""},{"type":"Feature","geometry":{"type":"Point","coordinates":[693640.4152084576,6093593.194924363]},"properties":{"height":9.0,"crown_diameter":6.0},"id":""},{"type":"Feature","geometry":{"type":"Point","coordinates":[693658.4163412596,6093585.385269737]},"properties":{"height":9.0,"crown_diameter":6.0},"id":""},{"type":"Feature","geometry":{"type":"Point","coordinates":[693648.8205220485,6093591.051677795]},"properties":{"height":9.0,"crown_diameter":6.0},"id":""},{"type":"Feature","geometry":{"type":"Point","coordinates":[693634.1197277253,6093601.236889796]},"properties":{"height":9.0,"crown_diameter":6.0},"id":""},{"type":"Feature","geometry":{"type":"Point","coordinates":[693638.6326634968,6093598.274935067]},"properties":{"height":9.0,"crown_diameter":6.0},"id":""},{"type":"Feature","geometry":{"type":"Point","coordinates":[693643.0710797675,6093596.1052556075]},"properties":{"height":9.0,"crown_diameter":6.0},"id":""},{"type":"Feature","geometry":{"type":"Point","coordinates":[693642.4305297999,6093599.309627328]},"properties":{"height":9.0,"crown_diameter":6.0},"id":""},{"type":"Feature","geometry":{"type":"Point","coordinates":[693638.6012533412,6093603.205715641]},"properties":{"height":9.0,"crown_diameter":6.0},"id":""},{"type":"Feature","geometry":{"type":"Point","coordinates":[693643.3682853957,6093603.196365657]},"properties":{"height":9.0,"crown_diameter":6.0},"id":""},{"type":"Feature","geometry":{"type":"Point","coordinates":[693633.7308271639,6093611.542650794]},"properties":{"height":9.0,"crown_diameter":6.0},"id":""},{"type":"Feature","geometry":{"type":"Point","coordinates":[693640.3580040606,6093614.683973717]},"properties":{"height":9.0,"crown_diameter":6.0},"id":""},{"type":"Feature","geometry":{"type":"Point","coordinates":[693648.4424043468,6093600.082823143]},"properties":{"height":9.0,"crown_diameter":6.0},"id":""},{"type":"Feature","geometry":{"type":"Point","coordinates":[693659.8346147226,6093603.121798487]},"properties":{"height":9.0,"crown_diameter":6.0},"id":""},{"type":"Feature","geometry":{"type":"Point","coordinates":[693651.2510159885,6093612.236147163]},"properties":{"height":9.0,"crown_diameter":6.0},"id":""},{"type":"Feature","geometry":{"type":"Point","coordinates":[693662.6490555438,6093579.675901891]},"properties":{"height":9.0,"crown_diameter":6.0},"id":""},{"type":"Feature","geometry":{"type":"Point","coordinates":[693667.0123752742,6093593.898103364]},"properties":{"height":9.0,"crown_diameter":6.0},"id":""},{"type":"Feature","geometry":{"type":"Point","coordinates":[693664.9334819752,6093607.198229315]},"properties":{"height":9.0,"crown_diameter":6.0},"id":""},{"type":"Feature","geometry":{"type":"Point","coordinates":[693686.1150355067,6093603.63638203]},"properties":{"height":9.0,"crown_diameter":6.0},"id":""},{"type":"Feature","geometry":{"type":"Point","coordinates":[693680.9515638881,6093607.5611474095]},"properties":{"height":9.0,"crown_diameter":6.0},"id":""},{"type":"Feature","geometry":{"type":"Point","coordinates":[693678.3347487112,6093613.217211824]},"properties":{"height":9.0,"crown_diameter":6.0},"id":""},{"type":"Feature","geometry":{"type":"Point","coordinates":[693685.4593116487,6093608.264303401]},"properties":{"height":9.0,"crown_diameter":6.0},"id":""},{"type":"Feature","geometry":{"type":"Point","coordinates":[693691.41447723,6093606.396895671]},"properties":{"height":9.0,"crown_diameter":6.0},"id":""},{"type":"Feature","geometry":{"type":"Point","coordinates":[693685.719004113,6093613.6074269675]},"properties":{"height":9.0,"crown_diameter":6.0},"id":""},{"type":"Feature","geometry":{"type":"Point","coordinates":[693574.1707463079,6093622.728158494]},"properties":{"height":9.0,"crown_diameter":6.0},"id":""},{"type":"Feature","geometry":{"type":"Point","coordinates":[693579.8970142793,6093619.079740319]},"properties":{"height":9.0,"crown_diameter":6.0},"id":""},{"type":"Feature","geometry":{"type":"Point","coordinates":[693579.1399261192,6093623.607503448]},"properties":{"height":9.0,"crown_diameter":6.0},"id":""},{"type":"Feature","geometry":{"type":"Point","coordinates":[693568.875972979,6093626.934737008]},"properties":{"height":9.0,"crown_diameter":6.0},"id":""},{"type":"Feature","geometry":{"type":"Point","coordinates":[693573.4138544457,6093627.265218779]},"properties":{"height":9.0,"crown_diameter":6.0},"id":""},{"type":"Feature","geometry":{"type":"Point","coordinates":[693584.4385244723,6093619.224096771]},"properties":{"height":9.0,"crown_diameter":6.0},"id":""},{"type":"Feature","geometry":{"type":"Point","coordinates":[693587.8487673865,6093622.099644136]},"properties":{"height":9.0,"crown_diameter":6.0},"id":""},{"type":"Feature","geometry":{"type":"Point","coordinates":[693585.6275001932,6093626.286758606]},"properties":{"height":9.0,"crown_diameter":6.0},"id":""},{"type":"Feature","geometry":{"type":"Point","coordinates":[693588.9864123712,6093628.902949367]},"properties":{"height":9.0,"crown_diameter":6.0},"id":""},{"type":"Feature","geometry":{"type":"Point","coordinates":[693586.7092191495,6093632.616858412]},"properties":{"height":9.0,"crown_diameter":6.0},"id":""},{"type":"Feature","geometry":{"type":"Point","coordinates":[693590.152436761,6093634.8963639755]},"properties":{"height":9.0,"crown_diameter":6.0},"id":""},{"type":"Feature","geometry":{"type":"Point","coordinates":[693569.197990521,6093637.671728889]},"properties":{"height":9.0,"crown_diameter":6.0},"id":""},{"type":"Feature","geometry":{"type":"Point","coordinates":[693574.06379178,6093637.288213126]},"properties":{"height":9.0,"crown_diameter":6.0},"id":""},{"type":"Feature","geometry":{"type":"Point","coordinates":[693571.08230095,6093641.593965903]},"properties":{"height":9.0,"crown_diameter":6.0},"id":""},{"type":"Feature","geometry":{"type":"Point","coordinates":[693575.1654602685,6093642.77139604]},"properties":{"height":9.0,"crown_diameter":6.0},"id":""},{"type":"Feature","geometry":{"type":"Point","coordinates":[693578.2997094488,6093637.764706303]},"properties":{"height":9.0,"crown_diameter":6.0},"id":""},{"type":"Feature","geometry":{"type":"Point","coordinates":[693580.7111269252,6093643.145354882]},"properties":{"height":9.0,"crown_diameter":6.0},"id":""},{"type":"Feature","geometry":{"type":"Point","coordinates":[693571.1994244263,6093649.181950356]},"properties":{"height":9.0,"crown_diameter":6.0},"id":""},{"type":"Feature","geometry":{"type":"Point","coordinates":[693574.5654393001,6093647.509734424]},"properties":{"height":9.0,"crown_diameter":6.0},"id":""},{"type":"Feature","geometry":{"type":"Point","coordinates":[693568.989398417,6093653.182776686]},"properties":{"height":9.0,"crown_diameter":6.0},"id":""},{"type":"Feature","geometry":{"type":"Point","coordinates":[693574.6445213581,6093652.614879735]},"properties":{"height":9.0,"crown_diameter":6.0},"id":""},{"type":"Feature","geometry":{"type":"Point","coordinates":[693580.5477209161,6093649.390560112]},"properties":{"height":9.0,"crown_diameter":6.0},"id":""},{"type":"Feature","geometry":{"type":"Point","coordinates":[693587.6498742393,6093639.126726143]},"properties":{"height":9.0,"crown_diameter":6.0},"id":""},{"type":"Feature","geometry":{"type":"Point","coordinates":[693590.8239781172,6093642.016644485]},"properties":{"height":9.0,"crown_diameter":6.0},"id":""},{"type":"Feature","geometry":{"type":"Point","coordinates":[693589.0622258408,6093645.579956673]},"properties":{"height":9.0,"crown_diameter":6.0},"id":""},{"type":"Feature","geometry":{"type":"Point","coordinates":[693592.1042885965,6093648.714563621]},"properties":{"height":9.0,"crown_diameter":6.0},"id":""},{"type":"Feature","geometry":{"type":"Point","coordinates":[693589.4011395704,6093652.484128233]},"properties":{"height":9.0,"crown_diameter":6.0},"id":""},{"type":"Feature","geometry":{"type":"Point","coordinates":[693602.8547565409,6093617.954315446]},"properties":{"height":9.0,"crown_diameter":6.0},"id":""},{"type":"Feature","geometry":{"type":"Point","coordinates":[693600.2241082749,6093621.192108953]},"properties":{"height":9.0,"crown_diameter":6.0},"id":""},{"type":"Feature","geometry":{"type":"Point","coordinates":[693603.5427069936,6093623.706837082]},"properties":{"height":9.0,"crown_diameter":6.0},"id":""},{"type":"Feature","geometry":{"type":"Point","coordinates":[693612.7882422917,6093618.420086006]},"properties":{"height":9.0,"crown_diameter":6.0},"id":""},{"type":"Feature","geometry":{"type":"Point","coordinates":[693613.9155142109,6093622.963205408]},"properties":{"height":9.0,"crown_diameter":6.0},"id":""},{"type":"Feature","geometry":{"type":"Point","coordinates":[693601.0305720505,6093627.490909124]},"properties":{"height":9.0,"crown_diameter":6.0},"id":""},{"type":"Feature","geometry":{"type":"Point","coordinates":[693601.5615332081,6093634.102593092]},"properties":{"height":9.0,"crown_diameter":6.0},"id":""},{"type":"Feature","geometry":{"type":"Point","coordinates":[693618.7963064269,6093621.146821899]},"properties":{"height":9.0,"crown_diameter":6.0},"id":""},{"type":"Feature","geometry":{"type":"Point","coordinates":[693624.8322378392,6093624.105507777]},"properties":{"height":9.0,"crown_diameter":6.0},"id":""},{"type":"Feature","geometry":{"type":"Point","coordinates":[693617.9542688644,6093634.150613069]},"properties":{"height":9.0,"crown_diameter":6.0},"id":""},{"type":"Feature","geometry":{"type":"Point","coordinates":[693626.5283274264,6093628.496880595]},"properties":{"height":9.0,"crown_diameter":6.0},"id":""},{"type":"Feature","geometry":{"type":"Point","coordinates":[693605.2512831253,6093636.851206377]},"properties":{"height":9.0,"crown_diameter":6.0},"id":""},{"type":"Feature","geometry":{"type":"Point","coordinates":[693603.2484380937,6093639.842968974]},"properties":{"height":9.0,"crown_diameter":6.0},"id":""},{"type":"Feature","geometry":{"type":"Point","coordinates":[693606.6064475221,6093643.482402415]},"properties":{"height":9.0,"crown_diameter":6.0},"id":""},{"type":"Feature","geometry":{"type":"Point","coordinates":[693614.2611534866,6093636.574036185]},"properties":{"height":9.0,"crown_diameter":6.0},"id":""},{"type":"Feature","geometry":{"type":"Point","coordinates":[693612.2727230865,6093639.881762348]},"properties":{"height":9.0,"crown_diameter":6.0},"id":""},{"type":"Feature","geometry":{"type":"Point","coordinates":[693607.2770419843,6093650.202713192]},"properties":{"height":9.0,"crown_diameter":6.0},"id":""},{"type":"Feature","geometry":{"type":"Point","coordinates":[693604.9675568235,6093653.833601423]},"properties":{"height":9.0,"crown_diameter":6.0},"id":""},{"type":"Feature","geometry":{"type":"Point","coordinates":[693612.8014864274,6093644.614472215]},"properties":{"height":9.0,"crown_diameter":6.0},"id":""},{"type":"Feature","geometry":{"type":"Point","coordinates":[693615.6503221876,6093647.985772701]},"properties":{"height":9.0,"crown_diameter":6.0},"id":""},{"type":"Feature","geometry":{"type":"Point","coordinates":[693621.5635908189,6093636.705603172]},"properties":{"height":9.0,"crown_diameter":6.0},"id":""},{"type":"Feature","geometry":{"type":"Point","coordinates":[693620.2790354514,6093643.309759676]},"properties":{"height":9.0,"crown_diameter":6.0},"id":""},{"type":"Feature","geometry":{"type":"Point","coordinates":[693619.9329796564,6093646.731055433]},"properties":{"height":9.0,"crown_diameter":6.0},"id":""},{"type":"Feature","geometry":{"type":"Point","coordinates":[693584.1012591566,6093662.848802978]},"properties":{"height":9.0,"crown_diameter":6.0},"id":""},{"type":"Feature","geometry":{"type":"Point","coordinates":[693573.0129823944,6093668.640182262]},"properties":{"height":9.0,"crown_diameter":6.0},"id":""},{"type":"Feature","geometry":{"type":"Point","coordinates":[693590.5405840985,6093659.371113358]},"properties":{"height":9.0,"crown_diameter":6.0},"id":""},{"type":"Feature","geometry":{"type":"Point","coordinates":[693592.8137912088,6093655.471247761]},"properties":{"height":9.0,"crown_diameter":6.0},"id":""},{"type":"Feature","geometry":{"type":"Point","coordinates":[693593.6110297408,6093661.695829494]},"properties":{"height":9.0,"crown_diameter":6.0},"id":""},{"type":"Feature","geometry":{"type":"Point","coordinates":[693595.4383609493,6093667.58202509]},"properties":{"height":9.0,"crown_diameter":6.0},"id":""},{"type":"Feature","geometry":{"type":"Point","coordinates":[693593.2498539003,6093671.163801906]},"properties":{"height":9.0,"crown_diameter":6.0},"id":""},{"type":"Feature","geometry":{"type":"Point","coordinates":[693576.0540529973,6093675.281700714]},"properties":{"height":9.0,"crown_diameter":6.0},"id":""},{"type":"Feature","geometry":{"type":"Point","coordinates":[693570.2962188941,6093691.674642429]},"properties":{"height":9.0,"crown_diameter":6.0},"id":""},{"type":"Feature","geometry":{"type":"Point","coordinates":[693576.9197488765,6093690.025520183]},"properties":{"height":9.0,"crown_diameter":6.0},"id":""},{"type":"Feature","geometry":{"type":"Point","coordinates":[693595.9383509769,6093676.659425739]},"properties":{"height":9.0,"crown_diameter":6.0},"id":""},{"type":"Feature","geometry":{"type":"Point","coordinates":[693605.8620822042,6093660.325854265]},"properties":{"height":9.0,"crown_diameter":6.0},"id":""},{"type":"Feature","geometry":{"type":"Point","coordinates":[693608.8135904146,6093656.755597872]},"properties":{"height":9.0,"crown_diameter":6.0},"id":""},{"type":"Feature","geometry":{"type":"Point","coordinates":[693614.7899834411,6093659.427205319]},"properties":{"height":9.0,"crown_diameter":6.0},"id":""},{"type":"Feature","geometry":{"type":"Point","coordinates":[693606.3521696788,6093666.454707166]},"properties":{"height":9.0,"crown_diameter":6.0},"id":""},{"type":"Feature","geometry":{"type":"Point","coordinates":[693626.0826903835,6093661.026540294]},"properties":{"height":9.0,"crown_diameter":6.0},"id":""},{"type":"Feature","geometry":{"type":"Point","coordinates":[693626.3418845291,6093668.834726188]},"properties":{"height":9.0,"crown_diameter":6.0},"id":""},{"type":"Feature","geometry":{"type":"Point","coordinates":[693607.4406633538,6093675.231107876]},"properties":{"height":9.0,"crown_diameter":6.0},"id":""},{"type":"Feature","geometry":{"type":"Point","coordinates":[693615.6065808304,6093691.0646644235]},"properties":{"height":9.0,"crown_diameter":6.0},"id":""},{"type":"Feature","geometry":{"type":"Point","coordinates":[693619.6326719839,6093689.582905404]},"properties":{"height":9.0,"crown_diameter":6.0},"id":""},{"type":"Feature","geometry":{"type":"Point","coordinates":[693625.2846482357,6093686.736034872]},"properties":{"height":9.0,"crown_diameter":6.0},"id":""},{"type":"Feature","geometry":{"type":"Point","coordinates":[693630.4389817424,6093684.513784078]},"properties":{"height":9.0,"crown_diameter":6.0},"id":""},{"type":"Feature","geometry":{"type":"Point","coordinates":[693626.0621708927,6093689.909954612]},"properties":{"height":9.0,"crown_diameter":6.0},"id":""},{"type":"Feature","geometry":{"type":"Point","coordinates":[693632.1165151871,6093688.040460852]},"properties":{"height":9.0,"crown_diameter":6.0},"id":""},{"type":"Feature","geometry":{"type":"Point","coordinates":[693635.6852282088,6093616.9517046735]},"properties":{"height":9.0,"crown_diameter":6.0},"id":""},{"type":"Feature","geometry":{"type":"Point","coordinates":[693641.3620332123,6093619.880883241]},"properties":{"height":9.0,"crown_diameter":6.0},"id":""},{"type":"Feature","geometry":{"type":"Point","coordinates":[693631.5078343028,6093626.6597663965]},"properties":{"height":9.0,"crown_diameter":6.0},"id":""},{"type":"Feature","geometry":{"type":"Point","coordinates":[693633.174192824,6093631.442464234]},"properties":{"height":9.0,"crown_diameter":6.0},"id":""},{"type":"Feature","geometry":{"type":"Point","coordinates":[693636.8742526548,6093629.697936084]},"properties":{"height":9.0,"crown_diameter":6.0},"id":""},{"type":"Feature","geometry":{"type":"Point","coordinates":[693639.0292285229,6093633.791088107]},"properties":{"height":9.0,"crown_diameter":6.0},"id":""},{"type":"Feature","geometry":{"type":"Point","coordinates":[693642.5888235271,6093632.254219908]},"properties":{"height":9.0,"crown_diameter":6.0},"id":""},{"type":"Feature","geometry":{"type":"Point","coordinates":[693647.7313444237,6093621.669634124]},"properties":{"height":9.0,"crown_diameter":6.0},"id":""},{"type":"Feature","geometry":{"type":"Point","coordinates":[693659.0218390273,6093628.850225605]},"properties":{"height":9.0,"crown_diameter":6.0},"id":""},{"type":"Feature","geometry":{"type":"Point","coordinates":[693639.0381856832,6093640.246543705]},"properties":{"height":9.0,"crown_diameter":6.0},"id":""},{"type":"Feature","geometry":{"type":"Point","coordinates":[693638.4472800905,6093652.156601202]},"properties":{"height":9.0,"crown_diameter":6.0},"id":""},{"type":"Feature","geometry":{"type":"Point","coordinates":[693648.8009599727,6093634.892835781]},"properties":{"height":9.0,"crown_diameter":6.0},"id":""},{"type":"Feature","geometry":{"type":"Point","coordinates":[693655.264586404,6093638.586484557]},"properties":{"height":9.0,"crown_diameter":6.0},"id":""},{"type":"Feature","geometry":{"type":"Point","coordinates":[693680.57810457,6093616.452664476]},"properties":{"height":9.0,"crown_diameter":6.0},"id":""},{"type":"Feature","geometry":{"type":"Point","coordinates":[693681.2053823227,6093621.508829876]},"properties":{"height":9.0,"crown_diameter":6.0},"id":""},{"type":"Feature","geometry":{"type":"Point","coordinates":[693690.6536336276,6093615.00837015]},"properties":{"height":9.0,"crown_diameter":6.0},"id":""},{"type":"Feature","geometry":{"type":"Point","coordinates":[693689.8808488856,6093620.578317422]},"properties":{"height":9.0,"crown_diameter":6.0},"id":""},{"type":"Feature","geometry":{"type":"Point","coordinates":[693682.1477145121,6093625.962894412]},"properties":{"height":9.0,"crown_diameter":6.0},"id":""},{"type":"Feature","geometry":{"type":"Point","coordinates":[693681.9634808152,6093630.524875376]},"properties":{"height":9.0,"crown_diameter":6.0},"id":""},{"type":"Feature","geometry":{"type":"Point","coordinates":[693687.6050609904,6093624.710818608]},"properties":{"height":9.0,"crown_diameter":6.0},"id":""},{"type":"Feature","geometry":{"type":"Point","coordinates":[693691.7541911295,6093624.34263259]},"properties":{"height":9.0,"crown_diameter":6.0},"id":""},{"type":"Feature","geometry":{"type":"Point","coordinates":[693689.0330710798,6093629.759086217]},"properties":{"height":9.0,"crown_diameter":6.0},"id":""},{"type":"Feature","geometry":{"type":"Point","coordinates":[693644.8368160232,6093654.530952597]},"properties":{"height":9.0,"crown_diameter":6.0},"id":""},{"type":"Feature","geometry":{"type":"Point","coordinates":[693637.033041989,6093663.377379988]},"properties":{"height":9.0,"crown_diameter":6.0},"id":""},{"type":"Feature","geometry":{"type":"Point","coordinates":[693658.0507996143,6093659.995865]},"properties":{"height":9.0,"crown_diameter":6.0},"id":""},{"type":"Feature","geometry":{"type":"Point","coordinates":[693655.8067714667,6093665.25322679]},"properties":{"height":9.0,"crown_diameter":6.0},"id":""},{"type":"Feature","geometry":{"type":"Point","coordinates":[693658.9851004877,6093668.3383761505]},"properties":{"height":9.0,"crown_diameter":6.0},"id":""},{"type":"Feature","geometry":{"type":"Point","coordinates":[693662.8057500613,6093654.80550334]},"properties":{"height":9.0,"crown_diameter":6.0},"id":""},{"type":"Feature","geometry":{"type":"Point","coordinates":[693666.7880192867,6093655.901341205]},"properties":{"height":9.0,"crown_diameter":6.0},"id":""},{"type":"Feature","geometry":{"type":"Point","coordinates":[693676.6516105245,6093655.596472205]},"properties":{"height":9.0,"crown_diameter":6.0},"id":""},{"type":"Feature","geometry":{"type":"Point","coordinates":[693672.9066220962,6093659.155888569]},"properties":{"height":9.0,"crown_diameter":6.0},"id":""},{"type":"Feature","geometry":{"type":"Point","coordinates":[693664.0067551094,6093664.556203664]},"properties":{"height":9.0,"crown_diameter":6.0},"id":""},{"type":"Feature","geometry":{"type":"Point","coordinates":[693668.1115060803,6093666.737754968]},"properties":{"height":9.0,"crown_diameter":6.0},"id":""},{"type":"Feature","geometry":{"type":"Point","coordinates":[693693.2764253912,6093611.761414752]},"properties":{"height":9.0,"crown_diameter":6.0},"id":""},{"type":"Feature","geometry":{"type":"Point","coordinates":[693574.4489361392,6093693.604049671]},"properties":{"height":9.0,"crown_diameter":6.0},"id":""},{"type":"Feature","geometry":{"type":"Point","coordinates":[693571.9894197288,6093700.19621008]},"properties":{"height":9.0,"crown_diameter":6.0},"id":""},{"type":"Feature","geometry":{"type":"Point","coordinates":[693577.0384711437,6093697.687886644]},"properties":{"height":9.0,"crown_diameter":6.0},"id":""},{"type":"Feature","geometry":{"type":"Point","coordinates":[693579.1139061264,6093693.457396375]},"properties":{"height":9.0,"crown_diameter":6.0},"id":""},{"type":"Feature","geometry":{"type":"Point","coordinates":[693584.3720435018,6093694.293329421]},"properties":{"height":9.0,"crown_diameter":6.0},"id":""},{"type":"Feature","geometry":{"type":"Point","coordinates":[693582.7604853113,6093698.458050229]},"properties":{"height":9.0,"crown_diameter":6.0},"id":""},{"type":"Feature","geometry":{"type":"Point","coordinates":[693581.8733395948,6093703.323479615]},"properties":{"height":9.0,"crown_diameter":6.0},"id":""},{"type":"Feature","geometry":{"type":"Point","coordinates":[693588.7292107237,6093692.5998313045]},"properties":{"height":9.0,"crown_diameter":6.0},"id":""},{"type":"Feature","geometry":{"type":"Point","coordinates":[693588.8675736601,6093696.913027008]},"properties":{"height":9.0,"crown_diameter":6.0},"id":""},{"type":"Feature","geometry":{"type":"Point","coordinates":[693588.1720329057,6093701.820854226]},"properties":{"height":9.0,"crown_diameter":6.0},"id":""},{"type":"Feature","geometry":{"type":"Point","coordinates":[693593.6398434776,6093697.145448143]},"properties":{"height":9.0,"crown_diameter":6.0},"id":""},{"type":"Feature","geometry":{"type":"Point","coordinates":[693616.8204346454,6093694.666414084]},"properties":{"height":9.0,"crown_diameter":6.0},"id":""},{"type":"Feature","geometry":{"type":"Point","coordinates":[693622.6290147286,6093692.718485175]},"properties":{"height":9.0,"crown_diameter":6.0},"id":""},{"type":"Feature","geometry":{"type":"Point","coordinates":[693620.3559439211,6093699.1113139]},"properties":{"height":9.0,"crown_diameter":6.0},"id":""},{"type":"Feature","geometry":{"type":"Point","coordinates":[693624.4330113452,6093697.51683338]},"properties":{"height":9.0,"crown_diameter":6.0},"id":""},{"type":"Feature","geometry":{"type":"Point","coordinates":[693632.8616723712,6093691.838314854]},"properties":{"height":9.0,"crown_diameter":6.0},"id":""},{"type":"Feature","geometry":{"type":"Point","coordinates":[693635.3519817945,6093693.431308636]},"properties":{"height":9.0,"crown_diameter":6.0},"id":""},{"type":"Feature","geometry":{"type":"Point","coordinates":[693668.3193937445,6093741.410446864]},"properties":{"height":9.0,"crown_diameter":6.0},"id":""},{"type":"Feature","geometry":{"type":"Point","coordinates":[693666.0121209484,6093746.92032419]},"properties":{"height":9.0,"crown_diameter":6.0},"id":""},{"type":"Feature","geometry":{"type":"Point","coordinates":[693665.8910788628,6093749.453091264]},"properties":{"height":9.0,"crown_diameter":6.0},"id":""},{"type":"Feature","geometry":{"type":"Point","coordinates":[693666.6674240336,6093760.384973773]},"properties":{"height":9.0,"crown_diameter":6.0},"id":""},{"type":"Feature","geometry":{"type":"Point","coordinates":[693648.042665173,6093792.09576633]},"properties":{"height":9.0,"crown_diameter":6.0},"id":""},{"type":"Feature","geometry":{"type":"Point","coordinates":[693668.7435046439,6093800.581211314]},"properties":{"height":9.0,"crown_diameter":6.0},"id":""},{"type":"Feature","geometry":{"type":"Point","coordinates":[693671.7267747845,6093804.526339926]},"properties":{"height":9.0,"crown_diameter":6.0},"id":""},{"type":"Feature","geometry":{"type":"Point","coordinates":[693685.8704950196,6093802.4830778]},"properties":{"height":9.0,"crown_diameter":6.0},"id":""},{"type":"Feature","geometry":{"type":"Point","coordinates":[693694.4452597693,6093801.117537186]},"properties":{"height":9.0,"crown_diameter":6.0},"id":""},{"type":"Feature","geometry":{"type":"Point","coordinates":[693650.518088131,6093809.68866284]},"properties":{"height":9.0,"crown_diameter":6.0},"id":""},{"type":"Feature","geometry":{"type":"Point","coordinates":[693652.6544046331,6093816.107735394]},"properties":{"height":9.0,"crown_diameter":6.0},"id":""},{"type":"Feature","geometry":{"type":"Point","coordinates":[693654.7037298455,6093825.579759421]},"properties":{"height":9.0,"crown_diameter":6.0},"id":""},{"type":"Feature","geometry":{"type":"Point","coordinates":[693673.1288782279,6093819.733044023]},"properties":{"height":9.0,"crown_diameter":6.0},"id":""},{"type":"Feature","geometry":{"type":"Point","coordinates":[693687.6378089219,6093819.421427375]},"properties":{"height":9.0,"crown_diameter":6.0},"id":""},{"type":"Feature","geometry":{"type":"Point","coordinates":[693683.5291297755,6093835.527867007]},"properties":{"height":9.0,"crown_diameter":6.0},"id":""},{"type":"Feature","geometry":{"type":"Point","coordinates":[693689.1140782556,6093835.59395455]},"properties":{"height":9.0,"crown_diameter":6.0},"id":""},{"type":"Feature","geometry":{"type":"Point","coordinates":[693702.3552373033,6093725.12630868]},"properties":{"height":9.0,"crown_diameter":6.0},"id":""},{"type":"Feature","geometry":{"type":"Point","coordinates":[693712.9439014511,6093736.200889842]},"properties":{"height":9.0,"crown_diameter":6.0},"id":""},{"type":"Feature","geometry":{"type":"Point","coordinates":[693718.1273538024,6093744.210263168]},"properties":{"height":9.0,"crown_diameter":6.0},"id":""},{"type":"Feature","geometry":{"type":"Point","coordinates":[693726.9672798223,6093738.8576966245]},"properties":{"height":9.0,"crown_diameter":6.0},"id":""},{"type":"Feature","geometry":{"type":"Point","coordinates":[693720.326181459,6093743.595599532]},"properties":{"height":9.0,"crown_diameter":6.0},"id":""},{"type":"Feature","geometry":{"type":"Point","coordinates":[693726.6976621095,6093744.770316423]},"properties":{"height":9.0,"crown_diameter":6.0},"id":""},{"type":"Feature","geometry":{"type":"Point","coordinates":[693703.9320980891,6093761.249656631]},"properties":{"height":9.0,"crown_diameter":6.0},"id":""},{"type":"Feature","geometry":{"type":"Point","coordinates":[693697.1167884376,6093764.270396294]},"properties":{"height":9.0,"crown_diameter":6.0},"id":""},{"type":"Feature","geometry":{"type":"Point","coordinates":[693721.1777474446,6093749.149257685]},"properties":{"height":9.0,"crown_diameter":6.0},"id":""},{"type":"Feature","geometry":{"type":"Point","coordinates":[693702.9995576568,6093767.195118591]},"properties":{"height":9.0,"crown_diameter":6.0},"id":""},{"type":"Feature","geometry":{"type":"Point","coordinates":[693700.6547309549,6093775.217375997]},"properties":{"height":9.0,"crown_diameter":6.0},"id":""},{"type":"Feature","geometry":{"type":"Point","coordinates":[693702.1758703894,6093798.44922434]},"properties":{"height":9.0,"crown_diameter":6.0},"id":""},{"type":"Feature","geometry":{"type":"Point","coordinates":[693709.0592506144,6093797.175813014]},"properties":{"height":9.0,"crown_diameter":6.0},"id":""},{"type":"Feature","geometry":{"type":"Point","coordinates":[693716.2272318815,6093792.8172911145]},"properties":{"height":9.0,"crown_diameter":6.0},"id":""},{"type":"Feature","geometry":{"type":"Point","coordinates":[693722.807337931,6093790.564362261]},"properties":{"height":9.0,"crown_diameter":6.0},"id":""},{"type":"Feature","geometry":{"type":"Point","coordinates":[693732.3386507793,6093783.662095953]},"properties":{"height":9.0,"crown_diameter":6.0},"id":""},{"type":"Feature","geometry":{"type":"Point","coordinates":[693737.3385399635,6093777.089725961]},"properties":{"height":9.0,"crown_diameter":6.0},"id":""},{"type":"Feature","geometry":{"type":"Point","coordinates":[693741.0632472348,6093782.5258428035]},"properties":{"height":9.0,"crown_diameter":6.0},"id":""},{"type":"Feature","geometry":{"type":"Point","coordinates":[693729.2933841766,6093789.969221128]},"properties":{"height":9.0,"crown_diameter":6.0},"id":""},{"type":"Feature","geometry":{"type":"Point","coordinates":[693755.9774852414,6093792.205153251]},"properties":{"height":9.0,"crown_diameter":6.0},"id":""},{"type":"Feature","geometry":{"type":"Point","coordinates":[693751.5963918006,6093796.336392693]},"properties":{"height":9.0,"crown_diameter":6.0},"id":""},{"type":"Feature","geometry":{"type":"Point","coordinates":[693708.3489913556,6093815.5999029]},"properties":{"height":9.0,"crown_diameter":6.0},"id":""},{"type":"Feature","geometry":{"type":"Point","coordinates":[693712.407818324,6093832.684370669]},"properties":{"height":9.0,"crown_diameter":6.0},"id":""},{"type":"Feature","geometry":{"type":"Point","coordinates":[693746.7651660595,6093803.658615973]},"properties":{"height":9.0,"crown_diameter":6.0},"id":""},{"type":"Feature","geometry":{"type":"Point","coordinates":[693753.4935286179,6093840.257314248]},"properties":{"height":9.0,"crown_diameter":6.0},"id":""},{"type":"Feature","geometry":{"type":"Point","coordinates":[693770.7013437652,6093799.7676547]},"properties":{"height":9.0,"crown_diameter":6.0},"id":""},{"type":"Feature","geometry":{"type":"Point","coordinates":[693801.8623312381,6093778.903174147]},"properties":{"height":9.0,"crown_diameter":6.0},"id":""},{"type":"Feature","geometry":{"type":"Point","coordinates":[693762.695330734,6093812.692850262]},"properties":{"height":9.0,"crown_diameter":6.0},"id":""},{"type":"Feature","geometry":{"type":"Point","coordinates":[693784.2057725238,6093804.8912835065]},"properties":{"height":9.0,"crown_diameter":6.0},"id":""},{"type":"Feature","geometry":{"type":"Point","coordinates":[693780.2964447082,6093815.00294728]},"properties":{"height":9.0,"crown_diameter":6.0},"id":""},{"type":"Feature","geometry":{"type":"Point","coordinates":[693770.2305209684,6093829.683998501]},"properties":{"height":9.0,"crown_diameter":6.0},"id":""},{"type":"Feature","geometry":{"type":"Point","coordinates":[693761.702951794,6093834.667109489]},"properties":{"height":9.0,"crown_diameter":6.0},"id":""},{"type":"Feature","geometry":{"type":"Point","coordinates":[693775.7282503941,6093822.4962742515]},"properties":{"height":9.0,"crown_diameter":6.0},"id":""},{"type":"Feature","geometry":{"type":"Point","coordinates":[693864.986826218,6093634.024218241]},"properties":{"height":9.0,"crown_diameter":6.0},"id":""},{"type":"Feature","geometry":{"type":"Point","coordinates":[693859.587666451,6093645.43304567]},"properties":{"height":9.0,"crown_diameter":6.0},"id":""},{"type":"Feature","geometry":{"type":"Point","coordinates":[693845.9563191636,6093678.395065535]},"properties":{"height":9.0,"crown_diameter":6.0},"id":""},{"type":"Feature","geometry":{"type":"Point","coordinates":[693851.0433306086,6093664.52790319]},"properties":{"height":9.0,"crown_diameter":6.0},"id":""},{"type":"Feature","geometry":{"type":"Point","coordinates":[693853.0466916594,6093748.138616299]},"properties":{"height":9.0,"crown_diameter":6.0},"id":""},{"type":"Feature","geometry":{"type":"Point","coordinates":[693858.0028694597,6093749.827376021]},"properties":{"height":9.0,"crown_diameter":6.0},"id":""},{"type":"Feature","geometry":{"type":"Point","coordinates":[693889.336959185,6093763.637080291]},"properties":{"height":9.0,"crown_diameter":6.0},"id":""},{"type":"Feature","geometry":{"type":"Point","coordinates":[693900.8160017019,6093768.571531236]},"properties":{"height":9.0,"crown_diameter":6.0},"id":""},{"type":"Feature","geometry":{"type":"Point","coordinates":[693911.4130349865,6093771.1528986]},"properties":{"height":9.0,"crown_diameter":6.0},"id":""},{"type":"Feature","geometry":{"type":"Point","coordinates":[693922.9340206408,6093776.263160809]},"properties":{"height":9.0,"crown_diameter":6.0},"id":""},{"type":"Feature","geometry":{"type":"Point","coordinates":[693925.3363888934,6093801.429499434]},"properties":{"height":9.0,"crown_diameter":6.0},"id":""},{"type":"Feature","geometry":{"type":"Point","coordinates":[693717.0193459305,6093846.380306285]},"properties":{"height":9.0,"crown_diameter":6.0},"id":""},{"type":"Feature","geometry":{"type":"Point","coordinates":[693724.283638438,6093846.503318532]},"properties":{"height":9.0,"crown_diameter":6.0},"id":""},{"type":"Feature","geometry":{"type":"Point","coordinates":[693735.4518567605,6093845.491319747]},"properties":{"height":9.0,"crown_diameter":6.0},"id":""},{"type":"Feature","geometry":{"type":"Point","coordinates":[693742.6766314439,6093843.419872902]},"properties":{"height":9.0,"crown_diameter":6.0},"id":""},{"type":"Feature","geometry":{"type":"Point","coordinates":[693485.3385325905,6093909.194452868]},"properties":{"height":9.0,"crown_diameter":6.0},"id":""},{"type":"Feature","geometry":{"type":"Point","coordinates":[693493.5833214689,6093921.240477774]},"properties":{"height":9.0,"crown_diameter":6.0},"id":""},{"type":"Feature","geometry":{"type":"Point","coordinates":[693519.2392153265,6093918.559789661]},"properties":{"height":9.0,"crown_diameter":6.0},"id":""},{"type":"Feature","geometry":{"type":"Point","coordinates":[693523.1944538907,6093945.050939277]},"properties":{"height":9.0,"crown_diameter":6.0},"id":""},{"type":"Feature","geometry":{"type":"Point","coordinates":[693566.4892540051,6093928.66170904]},"properties":{"height":9.0,"crown_diameter":6.0},"id":""},{"type":"Feature","geometry":{"type":"Point","coordinates":[693567.4422801333,6093935.7480399925]},"properties":{"height":9.0,"crown_diameter":6.0},"id":""},{"type":"Feature","geometry":{"type":"Point","coordinates":[693568.7833910484,6093942.43535365]},"properties":{"height":9.0,"crown_diameter":6.0},"id":""},{"type":"Feature","geometry":{"type":"Point","coordinates":[693526.7782200236,6093967.382730015]},"properties":{"height":9.0,"crown_diameter":6.0},"id":""},{"type":"Feature","geometry":{"type":"Point","coordinates":[693529.9211999439,6093992.989006677]},"properties":{"height":9.0,"crown_diameter":6.0},"id":""},{"type":"Feature","geometry":{"type":"Point","coordinates":[693571.8108547239,6093963.365158665]},"properties":{"height":9.0,"crown_diameter":6.0},"id":""},{"type":"Feature","geometry":{"type":"Point","coordinates":[693572.4949566874,6093971.071198561]},"properties":{"height":9.0,"crown_diameter":6.0},"id":""},{"type":"Feature","geometry":{"type":"Point","coordinates":[693549.1047182651,6094006.465312257]},"properties":{"height":9.0,"crown_diameter":6.0},"id":""},{"type":"Feature","geometry":{"type":"Point","coordinates":[693571.8696493347,6094003.418638632]},"properties":{"height":9.0,"crown_diameter":6.0},"id":""},{"type":"Feature","geometry":{"type":"Point","coordinates":[693551.8069221067,6094028.946245175]},"properties":{"height":9.0,"crown_diameter":6.0},"id":""},{"type":"Feature","geometry":{"type":"Point","coordinates":[693573.6191803503,6094024.86888231]},"properties":{"height":9.0,"crown_diameter":6.0},"id":""},{"type":"Feature","geometry":{"type":"Point","coordinates":[693562.7395803405,6094026.544220152]},"properties":{"height":9.0,"crown_diameter":6.0},"id":""},{"type":"Feature","geometry":{"type":"Point","coordinates":[693611.6122455788,6093918.55842564]},"properties":{"height":9.0,"crown_diameter":6.0},"id":""},{"type":"Feature","geometry":{"type":"Point","coordinates":[693669.7697618688,6093853.339204086]},"properties":{"height":9.0,"crown_diameter":6.0},"id":""},{"type":"Feature","geometry":{"type":"Point","coordinates":[693688.4814948026,6093851.244348821]},"properties":{"height":9.0,"crown_diameter":6.0},"id":""},{"type":"Feature","geometry":{"type":"Point","coordinates":[693614.2398423275,6093931.162144067]},"properties":{"height":9.0,"crown_diameter":6.0},"id":""},{"type":"Feature","geometry":{"type":"Point","coordinates":[693616.6774522696,6093949.12793906]},"properties":{"height":9.0,"crown_diameter":6.0},"id":""},{"type":"Feature","geometry":{"type":"Point","coordinates":[693692.5234877458,6093986.874961959]},"properties":{"height":9.0,"crown_diameter":6.0},"id":""},{"type":"Feature","geometry":{"type":"Point","coordinates":[693714.9920526182,6093906.115352318]},"properties":{"height":9.0,"crown_diameter":6.0},"id":""},{"type":"Feature","geometry":{"type":"Point","coordinates":[693774.0619181363,6093862.447357982]},"properties":{"height":9.0,"crown_diameter":6.0},"id":""},{"type":"Feature","geometry":{"type":"Point","coordinates":[693794.8681272848,6093851.330756357]},"properties":{"height":9.0,"crown_diameter":6.0},"id":""},{"type":"Feature","geometry":{"type":"Point","coordinates":[693718.5914733006,6093982.063989822]},"properties":{"height":9.0,"crown_diameter":6.0},"id":""},{"type":"Feature","geometry":{"type":"Point","coordinates":[693730.3378809749,6093981.327953198]},"properties":{"height":9.0,"crown_diameter":6.0},"id":""},{"type":"Feature","geometry":{"type":"Point","coordinates":[693753.6125843795,6093977.86987283]},"properties":{"height":9.0,"crown_diameter":6.0},"id":""},{"type":"Feature","geometry":{"type":"Point","coordinates":[693794.7795091146,6093971.44127908]},"properties":{"height":9.0,"crown_diameter":6.0},"id":""},{"type":"Feature","geometry":{"type":"Point","coordinates":[693802.9629545682,6093970.316606555]},"properties":{"height":9.0,"crown_diameter":6.0},"id":""},{"type":"Feature","geometry":{"type":"Point","coordinates":[693810.9096432677,6093969.178410431]},"properties":{"height":9.0,"crown_diameter":6.0},"id":""},{"type":"Feature","geometry":{"type":"Point","coordinates":[693583.7961567737,6094001.8324403595]},"properties":{"height":9.0,"crown_diameter":6.0},"id":""},{"type":"Feature","geometry":{"type":"Point","coordinates":[693606.4387198896,6093998.416221671]},"properties":{"height":9.0,"crown_diameter":6.0},"id":""},{"type":"Feature","geometry":{"type":"Point","coordinates":[693685.6791365572,6094009.151618134]},"properties":{"height":9.0,"crown_diameter":6.0},"id":""},{"type":"Feature","geometry":{"type":"Point","coordinates":[693716.5562581941,6094003.437390678]},"properties":{"height":9.0,"crown_diameter":6.0},"id":""},{"type":"Feature","geometry":{"type":"Point","coordinates":[693734.4453682147,6094000.318296431]},"properties":{"height":9.0,"crown_diameter":6.0},"id":""},{"type":"Feature","geometry":{"type":"Point","coordinates":[693762.1438668489,6093996.839579571]},"properties":{"height":9.0,"crown_diameter":6.0},"id":""},{"type":"Feature","geometry":{"type":"Point","coordinates":[693764.7017747717,6094029.620995592]},"properties":{"height":9.0,"crown_diameter":6.0},"id":""},{"type":"Feature","geometry":{"type":"Point","coordinates":[693769.7237174223,6094054.600829257]},"properties":{"height":9.0,"crown_diameter":6.0},"id":""},{"type":"Feature","geometry":{"type":"Point","coordinates":[693772.024314451,6094080.020517403]},"properties":{"height":9.0,"crown_diameter":6.0},"id":""},{"type":"Feature","geometry":{"type":"Point","coordinates":[693824.0929936429,6094085.701455409]},"properties":{"height":9.0,"crown_diameter":6.0},"id":""},{"type":"Feature","geometry":{"type":"Point","coordinates":[693809.9128220767,6094088.908451101]},"properties":{"height":9.0,"crown_diameter":6.0},"id":""},{"type":"Feature","geometry":{"type":"Point","coordinates":[693867.5308683084,6093940.762056898]},"properties":{"height":9.0,"crown_diameter":6.0},"id":""},{"type":"Feature","geometry":{"type":"Point","coordinates":[693864.0751438721,6093946.780385213]},"properties":{"height":9.0,"crown_diameter":6.0},"id":""},{"type":"Feature","geometry":{"type":"Point","coordinates":[693872.1080993157,6093950.365744224]},"properties":{"height":9.0,"crown_diameter":6.0},"id":""},{"type":"Feature","geometry":{"type":"Point","coordinates":[693874.2629114947,6093943.798649911]},"properties":{"height":9.0,"crown_diameter":6.0},"id":""},{"type":"Feature","geometry":{"type":"Point","coordinates":[693827.0524220337,6093966.794313474]},"properties":{"height":9.0,"crown_diameter":6.0},"id":""},{"type":"Feature","geometry":{"type":"Point","coordinates":[693834.7467932815,6093964.563871857]},"properties":{"height":9.0,"crown_diameter":6.0},"id":""},{"type":"Feature","geometry":{"type":"Point","coordinates":[693843.313756524,6093964.602982804]},"properties":{"height":9.0,"crown_diameter":6.0},"id":""},{"type":"Feature","geometry":{"type":"Point","coordinates":[693826.949450702,6093981.168261334]},"properties":{"height":9.0,"crown_diameter":6.0},"id":""},{"type":"Feature","geometry":{"type":"Point","coordinates":[693833.8172821039,6093980.229972755]},"properties":{"height":9.0,"crown_diameter":6.0},"id":""},{"type":"Feature","geometry":{"type":"Point","coordinates":[693840.7455079189,6093979.262474444]},"properties":{"height":9.0,"crown_diameter":6.0},"id":""},{"type":"Feature","geometry":{"type":"Point","coordinates":[693852.6480566984,6093977.9834002955]},"properties":{"height":9.0,"crown_diameter":6.0},"id":""},{"type":"Feature","geometry":{"type":"Point","coordinates":[693861.0847771456,6093971.253369024]},"properties":{"height":9.0,"crown_diameter":6.0},"id":""},{"type":"Feature","geometry":{"type":"Point","coordinates":[693874.998866361,6093965.968329899]},"properties":{"height":9.0,"crown_diameter":6.0},"id":""},{"type":"Feature","geometry":{"type":"Point","coordinates":[693887.645160972,6094014.895243172]},"properties":{"height":9.0,"crown_diameter":6.0},"id":""},{"type":"Feature","geometry":{"type":"Point","coordinates":[693888.0611085986,6094022.179144725]},"properties":{"height":9.0,"crown_diameter":6.0},"id":""},{"type":"Feature","geometry":{"type":"Point","coordinates":[693889.7304639657,6093991.967251141]},"properties":{"height":9.0,"crown_diameter":6.0},"id":""},{"type":"Feature","geometry":{"type":"Point","coordinates":[693894.4016257474,6093996.713215064]},"properties":{"height":9.0,"crown_diameter":6.0},"id":""},{"type":"Feature","geometry":{"type":"Point","coordinates":[693897.8597727574,6094003.22474952]},"properties":{"height":9.0,"crown_diameter":6.0},"id":""},{"type":"Feature","geometry":{"type":"Point","coordinates":[693906.0344996037,6094000.983920371]},"properties":{"height":9.0,"crown_diameter":6.0},"id":""},{"type":"Feature","geometry":{"type":"Point","coordinates":[693914.361309591,6094006.525670318]},"properties":{"height":9.0,"crown_diameter":6.0},"id":""},{"type":"Feature","geometry":{"type":"Point","coordinates":[693893.9741730576,6094020.470660432]},"properties":{"height":9.0,"crown_diameter":6.0},"id":""},{"type":"Feature","geometry":{"type":"Point","coordinates":[693927.2184201281,6094059.568839282]},"properties":{"height":9.0,"crown_diameter":6.0},"id":""},{"type":"Feature","geometry":{"type":"Point","coordinates":[693845.5293619812,6094083.296590667]},"properties":{"height":9.0,"crown_diameter":6.0},"id":""},{"type":"Feature","geometry":{"type":"Point","coordinates":[693882.4071322961,6094074.969167289]},"properties":{"height":9.0,"crown_diameter":6.0},"id":""},{"type":"Feature","geometry":{"type":"Point","coordinates":[693900.5689191833,6094073.174087796]},"properties":{"height":9.0,"crown_diameter":6.0},"id":""},{"type":"Feature","geometry":{"type":"Point","coordinates":[693949.6809646053,6094041.393199034]},"properties":{"height":9.0,"crown_diameter":6.0},"id":""},{"type":"Feature","geometry":{"type":"Point","coordinates":[693938.5594184852,6094050.97167862]},"properties":{"height":9.0,"crown_diameter":6.0},"id":""},{"type":"Feature","geometry":{"type":"Point","coordinates":[693954.9387258997,6094031.559429225]},"properties":{"height":9.0,"crown_diameter":6.0},"id":""},{"type":"Feature","geometry":{"type":"Point","coordinates":[694046.10345325,6094111.819656746]},"properties":{"height":9.0,"crown_diameter":6.0},"id":""},{"type":"Feature","geometry":{"type":"Point","coordinates":[694234.2469184422,6093847.161383984]},"properties":{"height":9.0,"crown_diameter":6.0},"id":""},{"type":"Feature","geometry":{"type":"Point","coordinates":[694207.4647817092,6094007.576519742]},"properties":{"height":9.0,"crown_diameter":6.0},"id":""},{"type":"Feature","geometry":{"type":"Point","coordinates":[694216.2048139268,6094011.044034813]},"properties":{"height":9.0,"crown_diameter":6.0},"id":""},{"type":"Feature","geometry":{"type":"Point","coordinates":[694238.1386649124,6094020.413293153]},"properties":{"height":9.0,"crown_diameter":6.0},"id":""},{"type":"Feature","geometry":{"type":"Point","coordinates":[694318.4659920946,6094002.580869826]},"properties":{"height":9.0,"crown_diameter":6.0},"id":""},{"type":"Feature","geometry":{"type":"Point","coordinates":[694272.5682058538,6094035.141115369]},"properties":{"height":9.0,"crown_diameter":6.0},"id":""},{"type":"Feature","geometry":{"type":"Point","coordinates":[694287.4400363598,6094041.741518938]},"properties":{"height":9.0,"crown_diameter":6.0},"id":""},{"type":"Feature","geometry":{"type":"Point","coordinates":[694303.2484960711,6094048.265907024]},"properties":{"height":9.0,"crown_diameter":6.0},"id":""},{"type":"Feature","geometry":{"type":"Point","coordinates":[694319.0361517839,6094041.432865337]},"properties":{"height":9.0,"crown_diameter":6.0},"id":""},{"type":"Feature","geometry":{"type":"Point","coordinates":[694217.924123528,6094079.191537108]},"properties":{"height":9.0,"crown_diameter":6.0},"id":""},{"type":"Feature","geometry":{"type":"Point","coordinates":[694218.6187676244,6094096.925018702]},"properties":{"height":9.0,"crown_diameter":6.0},"id":""},{"type":"Feature","geometry":{"type":"Point","coordinates":[694210.6745305681,6094108.45398126]},"properties":{"height":9.0,"crown_diameter":6.0},"id":""},{"type":"Feature","geometry":{"type":"Point","coordinates":[694369.4486083658,6093850.983036429]},"properties":{"height":9.0,"crown_diameter":6.0},"id":""},{"type":"Feature","geometry":{"type":"Point","coordinates":[694373.2182774416,6093848.57625231]},"properties":{"height":9.0,"crown_diameter":6.0},"id":""},{"type":"Feature","geometry":{"type":"Point","coordinates":[694346.0151339329,6093880.324686693]},"properties":{"height":9.0,"crown_diameter":6.0},"id":""},{"type":"Feature","geometry":{"type":"Point","coordinates":[694327.9289218292,6093904.723235612]},"properties":{"height":9.0,"crown_diameter":6.0},"id":""},{"type":"Feature","geometry":{"type":"Point","coordinates":[694359.1480043347,6093873.13947103]},"properties":{"height":9.0,"crown_diameter":6.0},"id":""},{"type":"Feature","geometry":{"type":"Point","coordinates":[694364.1474223186,6093870.101548888]},"properties":{"height":9.0,"crown_diameter":6.0},"id":""},{"type":"Feature","geometry":{"type":"Point","coordinates":[694372.9619316664,6093885.520542021]},"properties":{"height":9.0,"crown_diameter":6.0},"id":""},{"type":"Feature","geometry":{"type":"Point","coordinates":[694402.4540339406,6093856.634245928]},"properties":{"height":9.0,"crown_diameter":6.0},"id":""},{"type":"Feature","geometry":{"type":"Point","coordinates":[694389.1004252398,6093893.209723106]},"properties":{"height":9.0,"crown_diameter":6.0},"id":""},{"type":"Feature","geometry":{"type":"Point","coordinates":[694395.4939004788,6093898.578768215]},"properties":{"height":9.0,"crown_diameter":6.0},"id":""},{"type":"Feature","geometry":{"type":"Point","coordinates":[694399.6939621643,6093895.967351614]},"properties":{"height":9.0,"crown_diameter":6.0},"id":""},{"type":"Feature","geometry":{"type":"Point","coordinates":[694344.3634126736,6093910.220117429]},"properties":{"height":9.0,"crown_diameter":6.0},"id":""},{"type":"Feature","geometry":{"type":"Point","coordinates":[694365.6011419753,6093920.208700886]},"properties":{"height":9.0,"crown_diameter":6.0},"id":""},{"type":"Feature","geometry":{"type":"Point","coordinates":[694411.0868780455,6093907.144770265]},"properties":{"height":9.0,"crown_diameter":6.0},"id":""},{"type":"Feature","geometry":{"type":"Point","coordinates":[694417.3441698424,6093911.14932343]},"properties":{"height":9.0,"crown_diameter":6.0},"id":""},{"type":"Feature","geometry":{"type":"Point","coordinates":[694388.6478981033,6093930.251264727]},"properties":{"height":9.0,"crown_diameter":6.0},"id":""},{"type":"Feature","geometry":{"type":"Point","coordinates":[694404.1946523286,6093935.255560914]},"properties":{"height":9.0,"crown_diameter":6.0},"id":""},{"type":"Feature","geometry":{"type":"Point","coordinates":[694421.2532325175,6093912.023168512]},"properties":{"height":9.0,"crown_diameter":6.0},"id":""},{"type":"Feature","geometry":{"type":"Point","coordinates":[694423.9543994468,6093914.895105889]},"properties":{"height":9.0,"crown_diameter":6.0},"id":""},{"type":"Feature","geometry":{"type":"Point","coordinates":[694430.0259116945,6093918.773426324]},"properties":{"height":9.0,"crown_diameter":6.0},"id":""},{"type":"Feature","geometry":{"type":"Point","coordinates":[694416.507058955,6093941.669066199]},"properties":{"height":9.0,"crown_diameter":6.0},"id":""},{"type":"Feature","geometry":{"type":"Point","coordinates":[694432.1227844227,6093909.537708478]},"properties":{"height":9.0,"crown_diameter":6.0},"id":""},{"type":"Feature","geometry":{"type":"Point","coordinates":[694433.637996718,6093921.439679019]},"properties":{"height":9.0,"crown_diameter":6.0},"id":""},{"type":"Feature","geometry":{"type":"Point","coordinates":[694440.4528697737,6093915.571932403]},"properties":{"height":9.0,"crown_diameter":6.0},"id":""},{"type":"Feature","geometry":{"type":"Point","coordinates":[694440.569531056,6093921.690222054]},"properties":{"height":9.0,"crown_diameter":6.0},"id":""},{"type":"Feature","geometry":{"type":"Point","coordinates":[694454.5313858573,6093893.873459116]},"properties":{"height":9.0,"crown_diameter":6.0},"id":""},{"type":"Feature","geometry":{"type":"Point","coordinates":[694454.6165928886,6093897.825029838]},"properties":{"height":9.0,"crown_diameter":6.0},"id":""},{"type":"Feature","geometry":{"type":"Point","coordinates":[694454.7270611865,6093902.948125031]},"properties":{"height":9.0,"crown_diameter":6.0},"id":""},{"type":"Feature","geometry":{"type":"Point","coordinates":[694454.8124685314,6093906.908993524]},"properties":{"height":9.0,"crown_diameter":6.0},"id":""},{"type":"Feature","geometry":{"type":"Point","coordinates":[694454.9512051842,6093913.343080327]},"properties":{"height":9.0,"crown_diameter":6.0},"id":""},{"type":"Feature","geometry":{"type":"Point","coordinates":[694444.559867749,6093732.473137163]},"properties":{"height":9.0,"crown_diameter":6.0},"id":""},{"type":"Feature","geometry":{"type":"Point","coordinates":[693931.6322525032,6093784.187537493]},"properties":{"height":9.0,"crown_diameter":6.0},"id":""},{"type":"Feature","geometry":{"type":"Point","coordinates":[694127.5018528651,6093651.510857476]},"properties":{"height":9.0,"crown_diameter":6.0},"id":""},{"type":"Feature","geometry":{"type":"Point","coordinates":[694119.1581072237,6093670.331924707]},"properties":{"height":9.0,"crown_diameter":6.0},"id":""},{"type":"Feature","geometry":{"type":"Point","coordinates":[694117.0416175823,6093677.9587124735]},"properties":{"height":9.0,"crown_diameter":6.0},"id":""},{"type":"Feature","geometry":{"type":"Point","coordinates":[694144.9532749858,6093613.219699439]},"properties":{"height":9.0,"crown_diameter":6.0},"id":""},{"type":"Feature","geometry":{"type":"Point","coordinates":[694142.8237781366,6093620.949099599]},"properties":{"height":9.0,"crown_diameter":6.0},"id":""},{"type":"Feature","geometry":{"type":"Point","coordinates":[694148.3932576503,6093606.485315762]},"properties":{"height":9.0,"crown_diameter":6.0},"id":""},{"type":"Feature","geometry":{"type":"Point","coordinates":[694134.8232867989,6093637.641912625]},"properties":{"height":9.0,"crown_diameter":6.0},"id":""},{"type":"Feature","geometry":{"type":"Point","coordinates":[694131.1589256838,6093645.292727621]},"properties":{"height":9.0,"crown_diameter":6.0},"id":""},{"type":"Feature","geometry":{"type":"Point","coordinates":[694131.6366277065,6093717.438975418]},"properties":{"height":9.0,"crown_diameter":6.0},"id":""},{"type":"Feature","geometry":{"type":"Point","coordinates":[694094.9757499185,6093737.539339047]},"properties":{"height":9.0,"crown_diameter":6.0},"id":""},{"type":"Feature","geometry":{"type":"Point","coordinates":[694089.4014535211,6093741.510394566]},"properties":{"height":9.0,"crown_diameter":6.0},"id":""},{"type":"Feature","geometry":{"type":"Point","coordinates":[694087.7232003328,6093751.071881434]},"properties":{"height":9.0,"crown_diameter":6.0},"id":""},{"type":"Feature","geometry":{"type":"Point","coordinates":[694102.1346038344,6093723.553002266]},"properties":{"height":9.0,"crown_diameter":6.0},"id":""},{"type":"Feature","geometry":{"type":"Point","coordinates":[694116.0553439511,6093727.104423822]},"properties":{"height":9.0,"crown_diameter":6.0},"id":""},{"type":"Feature","geometry":{"type":"Point","coordinates":[694116.469481794,6093734.295347117]},"properties":{"height":9.0,"crown_diameter":6.0},"id":""},{"type":"Feature","geometry":{"type":"Point","coordinates":[694108.9168654946,6093743.099591203]},"properties":{"height":9.0,"crown_diameter":6.0},"id":""},{"type":"Feature","geometry":{"type":"Point","coordinates":[694105.0152818968,6093750.71828798]},"properties":{"height":9.0,"crown_diameter":6.0},"id":""},{"type":"Feature","geometry":{"type":"Point","coordinates":[694138.4311447246,6093705.665050398]},"properties":{"height":9.0,"crown_diameter":6.0},"id":""},{"type":"Feature","geometry":{"type":"Point","coordinates":[694147.9009993518,6093708.679700643]},"properties":{"height":9.0,"crown_diameter":6.0},"id":""},{"type":"Feature","geometry":{"type":"Point","coordinates":[694160.8925754323,6093712.651049046]},"properties":{"height":9.0,"crown_diameter":6.0},"id":""},{"type":"Feature","geometry":{"type":"Point","coordinates":[694157.9543930376,6093731.002279237]},"properties":{"height":9.0,"crown_diameter":6.0},"id":""},{"type":"Feature","geometry":{"type":"Point","coordinates":[694178.4046332478,6093717.911054804]},"properties":{"height":9.0,"crown_diameter":6.0},"id":""},{"type":"Feature","geometry":{"type":"Point","coordinates":[694167.3513768346,6093735.590538364]},"properties":{"height":9.0,"crown_diameter":6.0},"id":""},{"type":"Feature","geometry":{"type":"Point","coordinates":[694176.4351558068,6093736.260037743]},"properties":{"height":9.0,"crown_diameter":6.0},"id":""},{"type":"Feature","geometry":{"type":"Point","coordinates":[694084.6011662041,6093760.534212332]},"properties":{"height":9.0,"crown_diameter":6.0},"id":""},{"type":"Feature","geometry":{"type":"Point","coordinates":[694077.662415438,6093769.864736993]},"properties":{"height":9.0,"crown_diameter":6.0},"id":""},{"type":"Feature","geometry":{"type":"Point","coordinates":[694073.5281658465,6093775.5349810645]},"properties":{"height":9.0,"crown_diameter":6.0},"id":""},{"type":"Feature","geometry":{"type":"Point","coordinates":[694101.9126316829,6093758.245368835]},"properties":{"height":9.0,"crown_diameter":6.0},"id":""},{"type":"Feature","geometry":{"type":"Point","coordinates":[694098.0649465759,6093766.951248903]},"properties":{"height":9.0,"crown_diameter":6.0},"id":""},{"type":"Feature","geometry":{"type":"Point","coordinates":[694093.9224860953,6093772.593773631]},"properties":{"height":9.0,"crown_diameter":6.0},"id":""},{"type":"Feature","geometry":{"type":"Point","coordinates":[694073.7275896966,6093782.67471197]},"properties":{"height":9.0,"crown_diameter":6.0},"id":""},{"type":"Feature","geometry":{"type":"Point","coordinates":[694085.9070805695,6093789.668232365]},"properties":{"height":9.0,"crown_diameter":6.0},"id":""},{"type":"Feature","geometry":{"type":"Point","coordinates":[694092.4447148937,6093777.648722415]},"properties":{"height":9.0,"crown_diameter":6.0},"id":""},{"type":"Feature","geometry":{"type":"Point","coordinates":[694088.3743668379,6093785.224531541]},"properties":{"height":9.0,"crown_diameter":6.0},"id":""},{"type":"Feature","geometry":{"type":"Point","coordinates":[694204.7708317884,6093736.198662125]},"properties":{"height":9.0,"crown_diameter":6.0},"id":""},{"type":"Feature","geometry":{"type":"Point","coordinates":[694198.068216375,6093749.049707518]},"properties":{"height":9.0,"crown_diameter":6.0},"id":""},{"type":"Feature","geometry":{"type":"Point","coordinates":[694210.6512616687,6093751.048435053]},"properties":{"height":9.0,"crown_diameter":6.0},"id":""},{"type":"Feature","geometry":{"type":"Point","coordinates":[694214.3125365352,6093740.067494037]},"properties":{"height":9.0,"crown_diameter":6.0},"id":""},{"type":"Feature","geometry":{"type":"Point","coordinates":[694228.0333253614,6093743.539334759]},"properties":{"height":9.0,"crown_diameter":6.0},"id":""},{"type":"Feature","geometry":{"type":"Point","coordinates":[694239.0124455716,6093746.502781682]},"properties":{"height":9.0,"crown_diameter":6.0},"id":""},{"type":"Feature","geometry":{"type":"Point","coordinates":[694249.1050831925,6093751.513174849]},"properties":{"height":9.0,"crown_diameter":6.0},"id":""},{"type":"Feature","geometry":{"type":"Point","coordinates":[694258.1697881367,6093758.731700785]},"properties":{"height":9.0,"crown_diameter":6.0},"id":""},{"type":"Feature","geometry":{"type":"Point","coordinates":[694246.1336795343,6093766.5443004025]},"properties":{"height":9.0,"crown_diameter":6.0},"id":""},{"type":"Feature","geometry":{"type":"Point","coordinates":[694253.3401699319,6093803.644075071]},"properties":{"height":9.0,"crown_diameter":6.0},"id":""},{"type":"Feature","geometry":{"type":"Point","coordinates":[694243.1703543013,6093826.216142543]},"properties":{"height":9.0,"crown_diameter":6.0},"id":""},{"type":"Feature","geometry":{"type":"Point","coordinates":[694251.1563857271,6093815.225750295]},"properties":{"height":9.0,"crown_diameter":6.0},"id":""},{"type":"Feature","geometry":{"type":"Point","coordinates":[694260.3967676839,6093788.459830556]},"properties":{"height":9.0,"crown_diameter":6.0},"id":""},{"type":"Feature","geometry":{"type":"Point","coordinates":[694412.9384241469,6093717.4064144865]},"properties":{"height":9.0,"crown_diameter":6.0},"id":""},{"type":"Feature","geometry":{"type":"Point","coordinates":[694421.7657448868,6093721.392757135]},"properties":{"height":9.0,"crown_diameter":6.0},"id":""},{"type":"Feature","geometry":{"type":"Point","coordinates":[694359.321086213,6093753.408006536]},"properties":{"height":9.0,"crown_diameter":6.0},"id":""},{"type":"Feature","geometry":{"type":"Point","coordinates":[694422.731428915,6093816.421165901]},"properties":{"height":9.0,"crown_diameter":6.0},"id":""},{"type":"Feature","geometry":{"type":"Point","coordinates":[694239.0218012327,6093835.114611674]},"properties":{"height":9.0,"crown_diameter":6.0},"id":""},{"type":"Feature","geometry":{"type":"Point","coordinates":[694417.8594572779,6093829.967789024]},"properties":{"height":9.0,"crown_diameter":6.0},"id":""},{"type":"Feature","geometry":{"type":"Point","coordinates":[694239.6429718311,6093139.860147439]},"properties":{"height":9.0,"crown_diameter":6.0},"id":""},{"type":"Feature","geometry":{"type":"Point","coordinates":[694296.23792752,6093104.157638326]},"properties":{"height":9.0,"crown_diameter":6.0},"id":""},{"type":"Feature","geometry":{"type":"Point","coordinates":[694270.919095438,6093127.32604338]},"properties":{"height":9.0,"crown_diameter":6.0},"id":""},{"type":"Feature","geometry":{"type":"Point","coordinates":[694273.5364826856,6093125.260382124]},"properties":{"height":9.0,"crown_diameter":6.0},"id":""},{"type":"Feature","geometry":{"type":"Point","coordinates":[694282.959862917,6093113.755222939]},"properties":{"height":9.0,"crown_diameter":6.0},"id":""},{"type":"Feature","geometry":{"type":"Point","coordinates":[694227.6187123271,6093148.89110665]},"properties":{"height":9.0,"crown_diameter":6.0},"id":""},{"type":"Feature","geometry":{"type":"Point","coordinates":[694354.7963917457,6093065.445031658]},"properties":{"height":9.0,"crown_diameter":6.0},"id":""},{"type":"Feature","geometry":{"type":"Point","coordinates":[694402.2684706638,6093025.5013369545]},"properties":{"height":9.0,"crown_diameter":6.0},"id":""},{"type":"Feature","geometry":{"type":"Point","coordinates":[694411.8092705687,6093019.807334177]},"properties":{"height":9.0,"crown_diameter":6.0},"id":""},{"type":"Feature","geometry":{"type":"Point","coordinates":[694323.9644150834,6093084.41625875]},"properties":{"height":9.0,"crown_diameter":6.0},"id":""},{"type":"Feature","geometry":{"type":"Point","coordinates":[694337.41938124,6093082.321622571]},"properties":{"height":9.0,"crown_diameter":6.0},"id":""},{"type":"Feature","geometry":{"type":"Point","coordinates":[694310.8906523042,6093093.581586549]},"properties":{"height":9.0,"crown_diameter":6.0},"id":""},{"type":"Feature","geometry":{"type":"Point","coordinates":[694314.3743568263,6093097.738976223]},"properties":{"height":9.0,"crown_diameter":6.0},"id":""},{"type":"Feature","geometry":{"type":"Point","coordinates":[694342.4613699708,6093074.910756484]},"properties":{"height":9.0,"crown_diameter":6.0},"id":""},{"type":"Feature","geometry":{"type":"Point","coordinates":[694346.2741970827,6093074.521594558]},"properties":{"height":9.0,"crown_diameter":6.0},"id":""},{"type":"Feature","geometry":{"type":"Point","coordinates":[694432.8153653749,6093512.544738237]},"properties":{"height":9.0,"crown_diameter":6.0},"id":""},{"type":"Feature","geometry":{"type":"Point","coordinates":[694428.224837868,6093517.201772287]},"properties":{"height":9.0,"crown_diameter":6.0},"id":""},{"type":"Feature","geometry":{"type":"Point","coordinates":[694432.5565165167,6093540.866036212]},"properties":{"height":9.0,"crown_diameter":6.0},"id":""},{"type":"Feature","geometry":{"type":"Point","coordinates":[694442.9498992844,6093525.163155204]},"properties":{"height":9.0,"crown_diameter":6.0},"id":""},{"type":"Feature","geometry":{"type":"Point","coordinates":[694422.4918085176,6093012.591052473]},"properties":{"height":9.0,"crown_diameter":6.0},"id":""},{"type":"Feature","geometry":{"type":"Point","coordinates":[694440.5537166011,6092987.876397697]},"properties":{"height":9.0,"crown_diameter":6.0},"id":""},{"type":"Feature","geometry":{"type":"Point","coordinates":[694452.4534977372,6092987.945313047]},"properties":{"height":9.0,"crown_diameter":6.0},"id":""},{"type":"Feature","geometry":{"type":"Point","coordinates":[694461.8582190981,6092980.542591758]},"properties":{"height":9.0,"crown_diameter":6.0},"id":""},{"type":"Feature","geometry":{"type":"Point","coordinates":[694444.3010416968,6092994.353590925]},"properties":{"height":9.0,"crown_diameter":6.0},"id":""},{"type":"Feature","geometry":{"type":"Point","coordinates":[694598.7838574613,6092960.92786715]},"properties":{"height":9.0,"crown_diameter":6.0},"id":""},{"type":"Feature","geometry":{"type":"Point","coordinates":[694604.5574798101,6092959.51023824]},"properties":{"height":9.0,"crown_diameter":6.0},"id":""},{"type":"Feature","geometry":{"type":"Point","coordinates":[694610.0993938642,6092959.01852133]},"properties":{"height":9.0,"crown_diameter":6.0},"id":""},{"type":"Feature","geometry":{"type":"Point","coordinates":[694616.1276014331,6092957.734921563]},"properties":{"height":9.0,"crown_diameter":6.0},"id":""},{"type":"Feature","geometry":{"type":"Point","coordinates":[694599.7284441127,6092969.000357291]},"properties":{"height":9.0,"crown_diameter":6.0},"id":""},{"type":"Feature","geometry":{"type":"Point","coordinates":[694605.1293235108,6092967.981464981]},"properties":{"height":9.0,"crown_diameter":6.0},"id":""},{"type":"Feature","geometry":{"type":"Point","coordinates":[694611.4277776002,6092967.203654075]},"properties":{"height":9.0,"crown_diameter":6.0},"id":""},{"type":"Feature","geometry":{"type":"Point","coordinates":[694622.1660404756,6092956.572024894]},"properties":{"height":9.0,"crown_diameter":6.0},"id":""},{"type":"Feature","geometry":{"type":"Point","coordinates":[694617.2258863912,6092966.566870203]},"properties":{"height":9.0,"crown_diameter":6.0},"id":""},{"type":"Feature","geometry":{"type":"Point","coordinates":[694623.2727617316,6092965.794481866]},"properties":{"height":9.0,"crown_diameter":6.0},"id":""}],"crs":{"type":"name","properties":{"name":"urn:ogc:def:crs:EPSG::28355"}}}