{"type":"FeatureCollection","features":[{"type":"Feature","geometry":{"type":"MultiPolygon","coordinates":[[[[693897.9021648911,6092977.982948031],[693898.0613122933,6092980.063198583],[693898.9490221221,6092983.392866838],[693908.1578332203,6092992.394591863],[693910.770518515,6092995.073217485],[693912.2271689279,6092995.776753282],[693913.7454558593,6092995.799908744],[693914.7283658918,6092994.690419552],[693915.4858167468,6092993.027652891],[693915.6833867789,6092987.674687343],[693916.5250665572,6092977.51727798],[693917.8065186698,6092970.075928475],[693920.1347089225,6092960.946984341],[693919.6345214583,6092958.613610439],[693918.2643584592,6092957.67566291],[693915.7136789444,6092957.879361798],[693913.6627613078,6092960.751319403],[693908.7782426304,6092964.502810948],[693907.3362276463,6092966.96167902],[693905.628660679,6092968.421630124],[693899.9901315367,6092973.286983506],[693897.9021648911,6092977.982948031]]]]},"properties":null,"id":""},{"type":"Feature","geometry":{"type":"MultiPolygon","coordinates":[[[[688326.0125129072,6091916.505436457],[688337.1460490483,6091921.9747501565],[688352.0056906468,6091921.831623863],[688371.9250595903,6091920.04792192],[688400.5733827587,6091920.695492577],[688435.019125414,6091922.524001639],[688441.1415199821,6091929.400218518],[688450.2607366337,6091943.1993972],[688450.8486742191,6091971.315664219],[688424.9214223761,6092018.757316289],[688420.6149910705,6092048.771146264],[688451.8535671157,6092062.4055087725],[688472.9375878158,6092061.964609796],[688502.6064534991,6092043.931182547],[688536.5169272647,6092034.729320928],[688558.5880133123,6092039.188209154],[688587.237041444,6092057.341147809],[688622.1241245973,6092074.033292392],[688643.7425676887,6092099.486277582],[688677.3707114112,6092119.77646089],[688716.5802834651,6092150.218832135],[688739.9539526638,6092173.160583515],[688757.6562869324,6092198.397678052],[688768.2948809095,6092222.806003148],[688779.897914838,6092247.017383767],[688796.3050683048,6092271.574607304],[688821.6747081291,6092293.665109424],[688873.0905673872,6092318.437501347],[688903.3337553767,6092348.174061542],[688919.1519415694,6092375.533973145],[688946.3882366436,6092390.59938281],[688960.287238108,6092407.525638854],[688962.9638495023,6092410.7902673995],[688979.4806053368,6092418.713285413],[688993.3317967863,6092425.352707175],[689037.2588635087,6092423.529268367],[689078.1599469153,6092406.1513590915],[689059.4631233035,6092369.922341498],[689047.2755786976,6092345.156117672],[689036.9183082967,6092305.115136435],[689028.8274944145,6092303.322144929],[689029.1910204408,6092267.930453472],[689026.9470225801,6092263.475442585],[689018.6971676077,6092257.369742343],[688988.9584911613,6092253.8819713],[688985.4331929446,6092244.328524966],[689008.1756195393,6092226.940946372],[689014.3144721177,6092222.570583848],[689011.4020998774,6092181.880450977],[689004.1738397272,6092155.028894769],[689000.9392435187,6092136.790773339],[689018.6540983815,6092104.048973782],[689057.1944546674,6092081.446446711],[689074.224373051,6092061.508874938],[689071.6022337669,6092042.299833575],[689063.2474019758,6092022.09483886],[689065.1248055917,6092005.805188529],[689085.3054279045,6091984.84339769],[689116.8078087941,6091966.6670677755],[689149.0164324468,6091959.982145508],[689200.1051588113,6091953.226318158],[689253.7917125168,6091956.517424488],[689293.8442608374,6091967.843021174],[689341.7415378464,6091990.668129913],[689386.4991526434,6092014.675197337],[689411.637424563,6092048.5729856165],[689444.677956949,6092111.205410976],[689486.2500619041,6092164.654193818],[689512.5540569561,6092208.619728351],[689543.0789996544,6092257.100843877],[689551.8413710739,6092311.853229047],[689548.1510417787,6092347.789424453],[689534.0968829009,6092418.19291314],[689524.1706485272,6092504.304078443],[689556.8376823261,6092534.564364669],[689565.9422171555,6092575.114937004],[689585.005937097,6092621.78129381],[689624.6823636469,6092667.995426785],[689669.3975296739,6092682.54224509],[689678.3566124678,6092689.692885116],[689683.0665284627,6092698.960732305],[689679.6686341726,6092713.264048357],[689675.8796312094,6092729.277828411],[689678.9058166435,6092738.6276153205],[689681.6066234681,6092741.212508131],[689687.969453709,6092741.683239102],[689697.9909551862,6092738.793424001],[689704.0859955472,6092739.223269664],[689706.1407803602,6092741.189225491],[689705.9392825585,6092742.486422013],[689704.0751392965,6092743.418628906],[689702.8017141913,6092745.240682827],[689701.3052594058,6092746.974411579],[689701.5814934659,6092748.866174202],[689699.4341616487,6092751.925159355],[689700.0084751071,6092753.485084796],[689700.8239841977,6092754.546936886],[689702.3494215346,6092755.277586475],[689701.7544513125,6092756.7225907305],[689700.8221034752,6092758.081676288],[689698.8600812134,6092761.6111553665],[689696.4080642184,6092767.225255678],[689689.819048275,6092766.154669421],[689686.6988440903,6092767.922563224],[689685.8374632861,6092770.117319325],[689645.9732505581,6092790.415507566],[689606.704648389,6092810.394019791],[689605.165152,6092811.170546928],[689594.6695538377,6092816.181739168],[689593.083973644,6092822.744973876],[689592.8525867246,6092828.423958784],[689598.1885386629,6092835.548560765],[689600.2642561874,6092839.960482346],[689633.6004623328,6092859.183817478],[689652.8966411536,6092878.069895497],[689661.2124015067,6092897.772971952],[689665.1391054248,6092917.298631137],[689661.2210691741,6092941.323988428],[689663.7698995514,6092947.195634767],[689666.0143742142,6092952.376046077],[689674.6109178722,6092960.04593172],[689677.6737762134,6092973.311022025],[689677.9423729515,6092974.477402211],[689682.9337318346,6092985.878755461],[689710.8708597994,6093001.838874866],[689729.5254323075,6093023.919544693],[689740.9234353218,6093032.423392826],[689754.0075808563,6093047.840213223],[689757.8388472961,6093055.573118815],[689782.6022341995,6093086.324653052],[689790.288890959,6093094.599610956],[689795.4420283879,6093096.286383649],[689803.5379572324,6093095.38109814],[689811.1791400112,6093092.076201936],[689876.936880929,6093061.604627797],[689874.6546411728,6093048.844049417],[689874.7690854537,6093040.879256746],[689882.6319908758,6093040.862480068],[689890.8130873791,6093049.796675596],[689912.9217936131,6093037.778073959],[689959.7660877445,6093032.36346974],[689978.9391088017,6093069.241294869],[689953.9995255072,6093102.193062578],[689913.1907672123,6093170.751657108],[689868.9193390163,6093202.761576772],[689857.6753089943,6093230.922501383],[689858.0185422547,6093264.96932568],[689870.1977438342,6093274.693729138],[689871.6465047182,6093321.75845786],[689884.2695087272,6093325.390094683],[689895.8896272897,6093316.1690825205],[689896.2945183571,6093307.14706619],[689907.2598896471,6093306.674261099],[689910.9365567095,6093309.229241321],[689922.3747593187,6093312.736951146],[689921.9623346608,6093318.503482294],[689926.8845711369,6093329.859672509],[689975.6730897937,6093320.720595056],[690006.6825829998,6093301.435544567],[690021.8110149779,6093280.996803306],[690052.3612412972,6093271.413794106],[690087.8746785598,6093240.034101868],[690107.6855402741,6093217.41285586],[690117.1648980483,6093215.55723911],[690153.9057087587,6093213.824321596],[690202.0135007501,6093211.860760946],[690257.7984511652,6093209.744240271],[690285.4711301946,6093240.191280244],[690300.699993717,6093253.813363874],[690336.9377345679,6093255.69945558],[690426.0753245237,6093265.825959375],[690492.4157223245,6093278.833172401],[690563.2829122245,6093288.767628979],[690700.4691745557,6093297.317672197],[690776.2011640148,6093295.63182912],[690787.2092351228,6093294.291971502],[690836.5991776738,6093288.735288211],[690878.7234750993,6093280.439259784],[690902.9846022393,6093269.600475352],[690911.8153696344,6093229.192019897],[690915.5551167245,6093215.262280949],[690941.5372824838,6093196.02451173],[690954.5828002937,6093151.526905656],[690964.1376957613,6093110.39608604],[690950.9097820183,6093028.884496985],[690931.5278269432,6092976.571727539],[690905.760416958,6092878.424071347],[690896.7347425855,6092836.133341722],[690882.9045609925,6092794.214096781],[690878.2373579238,6092747.766124618],[690893.3240992721,6092734.498384541],[690908.1126757335,6092707.153822534],[690923.1242554794,6092680.260300383],[690929.9013615254,6092655.996872131],[690931.2006727052,6092637.765487269],[690928.4939121548,6092615.833072152],[690924.8237887574,6092606.748413935],[690908.2012669409,6092585.659544246],[690896.0146641979,6092579.564423904],[690871.5893472366,6092571.393670052],[690853.0559316783,6092579.990390687],[690838.5826074167,6092593.40322528],[690829.5283144534,6092592.246133636],[690823.8691121722,6092591.510162386],[690815.0857587805,6092585.138247428],[690808.068584601,6092575.733721251],[690807.5429403263,6092566.033647264],[690812.622917167,6092547.694355335],[690824.7422710811,6092527.922371718],[690837.9901462132,6092517.149336852],[690860.9012099372,6092504.599648986],[690876.7300840064,6092497.585688438],[690883.4581772583,6092492.978287736],[690882.1913366683,6092472.410658598],[690880.6806729316,6092455.094563535],[690887.9874823594,6092435.322067831],[690895.4315761246,6092411.230562994],[690900.3387501474,6092393.3878620565],[690907.297763557,6092376.283059871],[690907.7780824109,6092364.394326869],[690913.1832534887,6092355.303481484],[690933.1762551299,6092343.271176686],[690950.9529833116,6092312.66331416],[690961.1074954295,6092304.569442645],[690977.4167562112,6092293.9731564],[690989.4178425401,6092297.086159557],[690999.7625169612,6092291.490431569],[691041.3624380108,6092293.222623931],[691069.9548631192,6092288.61670361],[691088.2927612319,6092283.065362055],[691102.4006053226,6092299.574854026],[691130.7091001788,6092331.568598775],[691132.7534894892,6092365.040140132],[691135.0420429448,6092380.535153171],[691154.2410494895,6092410.545355033],[691161.0357742353,6092433.181708513],[691163.5056735381,6092458.663156004],[691169.3401393543,6092480.2501471555],[691162.6459305884,6092524.567037034],[691165.902260296,6092549.371365892],[691176.2064645406,6092583.570010075],[691178.8196839084,6092624.796597299],[691152.0560871196,6092666.422934453],[691152.5501755698,6092687.5650627185],[691134.2782387816,6092748.0616161395],[691120.2906036936,6092781.500975395],[691100.0119045612,6092840.895831462],[691106.1321289351,6092896.828830557],[691116.0153452284,6092939.947709],[691140.0039152747,6092981.418749515],[691140.0748134495,6093027.210655598],[691157.7693211811,6093057.429540553],[691179.8077784472,6093091.797963175],[691192.4377109786,6093158.318009404],[691211.311712983,6093234.063363994],[691237.1009889736,6093275.514618717],[691282.1803075424,6093338.211494615],[691320.2107575634,6093364.8732140735],[691364.1492948937,6093373.772916626],[691421.1749050195,6093407.398203548],[691452.8886960868,6093410.97584963],[691486.4833716026,6093387.472677794],[691537.6132921904,6093386.609908219],[691577.931095734,6093393.799530721],[691621.9250144529,6093394.873881553],[691680.2861465286,6093406.591006861],[691729.419639926,6093406.885834675],[691793.2285903983,6093400.394070633],[691823.7501136456,6093390.582342493],[691847.3975111168,6093384.265483972],[691899.1765465142,6093354.048421558],[691923.9129723668,6093334.043569075],[691949.5431513963,6093313.749856433],[691986.5662456319,6093292.646053226],[692022.8551164574,6093269.306643415],[692096.3295820922,6093217.845622724],[692151.773468009,6093169.279785655],[692193.9046593576,6093091.9565322455],[692203.857336683,6092993.189657431],[692205.9384204822,6092912.292285124],[692238.2517481857,6092820.648275231],[692281.6455240839,6092772.961602586],[692324.0914401871,6092739.852562124],[692394.9089513253,6092698.547362297],[692425.536769496,6092666.341163406],[692453.7483428625,6092623.851884164],[692467.4010554936,6092589.607996117],[692474.9333337059,6092523.756256748],[692518.8560951488,6092441.332474874],[692563.8667755786,6092394.521269163],[692657.8735432551,6092323.649409594],[692699.4068161948,6092291.534580162],[692719.0705695747,6092276.333201196],[692763.7020766567,6092243.258801134],[692795.9311583521,6092231.853489224],[692804.9887744843,6092230.3109367415],[692818.0477368515,6092230.0780817345],[692831.452457671,6092231.391253466],[692846.3636822323,6092235.0348939225],[692860.0380472292,6092240.751429196],[692873.1028862173,6092248.276285289],[692882.8447648078,6092255.900143027],[692891.7531305647,6092264.844117608],[692912.2855797985,6092290.245794214],[692936.4165253438,6092320.574910661],[692959.9261058108,6092350.014973902],[692965.2514757576,6092357.593770516],[692971.2711531655,6092368.748295614],[692977.2560786088,6092381.484911995],[692979.8399849669,6092389.252624517],[692981.3957730888,6092399.581811702],[692982.6017158886,6092419.574028987],[692982.4073495942,6092440.061329674],[692981.0137588002,6092450.844349057],[692979.4983017645,6092457.360331027],[692974.9173001153,6092466.741863661],[692970.5820121244,6092472.639162436],[692966.1951862292,6092477.198065445],[692961.1769531677,6092481.119338672],[692954.0320140566,6092485.448914876],[692949.5910975154,6092487.125328598],[692941.8277853753,6092489.6449280195],[692935.8007254717,6092490.973901879],[692929.7943274716,6092491.1303701755],[692924.9585632666,6092490.750165964],[692920.1736354055,6092489.8944662735],[692909.5966450833,6092491.013834672],[692904.4671157018,6092492.230558057],[692863.0494139625,6092517.999835159],[692830.3915182836,6092543.2745488435],[692778.4602179277,6092590.625807919],[692760.0540257681,6092595.475110039],[692728.7130544245,6092612.098262314],[692709.5547176008,6092640.274451369],[692705.580622948,6092672.71190427],[692702.5495716389,6092712.1615336],[692704.2814528678,6092751.434925377],[692710.1474640728,6092805.354367278],[692705.3179836525,6092863.074424034],[692701.0216808121,6092879.733188491],[692703.9508045722,6092899.018810795],[692725.7058143396,6092946.254596742],[692760.2818816814,6092989.560515975],[692808.3769277806,6093035.172476288],[692824.2930900452,6093044.375965588],[692878.4833759409,6093058.286081696],[692909.2371638524,6093063.7023152895],[692948.6273200165,6093074.579960518],[692959.6587369017,6093076.1298553],[692960.9538745378,6093075.348669315],[692962.4172663887,6093074.945265988],[692963.9431774493,6093074.968418606],[692965.3861627968,6093075.393334044],[692966.6697877296,6093076.212346298],[692967.512836921,6093077.115204826],[692968.1305617937,6093078.18102097],[692978.0013337783,6093078.95575971],[692991.2631638356,6093084.578683315],[693010.0058621041,6093090.772604981],[693021.1284040222,6093095.864558257],[693033.5289253411,6093103.291857707],[693034.4571784505,6093104.611478688],[693036.0584766472,6093104.949275192],[693037.5517912988,6093105.5870492505],[693039.654819722,6093107.272202371],[693052.8500294052,6093112.273229147],[693069.0327378586,6093104.698994957],[693091.0387161027,6093094.097770195],[693121.1357598605,6093077.741938071],[693144.0119003543,6093063.261580013],[693155.2143181568,6093055.347375561],[693185.2485975205,6093031.802161096],[693203.7977006591,6093015.079538231],[693227.5312002338,6092992.218014734],[693241.9632978045,6092975.220761993],[693258.6719225019,6092955.551496428],[693267.291928113,6092943.5251671225],[693275.3848934477,6092931.463616763],[693286.9369728791,6092914.2582630105],[693302.3863646578,6092886.737041725],[693311.9371579206,6092869.751299514],[693324.983208857,6092840.774627449],[693336.0246963183,6092809.7293491755],[693341.1544919792,6092793.582545938],[693345.0271109787,6092781.40678395],[693353.2374211961,6092748.515268694],[693355.4519568919,6092732.998407669],[693356.5462679169,6092725.347228473],[693359.0333495091,6092704.047926268],[693360.7488209745,6092689.4440684],[693362.0425255138,6092669.044756941],[693362.7249648131,6092651.793358379],[693362.6776744553,6092641.76672706],[693361.7071078377,6092617.853285744],[693361.7499434449,6092613.805960497],[693362.0620728934,6092609.157525253],[693364.0089436538,6092582.2327397475],[693366.0960904795,6092572.513799474],[693368.97653245,6092565.289403427],[693374.5238979415,6092556.175282961],[693382.0769222579,6092548.8320366135],[693387.8367537567,6092544.289974613],[693394.5193366628,6092540.100194385],[693403.4918918302,6092535.647327273],[693421.574250613,6092531.361757614],[693428.3306732973,6092530.258659875],[693446.7048017428,6092528.552758546],[693457.386815662,6092530.193226857],[693468.9234252735,6092533.629248273],[693479.9818659953,6092540.014980465],[693495.9899312414,6092553.857053611],[693510.072154367,6092571.777553612],[693526.4010517196,6092591.677657155],[693544.0221725577,6092611.373249964],[693568.1506683216,6092632.212767417],[693594.0187280716,6092649.526580609],[693610.3171043628,6092656.627517557],[693628.0458593059,6092659.660590527],[693650.8156995977,6092659.487735349],[693665.3040491418,6092657.595118746],[693678.2337819074,6092654.154608885],[693710.845591459,6092642.784347108],[693732.4559845024,6092634.0875618905],[693790.7947010205,6092603.652841562],[693823.0261948723,6092584.895148071],[693845.8002498216,6092582.442679862],[693880.5488088357,6092584.625520408],[693902.5826243577,6092594.207168386],[693918.7833004585,6092607.3932471275],[693937.500017775,6092631.529578038],[693957.605719444,6092644.715297544],[693971.5728563886,6092652.628534853],[694010.47804816,6092669.325788132],[694029.8080433401,6092685.086138239],[694031.5619089939,6092690.741288786],[694035.6909902259,6092693.359330064],[694046.3592773303,6092703.557373789],[694048.1821361531,6092713.834194133],[694070.5172795707,6092708.693007508],[694070.3220303815,6092697.143966423],[694073.7965053446,6092687.42285587],[694077.6672979667,6092675.209541962],[694084.0831007406,6092661.825174514],[694093.3863889389,6092650.7785788085],[694105.5489002606,6092641.465715788],[694111.3657678921,6092638.5219121715],[694117.9019621344,6092637.106768353],[694147.0797206205,6092632.74823503],[694174.8328728105,6092629.527247395],[694202.3874918644,6092629.835961141],[694221.5088695267,6092627.75890743],[694242.0418662983,6092628.544360766],[694286.1274284362,6092624.068768014],[694296.3811108884,6092623.512884352],[694319.9781433064,6092619.962430747],[694353.4136368063,6092611.4556982815],[694369.1189944765,6092605.879953114],[694380.7144681714,6092595.397550229],[694377.5408202136,6092593.586951584],[694388.6071165403,6092577.664886475],[694406.4556676386,6092555.829198629],[694415.3554416229,6092544.130486559],[694427.1644341063,6092532.94574749],[694428.0954715179,6092531.911730388],[694430.2053000147,6092529.661610861],[694432.9348148224,6092526.793483848],[694436.5321699308,6092523.143859193],[694440.0227960104,6092519.850017111],[694444.3790539269,6092515.67239987],[694448.143507751,6092511.991258875],[694451.1089282185,6092509.099432278],[694453.4773311659,6092506.815821961],[694455.7801332158,6092504.673158509],[694458.8418406863,6092502.002503625],[694461.9203973559,6092499.405901339],[694465.6942649896,6092496.161750401],[694468.8765328346,6092493.423375603],[694472.4864976781,6092490.359498612],[694475.4892162323,6092487.783131665],[694478.6588397628,6092485.165953878],[694481.4802043969,6092483.021396881],[694485.2227633537,6092480.09418576],[694489.087891917,6092477.192234732],[694493.1548301656,6092474.099884155],[694496.9595705037,6092471.227138903],[694500.448350302,6092468.556555128],[694504.1608069546,6092466.002071326],[694507.325601537,6092463.868698978],[694511.3907231658,6092461.046141237],[694514.7440859262,6092458.815675227],[694518.6005713227,6092456.220868163],[694522.1184286858,6092453.838014716],[694525.6982724294,6092451.500332847],[694528.9725898671,6092449.494818877],[694532.2850214452,6092447.488481045],[694535.9140101818,6092445.307870923],[694539.9869410793,6092442.847914979],[694543.4432035411,6092440.791957627],[694546.0785800322,6092439.21882467],[694548.8646115663,6092437.558719692],[694551.712429665,6092435.93448884],[694555.7017019542,6092433.839115378],[694560.2039244659,6092431.481509498],[694564.3671193228,6092429.31726264],[694568.4550848166,6092427.201148461],[694573.8939341027,6092424.423324024],[694577.6360502115,6092422.537923118],[694581.2527873425,6092420.850572694],[694585.3010284668,6092419.014372941],[694589.2066373344,6092417.283574313],[694593.5038277829,6092415.321068056],[694597.7181661928,6092413.406859195],[694601.3204530689,6092411.757020878],[694604.4940444884,6092410.386199543],[694607.5340329281,6092409.185700625],[694611.4831693635,6092407.705110591],[694616.8158851707,6092405.664421564],[694622.9117037079,6092403.290978384],[694626.9581285021,6092401.724561026],[694630.8996358572,6092400.244126797],[694632.2032437515,6092403.7508028075],[694633.4891222024,6092402.904445356],[694636.3463390149,6092401.010220111],[694639.7309457335,6092398.816238053],[694642.3115274,6092397.179143077],[694647.3551293523,6092393.758654691],[694651.141939326,6092391.118780273],[694655.0852171953,6092388.308085939],[694661.0172795072,6092384.003299955],[694665.0325649655,6092380.995700074],[694668.4679006719,6092378.326199768],[694674.4462830208,6092373.694827553],[694679.3036855281,6092369.776023685],[694682.7660909758,6092366.947795691],[694684.5199612047,6092365.523889361],[694688.7524747226,6092361.981361812],[694690.370333262,6092360.6162050925],[694694.1230010653,6092357.456126412],[694699.8381564585,6092352.644377779],[694707.0692478983,6092346.339436256],[694713.7197836215,6092340.344699521],[694719.0048145932,6092335.393394269],[694724.2597493922,6092330.461340066],[694729.7608142692,6092325.272806015],[694734.6131238032,6092320.414558772],[694739.1430626686,6092315.814432459],[694742.651736897,6092311.952637055],[694746.7268988974,6092307.4832606595],[694750.4997485849,6092303.141342571],[694754.4320633905,6092298.41458757],[694757.7884536663,6092294.211895099],[694761.112942408,6092289.944775215],[694764.1585921634,6092285.832514143],[694768.2930718787,6092280.226978364],[694772.619916813,6092274.347520057],[694782.4944188028,6092261.2040943885],[694791.3767534357,6092249.440217454],[694794.0681281795,6092245.875127539],[694795.7324648994,6092243.839187518],[694798.6980612492,6092240.258867152],[694803.0461539916,6092235.011480728],[694807.5220228184,6092229.67761042],[694811.704611195,6092224.5361203225],[694814.0320930174,6092221.425393592],[694816.5334937214,6092218.245791575],[694819.1032838011,6092214.7019252],[694821.6875137181,6092211.120537071],[694824.3967085525,6092207.322496512],[694827.0053962197,6092203.461512246],[694829.3166015923,6092199.951138549],[694831.8823465249,6092195.867828329],[694833.8392911155,6092192.551154953],[694835.8897040862,6092188.971999235],[694838.2700810381,6092184.781067643],[694840.2434724089,6092181.519850103],[694842.265212679,6092178.37851526],[694844.6295643415,6092174.857685581],[694848.3406761228,6092169.428697584],[694851.0261735211,6092165.593950795],[694853.7712444975,6092161.692799753],[694855.3521016466,6092159.677255761],[694856.952827258,6092157.875232253],[694859.5300367223,6092155.028855743],[694862.1407513898,6092152.321286834],[694864.9053129167,6092149.322022844],[694866.8991912174,6092147.009178678],[694868.7139392509,6092144.876948664],[694870.479732675,6092142.596941637],[694872.417634474,6092140.164377853],[694875.109344532,6092136.6178561],[694877.4255386614,6092133.339914309],[694879.4941976838,6092130.253368003],[694881.4713809978,6092127.168799084],[694883.1996224425,6092124.210541023],[694884.7086095342,6092121.34074327],[694886.2974087605,6092117.929692211],[694887.7664527942,6092114.623554442],[694888.7550901512,6092112.025469033],[694890.0042761969,6092108.77989807],[694890.9684178284,6092105.754441125],[694892.0318218307,6092102.029173068],[694892.7099134163,6092099.177340904],[694893.7983433775,6092094.49340541],[694894.7227065822,6092090.333940396],[694895.3939248242,6092086.459015202],[694897.0361389604,6092076.349226758],[694898.9228991242,6092066.615539203],[694899.7553446316,6092061.732489737],[694900.0517045213,6092059.21448837],[694900.5505551684,6092054.422372569],[694901.0798424185,6092048.5691482825],[694901.2865553629,6092046.490288589],[694901.4988802321,6092044.3182855705],[694901.8495854959,6092041.49213632],[694902.5779958272,6092034.267182874],[694902.8155829994,6092031.852776349],[694903.076020228,6092029.084392238],[694903.5353810801,6092024.934981292],[694903.8122878197,6092022.575537516],[694904.2149245793,6092019.3296661135],[694904.5000386636,6092016.644467944],[694904.8198297762,6092013.44689906],[694904.9539322032,6092011.537048869],[694905.0264492664,6092009.600623945],[694905.2020840531,6092003.968997334],[694905.3184729717,6091997.008437955],[694905.3774806557,6091993.742091146],[694905.4982561151,6091990.158133836],[694905.7405746283,6091986.199460105],[694905.9771348279,6091983.38508096],[694906.1681227714,6091979.8740226645],[694906.2788983107,6091976.88562204],[694906.3948650311,6091973.431999322],[694906.4724432019,6091968.555970792],[694906.4994218963,6091962.750816897],[694906.4723272433,6091954.798025019],[694906.3934239228,6091941.981304723],[694906.0608084195,6091922.370165358],[694905.8774742265,6091914.950977222],[694905.6780377597,6091910.31349417],[694905.3806573645,6091904.67349205],[694904.991201842,6091899.007574625],[694904.563011366,6091892.9611048],[694904.2567126707,6091889.377081033],[694903.7591888062,6091884.70883582],[694903.0732553004,6091879.086538995],[694902.0048538757,6091870.942316084],[694900.9756280029,6091863.904207304],[694900.1384692119,6091858.694477512],[694899.4008444495,6091854.208166454],[694898.507733104,6091849.2322015595],[694897.481418592,6091844.0916777905],[694896.3596120625,6091838.767175153],[694895.1920893951,6091833.797144601],[694894.1206822356,6091829.392469353],[694893.1496129541,6091825.748404264],[694892.3175974755,6091822.892018669],[694891.3858671687,6091819.656399377],[694890.2613608298,6091816.322624836],[694889.0080755325,6091813.028843947],[694887.7778781101,6091810.09734933],[694886.8967662321,6091808.144338258],[694885.5727043592,6091805.456730427],[694884.2803580728,6091803.177733251],[694882.8109015591,6091801.172329716],[694881.3865779233,6091799.138043379],[694880.1877509992,6091797.657012287],[694878.7708678952,6091795.966745986],[694877.1441546017,6091794.094973091],[694875.335103478,6091792.255049514],[694873.5292700543,6091790.563891187],[694871.165966992,6091788.484792914],[694868.9208235578,6091786.579880748],[694866.7709718491,6091784.849649248],[694864.2875203302,6091782.856867179],[694861.9826055676,6091781.009059093],[694858.3741827962,6091778.128985757],[694855.5667678567,6091775.966464791],[694852.4020825103,6091773.5046955515],[694849.6586664236,6091771.480322053],[694846.4027147384,6091769.029826453],[694845.0799430263,6091767.8119326],[694844.1986762966,6091766.556586073],[694843.4977374866,6091765.17641202],[694843.1249703502,6091763.807746841],[694842.8119774755,6091762.381976089],[694842.606705417,6091761.00038725],[694842.5175475448,6091758.993040809],[694842.4829369986,6091756.68684474],[694842.6507506649,6091754.925101517],[694842.9002174364,6091753.412752109],[694845.2594338376,6091745.780453218],[694855.9995722036,6091728.97171391],[694865.0383130123,6091713.539266435],[694873.0641271821,6091696.054321976],[694879.2930147164,6091678.701250117],[694881.1964490614,6091659.869644402],[694881.8881079773,6091644.952563027],[694881.2539388482,6091635.375710096],[694880.5635670717,6091632.720909046],[694879.8451188377,6091630.178341543],[694878.9788286134,6091627.499438262],[694878.4249127771,6091625.864928022],[694877.7353835682,6091623.954284554],[694877.215175037,6091622.467880494],[694876.6921700421,6091621.204789676],[694876.0319431332,6091619.591182803],[694874.9763190993,6091617.325670529],[694873.9939220042,6091615.27252516],[694872.8478352495,6091613.055480005],[694871.158108132,6091610.031597681],[694869.5989866417,6091607.404885283],[694868.5770903287,6091605.640961795],[694867.8811847054,6091604.493235972],[694867.2938025884,6091603.426883068],[694866.5585788492,6091602.224194223],[694863.6403698893,6091597.757129129],[694858.4228352901,6091589.935179794],[694855.1232955124,6091585.113572602],[694851.5569578905,6091579.94424996],[694844.5768287464,6091571.369720283],[694843.3200545022,6091569.675988514],[694841.9555621927,6091567.938074745],[694840.5435267624,6091566.117469012],[694839.0235723822,6091564.24338335],[694837.5258826212,6091562.340909467],[694836.232808349,6091560.731681513],[694831.081791459,6091554.5733739305],[694823.0872902623,6091545.285888398],[694816.4161606899,6091537.597670058],[694813.1000579749,6091533.771742908],[694811.1149341054,6091531.544924262],[694809.8485549926,6091530.11185764],[694808.309564912,6091528.4149207715],[694806.7623500326,6091526.690254893],[694805.2323904915,6091525.058237706],[694803.6320213806,6091523.344022682],[694801.9470031285,6091521.594428603],[694800.3568706115,6091520.000920316],[694798.8463790359,6091518.563827429],[694797.3980726141,6091517.181203175],[694795.8566906448,6091515.726173237],[694794.38592013,6091514.362638567],[694793.2501461336,6091513.326740939],[694791.929024541,6091512.183223568],[694790.2432220466,6091510.749919158],[694788.8151876377,6091509.599410333],[694787.2001979528,6091508.2668987885],[694785.9264197344,6091507.196774774],[694784.6849400088,6091506.209672169],[694783.0868040822,6091504.9512132],[694781.2734347245,6091503.6136867665],[694779.7386901081,6091502.465483315],[694778.745949537,6091501.696255874],[694777.6934364602,6091500.984133536],[694776.5328042314,6091500.209232798],[694772.9750875497,6091497.904773032],[694771.5115585048,6091496.875957482],[694770.2787089914,6091495.935177496],[694769.2919844963,6091495.091401512],[694768.2103758963,6091494.091539038],[694767.1969664112,6091493.071597952],[694766.2894656358,6091492.0121588055],[694765.5374258197,6091491.088892269],[694764.6746544462,6091489.981975204],[694763.8279317658,6091488.9119199645],[694763.1838105638,6091488.042133823],[694762.561752538,6091487.134661987],[694761.8791037165,6091485.893620757],[694761.4002620375,6091484.9086357895],[694760.9111856073,6091483.8029435],[694760.4299325533,6091482.706384283],[694760.0108638145,6091481.664294157],[694759.6124514659,6091480.519433418],[694759.2780320661,6091479.512722431],[694758.9734990427,6091478.47745889],[694758.7453900317,6091477.44984571],[694758.5463635151,6091476.356488583],[694758.3784148165,6091474.936882954],[694758.2024419293,6091473.498846371],[694758.08103092,6091472.11544365],[694757.9891042853,6091470.684892685],[694757.9068095814,6091469.34715547],[694757.8935174325,6091468.026531229],[694757.927566715,6091466.779301304],[694757.9764586217,6091465.513146179],[694758.0915395293,6091464.133934116],[694758.2611821748,6091462.809355914],[694758.4693381067,6091461.502549663],[694758.7174140649,6091460.278600313],[694758.9679015155,6091459.166225158],[694759.2639216263,6091458.043563645],[694759.5984549907,6091456.938674072],[694760.1399812086,6091455.531640267],[694774.5162126408,6091422.439960383],[694780.7286139147,6091414.556940989],[694786.3815363487,6091410.425494164],[694792.9573794971,6091407.008965137],[694801.1255426342,6091405.288215263],[694817.3620362123,6091407.45807712],[694858.6129032809,6091416.054345343],[694901.6552122559,6091423.207048206],[694950.7451427127,6091431.428693209],[694995.116836727,6091440.449848651],[695034.9718868345,6091444.787217192],[695086.0600608448,6091446.667289632],[695133.3782602254,6091446.303161785],[695182.6211609225,6091439.739023216],[695202.2156328787,6091432.514635816],[695224.2332557098,6091424.149343841],[695250.8168423204,6091410.066511358],[695267.8186121442,6091396.516825469],[695288.8037773878,6091377.113388016],[695300.8556767189,6091362.480225722],[695318.5561418086,6091337.547959257],[695327.1366901884,6091323.548136741],[695348.3743489619,6091289.776413282],[695353.3716298612,6091281.798375327],[695370.4481036082,6091254.479535758],[695376.3812703046,6091253.79274829],[695378.418056294,6091245.385869684],[695393.1627803509,6091219.55938598],[695410.5475558313,6091190.996568205],[695428.9801507916,6091163.28539163],[695440.2979034134,6091147.877238097],[695453.9679406312,6091123.49718485],[695459.8798203719,6091103.5551484395],[695460.9576390141,6091094.53649335],[695467.4831497812,6091088.469391307],[695469.2064129312,6091089.166881863],[695475.6941034502,6091080.65410259],[695485.4956535676,6091064.962498005],[695491.4598355698,6091058.330815882],[695500.0064653729,6091050.173336934],[695510.3154565113,6091042.758993989],[695524.4330318143,6091035.503843306],[695533.7261987877,6091032.232414369],[695552.6949349049,6091029.606777377],[695567.5942312302,6091029.208954268],[695582.0372490606,6091032.030289823],[695592.8139635179,6091035.275381229],[695609.0499565247,6091043.760033427],[695613.6561829541,6091047.641390931],[695624.9276181629,6091042.764135318],[695637.7527603961,6091038.150799089],[695681.296168681,6091027.335465386],[695686.198595118,6091026.596431851],[695696.506019016,6091030.000430732],[695697.9189250852,6091032.909255869],[695703.3229666521,6091044.029005849],[695699.7467334189,6091058.0786868995],[695694.5952035912,6091061.7440479435],[695689.8152249532,6091064.610643296],[695684.9360832337,6091073.795625556],[695684.4763230111,6091081.768347459],[695685.7990430371,6091087.89771588],[695689.6293659325,6091096.428416619],[695698.8918309616,6091106.487627098],[695708.4755040436,6091116.93984931],[695720.5984533244,6091121.420662282],[695724.3727849576,6091122.808428625],[695735.9714464505,6091127.375029445],[695744.4239806638,6091131.740202969],[695773.9847015543,6091055.758860145],[695772.7307056604,6091034.195544325],[695767.9233642492,6091015.797793224],[695760.5971826978,6090990.971090395],[695747.7683198439,6090961.715134544],[695730.1924113974,6090931.920441818],[695700.0784180277,6090882.026126404],[695660.4517330533,6090817.194249657],[695592.2491372369,6090701.2342257695],[695578.05203555,6090674.593812874],[695564.066642696,6090649.623192744],[695553.2012545512,6090629.626650618],[695544.7386547546,6090613.53140027],[695536.3587573983,6090597.732020635],[695530.8198591175,6090588.810453572],[695521.09287891,6090570.66822607],[695514.2029720073,6090557.115542725],[695505.844377225,6090540.887773925],[695498.5540956256,6090528.208880501],[695491.6731124482,6090516.469929857],[695482.0196433669,6090504.167890354],[695457.491192059,6090477.528264953],[695435.8577672624,6090459.904770372],[695426.5604935753,6090454.525130432],[695419.9664499229,6090455.654227318],[695412.6338842778,6090451.562172145],[695416.7319322386,6090447.501206405],[695413.7533844697,6090446.2262991145],[695411.2373103163,6090443.071605208],[695406.7788787716,6090442.470655377],[695406.1438354092,6090437.098427065],[695412.6134715246,6090432.344159511],[695409.0658852448,6090429.090913512],[695409.1012360677,6090418.066976324],[695404.5292880002,6090415.747571914],[695406.4283764982,6090413.659878599],[695404.7385672074,6090409.929123662],[695403.701132257,6090405.691196981],[695402.8742017428,6090402.369626792],[695403.0590462143,6090391.909884087],[695406.5469966818,6090388.197037229],[695418.5110528078,6090386.811912319],[695425.7302019933,6090385.678553224],[695429.8501515102,6090385.440330572],[695433.0473303718,6090383.789579708],[695433.8798163298,6090378.580858835],[695433.8425875187,6090374.40495373],[695430.3595920325,6090372.722396556],[695427.1356169886,6090368.569120702],[695430.3580547055,6090365.271323114],[695435.9363926089,6090362.666588778],[695439.4799537212,6090361.166457837],[695439.4889655912,6090356.310484437],[695442.6675716206,6090353.8043246735],[695447.4294487346,6090351.524272455],[695452.2034288314,6090349.802090382],[695453.93286967,6090346.57388873],[695453.9745071486,6090339.70791908],[695450.7604128786,6090332.8474801425],[695447.0824778595,6090329.559869599],[695439.8769817988,6090328.860408109],[695436.3624403271,6090328.183182398],[695435.3306441153,6090327.368366538],[695432.4256350608,6090322.101203928],[695428.7773866503,6090321.938500602],[695425.6114135233,6090321.160685604],[695428.6357021661,6090316.462545692],[695432.0681102026,6090311.597411195],[695434.6425089062,6090308.304368593],[695439.446684123,6090307.623389477],[695437.1550827518,6090301.459204347],[695440.5485897907,6090298.315827522],[695446.3065488706,6090300.125758644],[695451.6102060211,6090298.568824565],[695456.365301335,6090295.274966366],[695459.8804386032,6090288.2499003485],[695460.9278606668,6090282.757442624],[695462.5194946366,6090279.50432163],[695469.8859520918,6090276.730526687],[695476.3363580146,6090276.3672867],[695483.8989191656,6090280.872894073],[695508.619878628,6090274.596844875],[695520.8401578618,6090267.810699057],[695526.8519557356,6090248.64776589],[695532.2531305875,6090247.721218482],[695539.2732847106,6090250.07112711],[695543.1033956186,6090254.397250564],[695544.1834824278,6090259.19237533],[695551.1958031376,6090251.347162509],[695560.0251953064,6090250.634539016],[695566.5527103601,6090243.9905289225],[695571.025904107,6090231.930688307],[695586.8415501041,6090222.526859347],[695608.7617159785,6090231.594968117],[695619.6585413767,6090224.614166573],[695626.1206234694,6090224.790094824],[695635.2254837253,6090219.559810958],[695646.063870064,6090217.6127738375],[695648.0122285357,6090222.361122778],[695648.7670484418,6090229.730731167],[695644.7808881691,6090232.263813954],[695641.7765953522,6090232.961624846],[695643.4437213239,6090237.399806075],[695647.267108779,6090240.712086683],[695643.8667561713,6090444.338226851],[695666.4685588878,6090721.017680192],[695674.9571573302,6090795.167711331],[695694.7047290392,6090821.399058832],[695717.3826346243,6090859.659656644],[695744.0887496767,6090894.493171448],[695764.3955599086,6090918.3680667095],[695788.1941653728,6090933.785693262],[695807.0978418564,6090928.528373869],[695819.5347752355,6090933.430122487],[695826.8806519412,6090938.107635193],[695839.3394874424,6090939.455413161],[695860.8317893236,6090953.304396841],[695882.047672327,6090964.257032942],[695904.2093087712,6090969.254203867],[695915.1351052838,6090979.351451265],[695936.7152013963,6090987.0588531345],[695977.9416703742,6090998.7574505415],[696020.1375557918,6091005.588283969],[696034.5389832156,6091006.140049466],[696039.4559767261,6090998.712160295],[696040.7189178036,6090982.108003806],[696038.3399508876,6090977.210952429],[696003.9470129973,6090976.777869213],[695970.9070280519,6090968.780376911],[695928.5040792958,6090962.586384719],[695896.3084816972,6090948.877269518],[695841.5003465847,6090914.329508377],[695812.4125854505,6090904.310671687],[695778.7183544991,6090880.922162531],[695784.7220389195,6090875.070795129],[695799.5736834618,6090860.562059632],[695862.0541166167,6090885.361905296],[695889.4862249519,6090893.58403307],[695942.4926238584,6090905.240570252],[696005.3550295089,6090912.16146947],[696042.6922545657,6090914.046735849],[696047.363929104,6090910.06602263],[696049.1562451614,6090892.910808219],[696045.3888336669,6090888.685831439],[696002.9076240045,6090889.396208381],[695975.5718156201,6090885.256027293],[695936.7985599021,6090871.680849022],[695901.8643568067,6090856.505759716],[695849.930211016,6090824.704870496],[695810.5983567141,6090805.755304962],[695760.6273334213,6090794.7855662415],[695754.333588301,6090788.689805634],[695743.9423678268,6090792.999290684],[695753.9031557159,6090803.973487265],[695746.162658952,6090810.606756363],[695709.6922312643,6090795.241083182],[695706.8782554131,6090791.720841475],[695701.4101474055,6090771.328129507],[695704.4370431273,6090761.132204145],[695734.658147749,6090764.029096961],[695739.6385554617,6090774.255706802],[695744.0894473444,6090770.2892529955],[695748.8900974398,6090757.152459947],[695784.0134364049,6090756.500824695],[695794.1477873379,6090760.373571023],[695805.0744324881,6090750.880321572],[695828.0606616146,6090753.496943414],[695819.6924569805,6090746.68353424],[695822.38425987,6090736.513448143],[695818.4096664481,6090727.660356773],[695790.5261981848,6090717.940889112],[695766.7211998431,6090716.941961987],[695756.3277187297,6090706.405090237],[695713.1861449372,6090691.416974843],[695703.518310961,6090684.09217009],[695695.2949541311,6090685.694061464],[695690.0202228175,6090641.204268123],[695675.6283739342,6090601.396211933],[695702.2395344693,6090586.269374799],[695765.5528783707,6090580.3727621185],[695844.7440263764,6090575.981669461],[695896.4345364679,6090577.006549522],[695949.9723909417,6090592.84670262],[695981.2628327606,6090599.700858053],[696050.6010063895,6090606.80600122],[696075.1902666355,6090603.908035509],[696077.8010659906,6090594.5861214],[696074.6553477198,6090589.491818601],[696067.9652741605,6090590.065340002],[696028.0490287733,6090583.836402598],[696005.465333217,6090579.379003706],[695914.5416831805,6090554.445416277],[695855.5180463404,6090544.752224949],[695797.6392800924,6090547.731379889],[695773.1309213869,6090544.171056237],[695781.7095008814,6090521.380079795],[695770.4565768456,6090520.759535717],[695764.6795113252,6090523.694374521],[695768.4856269999,6090539.5371538475],[695758.8680339734,6090544.694975469],[695739.3711772682,6090542.969827328],[695739.9421832063,6090549.245756667],[695693.7390212722,6090553.347264982],[695678.9096002561,6090535.8648679145],[695676.7567134715,6090410.433306679],[695702.9858000472,6090410.737895181],[695703.1740262458,6090399.747820837],[695676.5392046742,6090397.96368549],[695675.6599629668,6090346.959823538],[695685.1638189091,6090346.753358513],[695706.098146053,6090355.349651618],[695728.037451746,6090349.486928975],[695746.6477230173,6090330.784936395],[695779.0731696294,6090310.275660766],[695827.8493275092,6090286.396850627],[695851.7260993976,6090280.928895008],[695902.8001628417,6090292.953035932],[695930.2763996175,6090303.9832649315],[695981.6717130326,6090330.409238787],[695977.4775868729,6090316.723797167],[695920.9944695052,6090284.594542112],[695886.1590765915,6090273.5103841955],[695867.6091154492,6090265.513819411],[695853.1362019612,6090256.358804651],[695849.4834495232,6090267.210276426],[695829.7520021102,6090274.309026618],[695794.8629816622,6090290.5650972705],[695769.9167766613,6090297.349159138],[695731.2901000275,6090330.039608143],[695707.7312429472,6090340.672388791],[695691.3460005049,6090332.637732077],[695675.4610322849,6090335.345606704],[695688.80291355,6090235.940027226],[695686.2057750487,6090216.070979439],[695695.1105305247,6090207.598485453],[695736.9439485618,6090202.494146621],[695757.3563854682,6090196.562182032],[695760.8426990171,6090187.872498171],[695756.4870979476,6090176.562567833],[695732.3634752656,6090160.83575736],[695753.0183107904,6090151.32645281],[695781.8822218123,6090136.075895288],[695814.7509251822,6090138.096235865],[695850.3320980466,6090141.778399432],[695871.7066364173,6090145.034507012],[695882.430939301,6090151.871018796],[695901.4303873,6090180.192570397],[695894.3606284035,6090198.0020808745],[695885.8375602168,6090208.940892162],[695876.8706295022,6090214.196346377],[695867.3462005631,6090218.710429061],[695861.8041301921,6090222.2727914145],[695857.1593018738,6090232.3830539305],[695855.0153805737,6090243.192417825],[695864.2162832762,6090248.694646103],[695874.9610717592,6090250.507492661],[695884.8478883974,6090247.929701189],[695890.0555155866,6090243.714136384],[695887.8905223315,6090223.751998825],[695900.7477285514,6090208.402658815],[695904.8353512534,6090202.825401864],[695907.6411628274,6090192.652784698],[695914.8542178695,6090181.081982058],[695908.8899461536,6090175.39778061],[695900.4964904706,6090167.403629123],[695889.2048113911,6090155.165544121],[695889.6582820286,6090146.21618114],[695891.5109320299,6090144.454963991],[695870.0066966354,6090112.094861671],[695841.0479302243,6090109.999013528],[695808.42164268,6090104.745611813],[695769.42087693,6090115.267789239],[695723.6073686208,6090138.951728747],[695695.3372188928,6090161.882174747],[695672.065227404,6090174.117951765],[695667.3678530977,6090181.466471247],[695661.028962035,6090177.483268276],[695656.5322201336,6090181.432093078],[695648.5509156954,6090181.168259701],[695639.4970783263,6090173.299852306],[695627.5117649295,6090165.969524132],[695613.3212774631,6090161.021944085],[695571.2603445018,6090168.632968508],[695534.695538232,6090170.915207446],[695482.0868645225,6090191.759349869],[695449.4930495586,6090200.299191989],[695446.8334898362,6090203.882459749],[695443.6567372037,6090207.876946336],[695440.5228846673,6090211.740269095],[695437.910770642,6090214.699252876],[695434.8827136292,6090217.816097066],[695432.1063128683,6090220.58329618],[695429.0529671605,6090223.589059738],[695426.5709230849,6090225.866152739],[695423.107078558,6090229.280817684],[695420.5819707424,6090232.033258269],[695417.4763213154,6090235.440149192],[695414.4306752883,6090239.152711541],[695410.852028758,6090243.602412224],[695408.2676443935,6090247.13752432],[695405.5755952046,6090250.981945706],[695402.8226170262,6090255.181173634],[695400.2031886895,6090259.210062716],[695398.0225222568,6090262.727110762],[695395.8472999949,6090266.495200934],[695394.02761154,6090269.781162811],[695391.433429953,6090275.3257685285],[695385.0645421483,6090289.640560322],[695381.5568221399,6090298.767741773],[695380.5949761515,6090300.82579913],[695379.9697519764,6090301.881213477],[695379.1850848101,6090302.967993047],[695378.0211661418,6090304.146719202],[695377.0018082388,6090304.959521654],[695375.7678428362,6090305.72116548],[695374.4037095781,6090306.457725792],[695373.0215099817,6090307.064446213],[695371.4236945066,6090307.573518415],[695369.763294836,6090308.009529762],[695368.3565751988,6090308.188877662],[695367.464072691,6090308.171026988],[695366.8387201388,6090308.165986295],[695365.4712750616,6090308.046809807],[695364.3537206368,6090307.847795086],[695363.4178682264,6090307.589025697],[695361.9737647598,6090307.099421286],[695360.3044079631,6090306.419354912],[695359.2086677625,6090305.819869609],[695357.6439516847,6090304.691025125],[695356.5804704069,6090303.821074567],[695355.5321903055,6090302.5973086385],[695354.7055339008,6090301.396642669],[695354.0218679598,6090300.109155131],[695353.4214317896,6090298.791955672],[695352.9266860147,6090297.425952673],[695352.5601328282,6090296.345539171],[695352.2549535964,6090295.282399064],[695351.8793260849,6090293.783581026],[695351.3794562799,6090291.478161683],[695350.6763080629,6090288.237623656],[695350.0457851277,6090285.181555515],[695349.5916024279,6090282.521659672],[695349.233472124,6090279.720146852],[695349.0016005824,6090277.81821411],[695348.8144901708,6090276.222284894],[695348.3703848367,6090272.269157467],[695347.9468424491,6090267.506288148],[695347.7162168219,6090264.255501851],[695347.6627847545,6090263.549689554],[695347.5886239766,6090262.239680457],[695347.5131287529,6090259.813430081],[695347.4577987945,6090258.316967538],[695347.4074271079,6090256.345982609],[695347.4311686755,6090253.573396642],[695347.4879691516,6090248.809411751],[695347.6013093628,6090245.597676674],[695347.6225184007,6090245.1693130955],[695347.7130777428,6090242.665043223],[695347.9594842279,6090238.557405917],[695348.381096233,6090233.738997484],[695348.4942820497,6090232.62957465],[695348.7000079809,6090230.5135015175],[695348.9240428222,6090228.8900506515],[695349.2034012692,6090227.004936816],[695349.434897188,6090225.725507437],[695336.1931650171,6090220.924359317],[695318.778095326,6090199.478944134],[695315.3153804742,6090176.223988516],[695304.8883032735,6090177.79892063],[695304.462605413,6090175.045383098],[695302.653796114,6090175.317161158],[695299.0543487486,6090152.083771052],[695295.8705684599,6090131.492508166],[695295.3828569576,6090128.340318209],[695284.5210070111,6090058.167099937],[695284.042938373,6090055.107722925],[695282.4594610529,6090043.616567884],[695282.7478534317,6090043.554501342],[695278.2044451539,6090014.76022153],[695270.7783270039,6090015.125881929],[695271.4065251574,6090013.856457947],[695246.4211824466,6090017.756251489],[695248.221245556,6090018.489315175],[695238.4997948661,6090020.951203005],[695229.4035768239,6090041.352864581],[695232.9989098231,6090042.9493341455],[695232.4759886668,6090044.151357109],[695231.9474994494,6090045.800008601],[695183.5481996847,6090153.564353548],[695187.9596744124,6090155.524548767],[695175.4600576672,6090183.553309569],[695170.9264319204,6090181.586452274],[695112.0455919603,6090313.130665602],[695107.4782019076,6090313.127276495],[695105.4180380667,6090317.636974201],[695099.3518533128,6090331.163587617],[695084.4277417894,6090364.509758029],[695089.0033205354,6090363.833920125],[695074.1775510482,6090396.796544402],[695070.6731687225,6090395.179431066],[695058.8764112934,6090421.192773526],[695056.6345475733,6090426.469173642],[695050.0574549055,6090441.057957342],[695048.835239206,6090443.772766978],[695043.4795628554,6090455.963027601],[695034.6529801877,6090456.814602457],[695026.5674884319,6090457.733843292],[695018.158299281,6090458.846129386],[695012.8000752479,6090459.650498403],[695005.0662003984,6090460.96210306],[694996.9308022545,6090462.394019697],[694996.6042876198,6090462.456901327],[694989.8002257327,6090463.74836429],[694983.8561785417,6090464.965392634],[694978.0579438481,6090466.225771885],[694971.700751567,6090467.730801459],[694966.0726007833,6090469.0991180185],[694959.263551149,6090470.865078652],[694953.5932904201,6090472.40173858],[694947.5531986549,6090474.113838742],[694944.3709004398,6090475.047816451],[694942.6587132749,6090475.559284316],[694938.749985743,6090476.750838754],[694934.1525335185,6090478.180549174],[694930.2379933363,6090479.455945548],[694926.2127518753,6090480.901175658],[694921.7857848685,6090482.457421335],[694918.1231520779,6090483.745965578],[694914.1963825268,6090485.161152601],[694908.1681460959,6090487.421799723],[694907.8640451373,6090486.758619985],[694904.1388744803,6090488.681062341],[694896.1016983925,6090492.892123348],[694886.2691110269,6090497.997824847],[694880.9689457443,6090500.782229394],[694873.7897357091,6090504.472387655],[694869.235239525,6090506.831355672],[694861.6490861899,6090510.744258033],[694854.5703481975,6090514.497341984],[694846.638621959,6090518.65026146],[694840.5394039241,6090521.861221943],[694833.577524486,6090524.672237038],[694828.1959052753,6090527.569996737],[694823.0493426681,6090530.406855938],[694819.4946256683,6090532.455805313],[694815.8584835937,6090534.618140705],[694812.0271969212,6090536.924228012],[694808.1229105078,6090539.380727645],[694804.1753058418,6090541.949788765],[694800.2595924957,6090544.5832738215],[694796.0444451203,6090547.474391907],[694791.4530447272,6090550.596897075],[694787.1179580736,6090553.583626288],[694782.6920135007,6090556.60022449],[694778.5300046891,6090559.480882375],[694773.7653076599,6090562.70014693],[694769.2725698801,6090565.801902019],[694763.8109247291,6090569.585060273],[694758.272456666,6090573.341969227],[694749.8541332716,6090578.975066145],[694744.3547666001,6090582.777631432],[694738.0864399121,6090586.987509167],[694734.5690024912,6090589.351891299],[694730.5325102026,6090592.043767445],[694727.1967801868,6090594.348405196],[694717.8113163271,6090600.74655227],[694688.9029376039,6090620.431593938],[694654.0369085309,6090644.245217077],[694638.4663599299,6090654.832679845],[694634.4988069535,6090657.54162387],[694631.0142129455,6090660.016878602],[694628.0717434384,6090662.173446579],[694625.2752883416,6090664.382672042],[694622.2917065979,6090666.7540767025],[694619.1390533426,6090669.417501042],[694615.9075822404,6090672.315181838],[694612.9625165553,6090675.057838816],[694609.7641391234,6090678.075730733],[694607.0035954148,6090680.888816811],[694604.1768656479,6090683.814958055],[694601.4891309466,6090686.82181544],[694598.4036852714,6090690.479114657],[694595.9233373642,6090693.555907728],[694593.9494088194,6090696.072931208],[694592.06372525,6090698.439212875],[694590.9367691698,6090699.9240008],[694588.6341237134,6090703.108579288],[694586.7285950227,6090705.968304586],[694584.7207804519,6090709.034887053],[694583.0972399919,6090711.535037039],[694581.5280542735,6090714.08052358],[694579.8732319053,6090716.897623111],[694577.8975153712,6090720.3914112905],[694576.198777803,6090723.646661591],[694574.4719621822,6090727.014144247],[694572.995445469,6090729.966923853],[694571.7353370575,6090732.701078598],[694570.4038308295,6090735.660027809],[694569.0083474467,6090738.834308977],[694567.6411500222,6090742.259138119],[694566.4143453377,6090745.476286553],[694565.1887445643,6090748.749221899],[694563.890148131,6090752.526051901],[694562.8775507403,6090755.775782043],[694561.7708908396,6090759.26009829],[694560.9211584555,6090762.636541327],[694560.139618929,6090765.992907081],[694559.2662345809,6090770.0396184325],[694558.385629212,6090774.105089956],[694557.5030236661,6090778.431065869],[694557.0941237079,6090781.035208046],[694556.6258737036,6090784.422015976],[694556.3804425442,6090787.180764951],[694556.1823391155,6090789.659426062],[694555.886619634,6090794.679693401],[694555.6684877451,6090798.349467405],[694555.4778304456,6090801.879115162],[694555.3920784309,6090805.676260857],[694555.4009996938,6090809.620196989],[694555.4694718727,6090812.790765213],[694555.5031973564,6090813.999321634],[694555.5782700327,6090816.416269868],[694555.7131375424,6090819.836563323],[694555.9639374939,6090823.328770589],[694556.2656715502,6090826.354768341],[694556.6500486973,6090829.676651398],[694557.0813526956,6090832.699850908],[694557.5112599101,6090836.011448465],[694557.8783689189,6090838.533716036],[694558.3608169862,6090841.45348688],[694558.7810778155,6090843.9653043505],[694559.2637184819,6090846.5408899635],[694559.9728206611,6090849.716227166],[694560.7051901377,6090852.909666217],[694561.5912001705,6090856.155600263],[694562.6948458448,6090859.945663275],[694564.9139782509,6090867.720879266],[694569.816825029,6090885.010088155],[694573.5299756705,6090898.055284318],[694577.919331903,6090913.457933294],[694579.818962025,6090913.147141463],[694582.5112030988,6090925.879505761],[694581.5630936713,6090926.113933703],[694585.1779834284,6090938.844974157],[694591.1520673506,6090959.831913572],[694594.8931571073,6090973.109054629],[694600.9587424218,6090994.094012936],[694604.855718697,6091007.879404334],[694611.1279390124,6091028.897103035],[694618.6790257192,6091055.459185634],[694619.9159114683,6091059.767288053],[694621.5104683822,6091065.4536905065],[694622.6741497297,6091069.90290685],[694623.2402447343,6091072.10459964],[694623.7794674814,6091074.474312333],[694624.4575132666,6091077.622410202],[694625.2069794091,6091081.252679149],[694625.9538453829,6091085.115558996],[694626.550661892,6091088.386339953],[694627.2116785871,6091092.158052335],[694627.8315625687,6091095.437637113],[694628.3425298699,6091098.617250605],[694628.7634187224,6091101.156958792],[694629.1488089688,6091103.8183622975],[694629.4894717692,6091106.527242958],[694629.7372544238,6091108.819531439],[694629.9832609675,6091112.088588327],[694630.2318682021,6091115.125034247],[694630.4092769845,6091118.395572973],[694630.5511659564,6091121.080840982],[694630.6846295306,6091123.729082225],[694630.8784856452,6091133.761958217],[694630.8058786335,6091140.637845492],[694630.7398159035,6091144.992697717],[694630.6075130062,6091147.693190949],[694630.3747489183,6091151.391188698],[694630.1162961489,6091154.6060274355],[694629.883912457,6091157.615654812],[694629.5420185552,6091160.850900347],[694629.0494913798,6091164.1731195],[694628.5142545477,6091167.989277256],[694627.831999319,6091172.059769886],[694627.2205408254,6091175.877573954],[694626.6243156239,6091179.341565666],[694626.0068203766,6091182.526951062],[694625.1360196141,6091186.694537966],[694624.1272175794,6091190.827896927],[694621.6023762564,6091200.324157717],[694620.0285728867,6091205.83714208],[694618.4365009288,6091210.857504604],[694617.3596767501,6091214.313271811],[694616.5157025347,6091216.898905737],[694615.6103495094,6091219.467260946],[694614.5150559829,6091222.421108405],[694613.33130915,6091225.516399053],[694612.0773560457,6091228.538788388],[694609.4860057684,6091234.60397303],[694604.1757173433,6091246.476633685],[694600.1536801062,6091255.502904059],[694593.1136402529,6091271.319833098],[694581.5374243371,6091297.076429082],[694570.8340415547,6091321.232785531],[694560.1564607879,6091344.821134346],[694552.0421822924,6091362.810019717],[694548.4911844403,6091370.700524086],[694536.6850341707,6091397.122461241],[694523.8654836284,6091425.705756137],[694511.8630102528,6091452.578391904],[694501.1265247437,6091476.279543487],[694487.8179100504,6091505.887262575],[694477.4674148564,6091529.105633842],[694478.9912856788,6091529.751803698],[694474.2432630796,6091540.486661718],[694472.574165088,6091539.825020891],[694463.7355972355,6091559.606144872],[694449.6843452989,6091590.857694248],[694439.2042581973,6091614.088104369],[694427.5053338697,6091640.20986389],[694415.986666971,6091665.8533032015],[694406.9267799009,6091685.639126329],[694407.588128686,6091685.894621596],[694401.1866468192,6091700.237130266],[694366.9927002508,6091725.746383669],[694313.0167563963,6091766.825982047],[694243.4904720797,6091819.923921214],[694186.2635143492,6091863.426198754],[694170.3885018597,6091875.581983237],[694174.5885656766,6091903.807228899],[694121.6621205587,6091912.621700967],[694043.0693415145,6091972.60146264],[694021.6282919518,6092021.313268507],[693995.7974635304,6092009.590506963],[693900.23116551,6092082.529328513],[693817.7239538945,6092145.381772542],[693777.0848003218,6092176.320062969],[693777.3433511629,6092176.640078234],[693764.9346403845,6092186.190370797],[693749.2991844346,6092188.610172251],[693749.2524755262,6092188.211185366],[693642.8964232099,6092204.608180406],[693490.598297707,6092228.092474069],[693406.4160388059,6092241.145528595],[693377.5994311152,6092245.577700584],[693354.5060907116,6092249.105625734],[693347.6652262165,6092250.173284773],[693340.1677936014,6092251.2085122],[693332.4492954913,6092252.248475198],[693327.6040766056,6092252.845415482],[693323.4250858233,6092253.214115098],[693319.060951464,6092253.4844609],[693315.0601238498,6092253.62608516],[693310.8593059846,6092253.688278225],[693306.8793529548,6092253.736430278],[693302.3850761503,6092253.62817369],[693297.1706574986,6092253.3679217445],[693293.3969678032,6092253.076769229],[693289.7129587076,6092252.6999731455],[693284.7356949756,6092252.118357314],[693279.9311667442,6092251.412107487],[693275.4293622011,6092250.597040655],[693270.0672146028,6092249.493451536],[693264.8705791639,6092248.283987369],[693259.7638251182,6092246.998176387],[693254.3981408664,6092245.373737449],[693250.0282192751,6092243.9511951795],[693245.0254474276,6092242.179438403],[693239.7113830794,6092240.116686494],[693235.1948857433,6092238.260082124],[693230.7145114527,6092236.309680357],[693225.9210512721,6092233.984603293],[693222.1957452443,6092232.036614114],[693218.0068890781,6092229.810196469],[693214.2296704344,6092227.574952622],[693210.0956226633,6092225.058992136],[693206.4143164391,6092222.672855927],[693202.8004221931,6092220.229460809],[693198.478897606,6092217.150087349],[693194.4169520297,6092214.08375203],[693190.4830035291,6092210.940254831],[693186.3344717167,6092207.392064084],[693182.658311079,6092204.177923743],[693179.241728656,6092200.976822523],[693175.6097661336,6092197.3338367045],[693172.1607548494,6092193.686928427],[693168.7940033842,6092189.963839337],[693165.5030845108,6092186.220519732],[693162.417187846,6092182.435596772],[693159.757922444,6092178.985706368],[693156.5130490134,6092174.543741329],[693153.6803581777,6092170.474326973],[693151.1872584589,6092166.592977798],[693148.9302178874,6092163.050746014],[693146.4285541337,6092158.769589983],[693144.2373842065,6092154.742237631],[693141.6363323183,6092149.737648455],[693139.4328130756,6092145.133831076],[693137.5341565182,6092140.876959141],[693135.3676112336,6092135.8630573],[693133.9435122916,6092132.042515028],[693132.2679655452,6092127.5204030685],[693130.9824737974,6092123.762004773],[693129.5648572488,6092119.532031724],[693127.5860049902,6092113.667617532],[693122.019434558,6092096.9687462915],[693115.7854333478,6092077.949352845],[693110.7817787983,6092062.6058196835],[693103.720895964,6092041.2972228415],[693097.9348450715,6092023.961199953],[693091.3484556442,6092003.795886781],[693084.7314022076,6091983.621924909],[693029.2589250143,6091977.936002469],[693007.163075651,6091975.665125824],[693002.7522582393,6091975.173556939],[692998.4293292634,6091974.512666538],[692995.832505926,6091973.972945113],[692992.7873966384,6091973.154458666],[692989.9840227059,6091972.228471894],[692986.8320551711,6091971.049491117],[692983.9595383229,6091969.743598362],[692980.7929815422,6091968.239355593],[692978.4646609885,6091967.061339188],[692976.1082967506,6091965.642068941],[692973.4490755936,6091963.968825139],[692970.9311021285,6091962.125118966],[692968.5948786156,6091960.221708128],[692966.3248708725,6091958.205254139],[692964.1517685732,6091956.084402008],[692961.9141027891,6091953.797494585],[692958.3850598625,6091949.9661869295],[692946.1269774591,6091937.363877154],[692924.891882817,6091915.447020382],[692890.8751116248,6091880.325014807],[692862.2891110694,6091850.584192697],[692854.0935659334,6091842.145872071],[692851.5226152982,6091839.605615055],[692849.8176643247,6091837.977031507],[692848.155402899,6091836.561481554],[692846.3133846838,6091835.298610978],[692844.27616565,6091834.179448098],[692842.06502168,6091833.129121006],[692839.8147087474,6091832.386599584],[692837.2167442496,6091831.791047693],[692834.9671656941,6091831.439195951],[692832.2876791466,6091831.310490128],[692829.4607158877,6091831.417490654],[692826.9827347922,6091831.796084877],[692824.7215663929,6091832.328174313],[692822.2960841244,6091833.021913951],[692820.1873029782,6091833.9042199105],[692818.3195943936,6091835.004616752],[692816.26689226,6091836.369428958],[692814.0157416406,6091838.082662794],[692812.2055036081,6091839.730650133],[692806.7020773776,6091845.197080649],[692790.8370186912,6091860.7453609165],[692779.2138088724,6091872.1006637635],[692777.2978361669,6091873.7974152835],[692775.228814794,6091875.46953406],[692773.0262312951,6091876.958468193],[692770.8331245341,6091878.1774394065],[692768.7251237314,6091879.096923815],[692766.4396157833,6091879.917881988],[692763.982234521,6091880.5471727345],[692761.8933868774,6091880.936028633],[692759.458142674,6091881.174158293],[692757.2921401726,6091881.164675029],[692755.223640136,6091881.078689344],[692753.0213803116,6091880.8002209775],[692750.8995881923,6091880.361896077],[692749.1663483358,6091879.905958215],[692747.2999455477,6091879.285431146],[692745.2859302671,6091878.537832048],[692743.2743676143,6091877.548326659],[692741.289915144,6091876.400106118],[692739.489001244,6091875.275865966],[692738.0299099465,6091874.088502604],[692736.4663567888,6091872.652217688],[692735.1607780214,6091871.154602993],[692733.7463628866,6091869.203515144],[692732.4735289601,6091867.454044364],[692731.4492570973,6091865.559726807],[692730.5160585721,6091863.64485733],[692729.6783743731,6091861.560508132],[692728.8721749324,6091859.5219958015],[692727.8685857108,6091856.455176868],[692724.844962642,6091847.366619133],[692719.9438237244,6091832.857906746],[692718.9985683294,6091830.02239092],[692718.2911354776,6091827.609683604],[692717.8317322744,6091825.740493247],[692717.5209349182,6091824.04486394],[692717.2723776109,6091822.050237915],[692717.1136998791,6091819.979273372],[692717.1792564016,6091818.052346414],[692717.3744623451,6091815.769168854],[692717.651858286,6091813.763295232],[692718.0736172849,6091812.089208273],[692718.7762825468,6091809.9998236615],[692719.4522353328,6091808.087749243],[692720.3783385318,6091806.105210774],[692721.3160405861,6091804.308465209],[692722.0943985411,6091802.9058134705],[692723.0490679224,6091801.545901349],[692724.3028704879,6091799.909832282],[692725.4432629326,6091798.676176734],[692728.5411783376,6091795.5495478725],[692742.7659892522,6091781.041079013],[692746.2027278622,6091777.711853225],[692748.7899907482,6091775.312396835],[692751.4845635326,6091772.9385505],[692753.7403470568,6091771.085701848],[692756.7783263023,6091768.723112572],[692759.9298455019,6091766.32088529],[692763.8821848382,6091763.56665271],[692767.8162288812,6091761.02675691],[692771.3094955796,6091758.914880749],[692775.3991672297,6091756.520485177],[692779.9417444323,6091754.2652317695],[692784.2238984262,6091752.3132130345],[692789.1220773985,6091750.282898797],[692801.9691290831,6091745.52445275],[692814.2951925513,6091741.00968633],[692821.1494073033,6091738.444492227],[692827.7653952262,6091735.43789126],[692839.4454882151,6091728.8904573675],[692852.9431021677,6091718.89955562],[692862.2459476899,6091707.817046626],[692870.1319776897,6091695.741623292],[692874.8825016776,6091690.0214993395],[692879.562313464,6091677.7914397055],[692882.1986942259,6091664.507471535],[692885.8987749424,6091648.903122846],[692890.0579972136,6091638.005091454],[692893.0717203468,6091623.113084571],[692895.5782205982,6091610.17606576],[692900.3390864948,6091594.967592223],[692899.5715444777,6091588.323741705],[692894.751840255,6091584.752598509],[692885.2868265533,6091584.331967233],[692876.2387921206,6091587.71624852],[692875.9176777904,6091592.309040915],[692870.7206176361,6091598.541038804],[692864.3539195056,6091598.937765159],[692853.9758194921,6091607.875916781],[692847.5230671171,6091611.734840706],[692836.8340581324,6091619.330824859],[692822.978335504,6091629.329375421],[692805.0883608218,6091632.549299127],[692792.0002725295,6091628.885250488],[692783.4946955452,6091634.815894384],[692775.2371221402,6091639.150571781],[692763.5031108604,6091637.11328093],[692751.4751061442,6091624.896509767],[692745.1499136153,6091615.469289299],[692745.10037035,6091606.735716277],[692745.8960321947,6091595.09112416],[692745.9887126472,6091583.024371621],[692740.0931200213,6091574.071667088],[692738.620656419,6091564.05693884],[692729.289613933,6091554.210295526],[692723.8162633623,6091545.388081994],[692716.5627594049,6091538.548068081],[692700.0670936091,6091538.138077266],[692679.7537299411,6091538.5724593],[692659.3034618399,6091545.800221806],[692645.7027173206,6091557.383695589],[692638.4660388583,6091567.379976749],[692639.4117336674,6091575.945553431],[692646.4893696513,6091581.338266809],[692652.1047014962,6091590.027259031],[692661.9071625476,6091608.728755787],[692666.3755670871,6091622.623505958],[692649.229890683,6091637.473373093],[692620.9872954624,6091647.98380542],[692611.5203175372,6091648.186163038],[692592.5098665778,6091653.931858636],[692580.0342795054,6091660.012262758],[692567.4203916581,6091675.323233235],[692563.97897213,6091683.78721883],[692562.1011986609,6091699.761747943],[692563.3597749443,6091710.125237808],[692565.7053274515,6091715.684248952],[692571.9771365814,6091722.619778762],[692582.5649136775,6091729.184008779],[692592.48172684,6091740.748463865],[692596.8220781757,6091754.720395872],[692599.5887224062,6091767.1353104375],[692597.4247767859,6091782.920620817],[692593.7078124316,6091794.9066775665],[692586.6280636494,6091802.26706489],[692577.1391594706,6091807.874332298],[692566.0605764567,6091810.464487658],[692554.4978593211,6091809.669727981],[692534.6131320593,6091804.494756103],[692517.3058248571,6091799.31119086],[692504.0196629524,6091792.804525136],[692487.5577094529,6091784.709913114],[692453.3581963236,6091767.347883806],[692445.7870310392,6091761.342321834],[692419.7642723005,6091745.126441885],[692393.990852053,6091737.370019434],[692370.273341113,6091734.8252863195],[692346.7367001659,6091753.6154880375],[692333.6223978996,6091791.596518559],[692312.6894784594,6091828.060707628],[692281.4687633541,6091865.59083009],[692265.1951448934,6091885.621116139],[692237.0653174281,6091885.384025568],[692184.6841366799,6091896.203238954],[692171.3483685519,6091884.860100387],[692178.345999702,6091860.041930631],[692175.7168443489,6091841.531170873],[692152.2778545378,6091825.947788373],[692122.4245629277,6091809.961582908],[692101.8477281334,6091810.939757466],[692087.1737863513,6091840.916663654],[692089.8601402906,6091862.477278132],[692070.9791782163,6091891.148517728],[692017.6248994827,6091908.917480869],[691954.5168913298,6091926.335751874],[691908.3387328631,6091940.900133607],[691880.895126524,6091946.749419939],[691856.5654294043,6091993.5541248685],[691831.4066203977,6092002.1359037645],[691818.8293946134,6091999.901372429],[691793.9642502388,6092009.025610501],[691793.4044616583,6092021.781249153],[691746.8088922006,6092043.283617459],[691730.1162624077,6092056.949892549],[691683.7542085889,6092062.912636286],[691662.4743541571,6092070.3044840675],[691650.0428153793,6092081.377748499],[691637.6036233327,6092092.4511564085],[691615.9236111633,6092094.298115952],[691577.2689314298,6092082.924981913],[691559.0718960712,6092065.293851987],[691546.7622692068,6092036.179853411],[691539.0365199782,6091986.997085062],[691526.2950450747,6091924.6376900915],[691507.6327917388,6091871.817700883],[691495.9678052044,6091833.546112843],[691463.4879170768,6091799.03757913],[691439.1024308982,6091791.239683806],[691415.2789667859,6091770.407031642],[691382.9091479527,6091757.932259619],[691359.4942196314,6091752.736702042],[691306.2921975544,6091764.396109122],[691256.9499908503,6091774.317527499],[691230.9973259447,6091784.291176975],[691223.2689741165,6091788.445712162],[691183.0949431729,6091809.967039324],[691158.2105420552,6091811.350707293],[691147.7584860362,6091807.898142386],[691143.0168145073,6091802.2222062275],[691128.7490354688,6091800.794660829],[691122.6112290231,6091785.381279079],[691142.1177708429,6091765.228814926],[691140.9278464918,6091738.250490956],[691138.5611178384,6091718.348006086],[691137.9089343298,6091687.6002862975],[691140.4445670925,6091668.728654333],[691135.162728912,6091637.223352777],[691130.3327868008,6091626.302985955],[691129.3427182378,6091623.48689036],[691119.3574713764,6091600.685647566],[691113.5926190384,6091584.873672119],[691111.7487674507,6091577.39680119],[691109.4384901623,6091566.2648533005],[691106.6780817854,6091550.807742089],[691102.4655449663,6091519.735544365],[691089.3299707776,6091503.354321242],[691069.0615808447,6091501.579563573],[691042.2808364367,6091512.388842028],[691000.9186199005,6091539.329738018],[690986.4630720789,6091572.555715254],[690979.8263727085,6091593.672257934],[690964.35512447,6091597.330237316],[690952.6416919391,6091620.703088196],[690956.3862686437,6091639.432260726],[690971.9676388616,6091659.677955444],[690970.5994768543,6091696.951921164],[690954.0607849357,6091762.164817935],[690953.1068858004,6091766.091845053],[690945.6861762318,6091763.895695191],[690943.4201590845,6091768.520262886],[690947.4811595457,6091796.423744997],[690955.8843308114,6091809.714892556],[690957.7648063693,6091828.641696559],[690948.1557694543,6091834.379958365],[690937.7951431933,6091838.478388881],[690920.1262671531,6091838.852732737],[690875.1578223249,6091838.558847036],[690854.6921806734,6091838.303956689],[690844.1301887573,6091826.053748153],[690841.0024707173,6091816.278542187],[690838.445339499,6091800.677545825],[690831.5373908429,6091790.284745229],[690818.5072054195,6091773.110245844],[690802.7857527414,6091763.527275635],[690799.3427439672,6091760.8281997265],[690785.926793717,6091754.963668888],[690780.5972485391,6091750.323216183],[690764.9310086938,6091748.747974426],[690750.6438848649,6091751.441002998],[690743.3559740998,6091758.757748707],[690741.5102177731,6091763.06640028],[690733.7264008119,6091771.454052832],[690730.8726784277,6091783.625557215],[690719.831242631,6091790.147342702],[690718.435552832,6091796.985887959],[690702.3467843612,6091807.158500274],[690678.9054832791,6091802.138489481],[690667.4944526372,6091793.357068401],[690654.6883469927,6091787.479442131],[690639.0273874758,6091787.5968165845],[690620.7348259354,6091801.741308048],[690613.6310673142,6091813.444547981],[690603.8325868655,6091824.655963531],[690589.5206968948,6091830.5119006075],[690583.4735629666,6091833.765232466],[690579.3643767976,6091839.228639621],[690581.9054963362,6091846.160636624],[690587.2435899342,6091850.847531771],[690603.1567227168,6091860.845403083],[690608.1374909469,6091869.548969576],[690615.6092485636,6091878.125430432],[690627.2394947729,6091890.418406351],[690632.2063798386,6091900.266390895],[690640.649457064,6091921.231042493],[690645.8174527888,6091933.7351146415],[690649.8438551916,6091943.463458215],[690650.6798455716,6091959.9101636605],[690643.8413513161,6091969.738122366],[690635.3810251405,6091973.916912019],[690624.9076330928,6091980.268411873],[690615.626348839,6091994.66874492],[690609.017536365,6091999.133913232],[690599.9546470422,6092002.227785334],[690593.9021206002,6092007.03464943],[690589.887101924,6092020.560820375],[690583.9351356587,6092029.402578939],[690575.1666129606,6092039.20617722],[690570.138148095,6092051.33057408],[690573.4099284994,6092059.995883226],[690572.7863731345,6092070.538829547],[690588.8357463263,6092079.389730228],[690590.7328748059,6092092.288567517],[690588.683787876,6092103.577908506],[690583.9783258487,6092108.979501916],[690576.4618843469,6092116.328820125],[690570.9880984606,6092133.001960829],[690560.0798718779,6092175.4260558905],[690551.823073465,6092207.999165626],[690522.1377425708,6092249.2853483055],[690507.5375338001,6092280.141409524],[690506.2011335556,6092317.219128272],[690503.2263179747,6092350.387467612],[690497.9476730879,6092377.390825823],[690479.228984343,6092406.445573607],[690460.4441590111,6092419.74425919],[690435.465844258,6092413.872327259],[690428.4701378627,6092417.731584519],[690405.2370981381,6092426.966178995],[690379.776504905,6092435.810571276],[690365.6848380759,6092444.563615361],[690360.8144998382,6092456.256629022],[690360.8179512897,6092463.642256046],[690360.4268725663,6092476.180159636],[690361.6094735484,6092484.871053902],[690366.532859225,6092495.910737775],[690372.0569060403,6092502.891411725],[690384.5436638019,6092507.334436664],[690402.5728630866,6092524.320244462],[690412.447339878,6092538.678418122],[690433.2721245112,6092543.949844636],[690454.1525534849,6092541.025080444],[690469.1914425911,6092540.642197571],[690487.9941506742,6092540.08673143],[690515.5311571511,6092543.234816803],[690523.5474678554,6092558.4321179325],[690516.2014194538,6092572.782081082],[690542.920462302,6092600.72763671],[690556.8623786101,6092615.91127636],[690573.2771196761,6092629.014803681],[690586.9744252568,6092642.724571312],[690591.6327744012,6092676.922187641],[690601.0920084149,6092706.2464175075],[690618.7812363477,6092741.740509912],[690617.3471927707,6092796.912503336],[690611.6276659557,6092852.482067639],[690607.8146338225,6092862.2366657425],[690606.8786662829,6092876.404643748],[690614.246792905,6092906.014928823],[690628.114647432,6092921.637243546],[690629.4004797048,6092944.213669127],[690638.6736021672,6092961.114470035],[690657.3234122773,6092978.170437627],[690667.0067248868,6092993.54632933],[690664.9948547292,6093010.211375415],[690640.9944265843,6093040.568723663],[690611.09748545,6093055.739745422],[690596.7709628362,6093065.688702216],[690591.1403171513,6093062.34743385],[690589.7345622714,6093061.512075944],[690582.1938657521,6093060.899428831],[690573.8700950516,6093063.652010396],[690568.6666966495,6093068.254816029],[690555.890663925,6093068.208602504],[690545.5980877099,6093069.467958489],[690532.6306853651,6093071.19311592],[690528.2277652863,6093072.532619469],[690502.2424018792,6093080.448839513],[690468.4661322064,6093073.023336811],[690424.8768050349,6093034.671582324],[690412.8483367981,6093008.629217549],[690404.8881787685,6092991.402819261],[690387.9094172752,6092952.3307193015],[690358.5365027086,6092918.9991236925],[690341.642903196,6092897.310371213],[690321.2342496372,6092873.49125617],[690321.1651520841,6092850.349636663],[690326.5309206247,6092834.292928383],[690335.8919802591,6092813.128843461],[690324.6080464439,6092798.846848458],[690305.5128830823,6092793.882796545],[690272.8475191845,6092814.09697024],[690250.1814556926,6092824.956248395],[690225.6031129676,6092821.456516474],[690199.7032378751,6092807.733937538],[690192.0377757599,6092805.532991694],[690152.5311144827,6092789.595148446],[690143.1284175782,6092788.193560863],[690140.6153213803,6092774.628631335],[690146.9816934759,6092763.33210111],[690155.1251082096,6092750.230724201],[690163.2683020174,6092737.1200409625],[690161.001452839,6092728.72176108],[690146.0084517609,6092721.531419072],[690139.0872059677,6092707.966452869],[690128.8440038466,6092699.615483583],[690112.1501561035,6092695.670108512],[690102.9561261889,6092700.180073129],[690093.1276310597,6092711.130997991],[690085.1444977804,6092718.815249893],[690075.6823160776,6092724.354044018],[690057.2792504203,6092722.9002987705],[690037.7769600748,6092715.972288189],[690021.8396313688,6092699.071906406],[690012.7630201381,6092692.8728568815],[690004.862386618,6092687.467575454],[689997.3335528874,6092682.33350696],[689985.8207889819,6092670.548851799],[689977.8577586334,6092663.628660539],[689967.4341604488,6092655.392944412],[689952.0604006152,6092646.405760444],[689947.7767053632,6092632.766483543],[689944.2130296436,6092621.44679968],[689939.3451430871,6092592.388044871],[689929.0127669354,6092580.513341736],[689916.5698903424,6092566.199498896],[689907.4254613793,6092555.685721864],[689898.337092576,6092539.505924349],[689894.9778078091,6092533.5397895705],[689897.8256827244,6092502.923189011],[689897.3941742859,6092491.490994085],[689896.6800916607,6092472.800000593],[689894.2956852849,6092455.911549627],[689892.5552690291,6092446.42311242],[689882.1905463714,6092431.916622838],[689866.6875867409,6092416.7742116805],[689862.6066344829,6092399.354079332],[689867.7456274265,6092385.181418576],[689870.2758781554,6092372.431081532],[689871.7111155448,6092363.089686954],[689866.8123844295,6092336.896526525],[689876.3355049914,6092319.78513309],[689860.4627456486,6092309.524685681],[689835.3132226326,6092308.519614399],[689816.6789389036,6092314.149016084],[689799.2526966345,6092312.683529386],[689790.9481452281,6092302.561250183],[689797.7506227167,6092291.330195654],[689800.6370512884,6092278.470059891],[689794.2956826766,6092257.2744429335],[689787.4146098257,6092239.420251509],[689782.9805401482,6092223.691164281],[689790.1009611548,6092206.918811846],[689797.4838545531,6092190.299055908],[689818.6541600475,6092176.188782971],[689815.0575064048,6092163.651212385],[689788.1916029358,6092137.613680378],[689780.6887809916,6092111.596247755],[689772.704816356,6092069.608352061],[689777.2769513394,6092029.607108356],[689786.5555018132,6091990.390423171],[689813.2094826052,6091967.281370534],[689842.0626682576,6091969.659516904],[689857.721542906,6091961.4695714805],[689871.8373133354,6091961.479145553],[689929.8436314904,6091953.326958843],[689960.6471916619,6091948.380256278],[689975.9130750288,6091933.491730451],[689991.6188624335,6091925.00289184],[689995.936112251,6091905.517467739],[689977.0314117786,6091887.061113771],[689946.7073245312,6091874.9474511165],[689893.2642545772,6091875.2551711835],[689856.4196464677,6091872.161891384],[689807.8146685644,6091870.81376807],[689765.1307706642,6091863.108457984],[689730.0205098048,6091896.748387594],[689679.508574144,6091913.857383373],[689643.2282706063,6091905.328372223],[689601.101004925,6091884.9321528375],[689563.1935662872,6091872.9953819085],[689513.6658343355,6091849.88017099],[689476.1256464104,6091820.940863343],[689444.7819173532,6091797.275520216],[689384.1714704186,6091767.472054483],[689349.1890475645,6091738.645941481],[689346.6444425993,6091729.685931293],[689345.6399392314,6091720.712163985],[689345.6986427137,6091712.618334535],[689347.3058376388,6091705.273322079],[689354.9272011301,6091699.262323219],[689360.6254060236,6091691.366250127],[689365.46913504,6091681.637063563],[689367.7281494932,6091667.208952331],[689368.775424008,6091650.638976402],[689377.6126359303,6091629.914801184],[689382.7509151103,6091599.008426439],[689384.2613214526,6091587.786570247],[689393.0249801353,6091546.15338135],[689398.7662577664,6091518.908539925],[689400.7974767991,6091492.197466321],[689390.6466219686,6091459.845081801],[689396.2222986962,6091420.371793444],[689399.5017368288,6091410.6010387],[689408.4838270675,6091405.128783687],[689340.3495117968,6091356.0796985105],[689331.0023783847,6091386.63731442],[689284.1805971197,6091423.935403481],[689248.13422867,6091430.785262019],[689207.2237925243,6091418.073044103],[689163.3750309768,6091437.560147803],[689176.4136099739,6091462.21530919],[689217.4805049201,6091495.444226396],[689236.769099723,6091538.832178002],[689228.9224638314,6091602.742397156],[689215.7526544762,6091612.162646721],[689181.6016855574,6091602.908134365],[689100.1928163243,6091588.450340218],[689078.6527665128,6091592.548657592],[689062.3199474312,6091583.515124067],[689032.3727493351,6091584.887553588],[689020.7613499602,6091595.902632962],[689003.8613536479,6091601.270801071],[688992.6680778589,6091605.319314169],[688986.0914047945,6091598.973884135],[688944.3948890544,6091625.884048047],[688928.4389563922,6091638.822549075],[688924.2228207537,6091650.863767897],[688905.3683201298,6091661.946820348],[688858.7919409731,6091675.080558452],[688831.7692965313,6091687.571773266],[688818.7227118714,6091696.7097723875],[688816.0126638273,6091711.854077416],[688796.8410174617,6091721.27850898],[688774.6107703303,6091720.84195287],[688766.0899622381,6091719.243804012],[688758.5505459439,6091719.355224503],[688755.4415252887,6091723.466629213],[688755.2638675054,6091731.367575386],[688758.3467754378,6091739.479278153],[688766.0213652576,6091743.271781916],[688770.6795106416,6091749.406408452],[688772.3190291596,6091755.594965915],[688765.4615976249,6091759.505840493],[688744.3617830873,6091755.520144324],[688732.4902429482,6091764.33573748],[688744.4984439267,6091814.109285707],[688731.7261235114,6091829.073620147],[688714.8610928712,6091834.682321383],[688713.8260071117,6091851.893708143],[688722.7386450194,6091865.278379853],[688742.6295169416,6091871.24283798],[688752.0641843254,6091882.970133425],[688754.0583236458,6091898.443757774],[688741.4116405104,6091932.520648925],[688734.3151666764,6091939.589803116],[688718.7175036023,6091939.088584816],[688693.4629559803,6091929.357526772],[688676.4956515222,6091916.97862564],[688664.5859578222,6091893.387480976],[688643.0314292212,6091861.133620298],[688632.8297474645,6091825.870152458],[688621.204595967,6091815.862915259],[688616.9998141328,6091809.16062025],[688613.8442287785,6091804.129288865],[688612.2744489114,6091801.632058689],[688608.6554970255,6091774.825641791],[688557.4485546548,6091696.078642848],[688525.8202195147,6091716.98107481],[688515.7692570743,6091702.745679256],[688415.4559988051,6091767.370193564],[688332.3228958151,6091820.723496985],[688361.5726339319,6091857.821537175],[688339.9276455804,6091880.291212442],[688326.829080942,6091897.559279015],[688326.0125129072,6091916.505436457]],[[695066.037713378,6090454.004797883],[695072.1704232182,6090440.374452962],[695092.9597070381,6090394.417691562],[695117.807488669,6090339.061413769],[695118.4228761485,6090337.550423352],[695120.7166499941,6090332.561248148],[695123.0310695373,6090327.469300322],[695123.6352408718,6090326.144597104],[695141.0625894387,6090286.930215772],[695152.0790718509,6090291.789164249],[695153.4110556564,6090292.383555194],[695169.0256275982,6090299.366094552],[695170.4653195483,6090300.004660502],[695182.3459004826,6090305.328567088],[695183.7316407165,6090305.940393418],[695197.6682896842,6090312.196461914],[695199.0153209901,6090312.781218164],[695213.5143950318,6090319.304142339],[695214.823120353,6090319.880424313],[695226.9494530516,6090325.282669448],[695228.3582652565,6090325.903291479],[695238.4729085687,6090330.660757846],[695240.2579899998,6090331.403453726],[695245.028773553,6090333.402349884],[695247.5066300852,6090334.446303982],[695264.0407620682,6090296.962627018],[695297.3866947909,6090311.13257393],[695298.5953398049,6090311.6645027455],[695301.3740585707,6090312.869359199],[695303.1675703481,6090313.649068968],[695305.1544382921,6090314.554817345],[695305.5727624109,6090315.913177316],[695301.5179501367,6090324.428933324],[695303.4608631834,6090326.823994905],[695305.0381145447,6090328.8828015365],[695306.7241212178,6090331.385757697],[695308.1860854888,6090333.754037821],[695309.3664238709,6090335.793543382],[695310.448491582,6090337.87238865],[695311.4868477173,6090340.04520411],[695312.4812906645,6090342.302691904],[695313.5200908392,6090344.847587485],[695314.3517034536,6090347.331859834],[695315.2208583988,6090350.140896755],[695315.9016574102,6090352.7028571945],[695316.4951942405,6090355.108571562],[695317.0159850506,6090358.027486978],[695317.4397143945,6090361.041529538],[695317.6556505985,6090363.967055375],[695317.8463433299,6090367.134987036],[695317.9023922472,6090369.71979666],[695317.8268614523,6090372.214436963],[695317.6269690066,6090374.600146923],[695317.3823561417,6090377.03333781],[695316.9579337284,6090380.316932187],[695316.2782141459,6090383.7828049995],[695315.5559116699,6090386.6914661955],[695314.7174731788,6090389.51892529],[695313.7302350266,6090392.517051188],[695312.7405371553,6090395.050117884],[695311.6868433359,6090397.445038346],[695310.7460191845,6090399.418910165],[695309.7287788992,6090401.38513653],[695308.4380132786,6090403.747987877],[695306.7724259376,6090406.407335701],[695304.7771400687,6090409.334294653],[695303.3080160622,6090411.207993211],[695301.5108064449,6090413.423685857],[695299.5535460964,6090415.6428482365],[695297.6068910254,6090417.647828524],[695295.5902311472,6090419.589210389],[695293.2697213219,6090421.583690699],[695291.1934605417,6090423.237994039],[695289.4527047337,6090424.54083989],[695286.9057282116,6090426.28906764],[695284.0246172451,6090428.100352041],[695281.425056627,6090429.533441791],[695278.4464392883,6090431.067770813],[695275.788084652,6090432.250972821],[695272.5438867245,6090433.493385426],[695269.3490068073,6090434.548682801],[695265.6665558612,6090435.623850668],[695262.4642170619,6090436.335124185],[695259.0833599763,6090436.9014303805],[695256.1479348718,6090437.262732729],[695253.1864205827,6090437.47576374],[695250.7551821648,6090437.528463636],[695245.8611468186,6090448.4902621545],[695242.035860696,6090457.047518213],[695233.9776071996,6090475.054572625],[695228.3690336738,6090473.455215957],[695222.6912646197,6090471.8294488555],[695215.8969356043,6090470.051133817],[695209.5025525028,6090468.43158683],[695203.8695471952,6090467.111812105],[695198.1835965005,6090465.811785772],[695192.5834984817,6090464.602917967],[695187.0227183048,6090463.449008243],[695181.6167864834,6090462.403366758],[695176.8783548421,6090461.547908197],[695172.3238464296,6090460.734973303],[695167.1738583947,6090459.888427006],[695161.9562856772,6090459.089853305],[695156.2818298921,6090458.319779679],[695151.1589398375,6090457.66798429],[695145.1814411867,6090456.98818928],[695138.9149329119,6090456.342558034],[695133.3526203146,6090455.821201148],[695128.6393104577,6090455.42098304],[695122.2773517126,6090454.944848277],[695116.8339955278,6090454.634855906],[695111.5290343392,6090454.377675977],[695105.5241089767,6090454.1914674435],[695104.3413751607,6090454.151969496],[695097.4294984174,6090453.985399805],[695090.7324323556,6090453.879288062],[695084.5867285726,6090453.882159274],[695080.0670104839,6090453.970741538],[695074.9217299226,6090454.044962289],[695070.7393690664,6090454.219256228],[695066.3831243986,6090454.462429361],[695066.037713378,6090454.004797883]],[[694688.8121032646,6091838.351079831],[694688.7329099689,6091832.920315419],[694688.9020170241,6091826.274902864],[694689.8139394649,6091820.125062712],[694690.6460607835,6091815.223439018],[694692.2076543308,6091807.375867477],[694695.8188584738,6091797.679390674],[694696.7580370597,6091791.026642192],[694699.9986123182,6091783.9427819755],[694704.9298925977,6091773.929411525],[694710.8863297135,6091761.949730512],[694713.7058692146,6091755.851690393],[694716.316346786,6091748.548882054],[694718.6175462774,6091742.462039687],[694722.4259675792,6091735.542640349],[694734.6914398322,6091713.789543666],[694743.8472732215,6091697.415178075],[694748.0141937787,6091687.325272949],[694762.8441838302,6091652.6238677],[694775.2737933731,6091622.950985838],[694781.2528259839,6091604.6173565],[694785.5069850493,6091601.03707698],[694790.3548041703,6091600.22531837],[694793.6294688338,6091601.075448011],[694795.3974628354,6091605.6046066815],[694798.2229013937,6091613.189932331],[694796.8725067754,6091626.56777285],[694794.335006572,6091677.459113556],[694794.1623116161,6091682.52323965],[694794.8632314156,6091688.489398405],[694794.1827480787,6091696.169114953],[694792.9255293158,6091698.335795615],[694790.6464944265,6091700.505959172],[694790.2972098782,6091713.629600577],[694789.6708345859,6091734.749814039],[694791.4146441068,6091755.4467063015],[694791.7355182327,6091792.518305722],[694790.6791263456,6091795.862022148],[694788.7260261087,6091797.941418386],[694785.1976649393,6091800.175791315],[694780.4586772539,6091801.440994954],[694775.1738081612,6091801.090111155],[694770.5127439499,6091799.609479306],[694768.3610875884,6091797.442061529],[694766.7556177386,6091794.434943968],[694764.9481172198,6091790.54848454],[694761.4814590893,6091780.111932678],[694760.1577476425,6091774.968523449],[694757.244714343,6091774.6221830025],[694751.2810798322,6091774.9743174575],[694745.0019575971,6091776.607665528],[694739.793732669,6091781.9201382045],[694732.6338586974,6091791.144490393],[694716.2034838274,6091811.79688582],[694714.3159351841,6091819.381742143],[694718.2402717161,6091828.766575075],[694716.984110333,6091833.807594826],[694715.954961253,6091837.001876586],[694715.0586326394,6091841.049089434],[694709.8679175039,6091843.64492441],[694704.7176247153,6091843.170161942],[694699.5577120159,6091842.9560655635],[694693.7799774513,6091843.090192387],[694691.6153373383,6091842.439293458],[694688.8121032646,6091838.351079831]],[[691412.6706923359,6092288.163258394],[691416.0008226677,6092285.887970844],[691413.406901411,6092276.864345332],[691417.7265486766,6092268.754316539],[691425.3533880553,6092266.266845744],[691423.1936392023,6092262.96400952],[691429.6569845976,6092256.324664488],[691443.9219566084,6092252.914821019],[691444.171616426,6092254.974553816],[691436.4152031568,6092261.055351102],[691448.0605712116,6092258.184843366],[691466.7428426777,6092256.290373397],[691478.0287302447,6092251.576371474],[691499.9334428657,6092245.929792649],[691510.8405956628,6092244.209726286],[691520.8686030367,6092247.7732417965],[691542.6732376125,6092255.002609362],[691553.2047237146,6092266.824841967],[691554.5523100072,6092285.0187608],[691552.644488354,6092290.342825939],[691554.902903615,6092295.773688577],[691551.2025558813,6092297.852253991],[691551.9967102553,6092300.41202179],[691551.5352326398,6092303.8170480905],[691549.1625532783,6092308.081264826],[691549.2377760352,6092313.056219587],[691546.7564485822,6092318.308753077],[691545.0681489828,6092324.632762959],[691540.8636756544,6092329.187058117],[691530.9638633938,6092330.225308815],[691510.0481903022,6092324.642066576],[691507.1080880688,6092325.532411264],[691500.5600758897,6092322.443754377],[691495.4025929593,6092325.576470533],[691491.2535179446,6092324.483271265],[691488.0750575949,6092326.718156611],[691478.3599947074,6092323.529332697],[691478.8889158932,6092327.964435073],[691480.9282768754,6092332.060484425],[691473.9784791376,6092331.9569726335],[691473.5994569809,6092329.193039222],[691463.1442620318,6092324.550211959],[691464.2993777785,6092320.767681277],[691469.7157796739,6092320.847962521],[691464.2385451118,6092317.903968832],[691460.3010696908,6092319.95032437],[691448.5115329688,6092316.39624913],[691448.3181926112,6092312.679570923],[691457.1734216873,6092314.165827144],[691450.2803505769,6092308.833390115],[691440.9514821998,6092304.436371626],[691432.1397925701,6092301.767826405],[691422.8281616557,6092297.463443669],[691418.7844970073,6092291.996052191],[691413.114507633,6092291.465330938],[691412.6706923359,6092288.163258394]],[[691802.5819917363,6092755.921791955],[691817.2345458874,6092719.797394439],[691847.6741118701,6092700.8712274],[691871.1933185965,6092667.4788348125],[691935.9021214428,6092637.590663265],[692001.1162164216,6092631.085751275],[692009.9884073694,6092631.5572116915],[692014.5391481215,6092631.804449544],[692079.7671676482,6092635.261107532],[692113.1958216003,6092653.5620177295],[692124.1489196559,6092684.750736946],[692127.6912444127,6092713.185871195],[692122.9736724498,6092733.025261937],[692062.3519213393,6092748.204950638],[692022.8587339271,6092755.632111682],[691956.942312364,6092797.964734326],[691908.3397068202,6092826.040408423],[691868.8072086149,6092831.281736257],[691823.4133089932,6092803.002354575],[691802.5819917363,6092755.921791955]],[[690783.3577792004,6092665.052838683],[690786.073465792,6092653.191233178],[690797.0477009644,6092646.326691303],[690808.7220545538,6092637.949706734],[690814.3693267364,6092633.076886412],[690818.8092903396,6092638.182669951],[690822.5302154268,6092642.466500571],[690831.8313065699,6092644.111379112],[690835.077847342,6092657.688561039],[690833.8798395875,6092670.987758558],[690827.6614417842,6092674.821563864],[690822.76526271,6092671.223049626],[690819.3457830201,6092673.974387584],[690814.7487513155,6092677.662238361],[690810.1852922227,6092679.693635022],[690799.7928239965,6092677.653246636],[690793.868014685,6092673.378846152],[690785.937044547,6092669.807338402],[690783.3577792004,6092665.052838683]],[[694754.1791410603,6091859.319743984],[694755.4152191257,6091854.055899668],[694756.9016490827,6091849.084314695],[694761.9743468789,6091844.909630552],[694765.340165606,6091840.446255953],[694768.7821002735,6091838.446314882],[694775.347725506,6091842.304354636],[694773.2726252613,6091848.972362552],[694775.6930858612,6091856.166454508],[694772.398106615,6091861.437592203],[694770.8572654295,6091864.949912382],[694770.2274677958,6091866.861170344],[694763.2436242246,6091869.41206988],[694757.8220735403,6091868.031584502],[694754.1791410603,6091859.319743984]],[[694733.030905827,6091959.514779996],[694734.157921295,6091955.202120589],[694736.5171299583,6091948.6210090965],[694738.7193316247,6091943.950237364],[694749.4080445103,6091940.6216374645],[694756.4014929438,6091941.335612673],[694761.5234414828,6091944.024882411],[694763.2002898518,6091951.039701764],[694760.9066642486,6091956.772905138],[694757.3531159612,6091963.491460262],[694752.7886555117,6091967.54352745],[694746.6189273432,6091969.3047341015],[694737.8561145223,6091966.470875851],[694733.030905827,6091959.514779996]]]]},"properties":null,"id":""},{"type":"Feature","geometry":{"type":"MultiPolygon","coordinates":[[[[694062.564253194,6092925.6037822645],[694062.7765495651,6092928.734028537],[694064.1419966136,6092931.932472862],[694065.7171354404,6092934.242701159],[694068.5664547143,6092935.511568429],[694070.5000234288,6092935.339714654],[694073.121048621,6092932.3810277805],[694075.066330379,6092930.62755939],[694077.5104898766,6092930.081929254],[694080.7298444104,6092929.407984303],[694083.2027299714,6092928.071053392],[694086.0316359925,6092924.14046574],[694088.4412472188,6092920.218904132],[694090.6788192105,6092914.328994635],[694091.6307714207,6092909.657435749],[694096.3448038932,6092907.202504571],[694103.9644848063,6092906.861707521],[694107.2492056557,6092906.74447274],[694112.3748057415,6092906.401556561],[694123.7365082831,6092903.80347039],[694130.2795949208,6092900.574266677],[694131.9772584792,6092899.71912151],[694131.9622418814,6092899.021785106],[694127.2812409126,6092898.759802546],[694122.6685129723,6092897.063819457],[694120.2712150527,6092895.180597689],[694116.9010258669,6092890.974187648],[694114.6285288068,6092884.260472091],[694111.7069341352,6092875.384034319],[694108.8818406686,6092870.98914431],[694103.7867954512,6092866.019886296],[694099.1458458893,6092863.366380857],[694093.1904142739,6092861.652782934],[694089.779114154,6092861.912270805],[694090.5181739037,6092870.733380666],[694091.7273845943,6092873.051482764],[694098.544706821,6092874.058167509],[694104.5694236087,6092874.384253447],[694107.5075939624,6092875.88374784],[694109.8206098981,6092878.10366396],[694111.2753473073,6092881.19785599],[694113.1446612729,6092886.54353851],[694114.5302635302,6092892.44846183],[694115.6564845386,6092897.996187059],[694114.3807407143,6092902.860764],[694111.7676407524,6092904.061191398],[694110.3891759007,6092904.509468129],[694106.9213081263,6092904.267864501],[694098.6829425511,6092904.212691169],[694092.8898471058,6092905.435068603],[694088.6789647694,6092907.879165499],[694084.1080693053,6092916.628550902],[694081.161558625,6092921.473278357],[694078.8748412565,6092922.955034983],[694073.5867014469,6092923.896766618],[694070.2344167038,6092923.001511464],[694067.7696606942,6092922.235983382],[694064.6397707681,6092923.168457471],[694062.564253194,6092925.6037822645]]]]},"properties":null,"id":""},{"type":"Feature","geometry":{"type":"MultiPolygon","coordinates":[[[[693935.2351137843,6092820.141579896],[693937.2712605901,6092840.692666423],[693943.614944679,6092862.937089454],[693955.0253853062,6092879.6214591935],[693961.5496249304,6092883.313562613],[693965.9969519114,6092885.831770893],[693982.2479926263,6092885.026296218],[693995.6308541809,6092879.947724889],[694004.940495962,6092872.724281263],[694024.1796265589,6092854.8315377105],[694033.8407858058,6092849.767890304],[694049.052009767,6092844.240587387],[694060.503307702,6092841.910409708],[694087.9492672685,6092841.0404827595],[694110.9997709226,6092843.604582138],[694128.6528349126,6092843.094223963],[694142.1775189975,6092840.003028045],[694151.8807257083,6092835.124386109],[694160.0539409817,6092827.199679736],[694166.833645924,6092819.7328775525],[694172.2145696057,6092808.938127847],[694172.1805607269,6092800.985535395],[694179.5562814281,6092798.529036519],[694187.4345777603,6092806.303356563],[694191.98183188,6092809.209992683],[694197.2752303265,6092810.640117848],[694206.7292560008,6092810.482964007],[694225.9227900181,6092803.595166339],[694237.3339794631,6092797.991269325],[694246.6659316942,6092793.939106576],[694262.7415621502,6092789.955562437],[694272.1649123204,6092788.375772046],[694283.9167739137,6092787.964368744],[694291.4782260177,6092785.634002912],[694295.9058695579,6092782.989786867],[694303.6744678166,6092775.408536655],[694306.6881782992,6092772.273870704],[694308.2127153645,6092769.403856003],[694306.6740193113,6092768.432390446],[694303.4003612878,6092769.414562101],[694295.098071682,6092770.988828636],[694284.4692554737,6092772.194632631],[694281.3848022851,6092772.047159095],[694279.3682763262,6092769.783687191],[694276.3567321937,6092766.295171734],[694270.9995514136,6092764.736238236],[694264.2859362022,6092758.62987926],[694257.2962572159,6092753.515491708],[694250.4625803283,6092751.393026858],[694229.7310671532,6092744.946849262],[694211.4875786081,6092739.284216208],[694182.1494371113,6092736.920947004],[694167.0050477277,6092743.0609932905],[694159.5567959424,6092744.272561015],[694153.02856482,6092745.352681814],[694143.1182467893,6092734.589603873],[694133.1127936695,6092730.386569003],[694126.1072362729,6092728.425850803],[694117.5119645218,6092727.727241613],[694107.6009996599,6092728.619712997],[694099.2277448587,6092729.37674039],[694088.6449718545,6092729.176702481],[694077.6176945288,6092727.814153826],[694072.6172577428,6092722.275416629],[694070.5172795707,6092708.693007508],[694048.1821361531,6092713.834194133],[694049.0934666761,6092718.96795527],[694051.8795425678,6092727.931044752],[694050.5515105897,6092735.326917633],[694040.9647215337,6092748.091152422],[694019.9135431515,6092750.525611728],[694000.6650659598,6092749.54455501],[693979.1486398649,6092748.789000701],[693973.2965524371,6092748.32889244],[693971.2676293754,6092753.63755103],[693973.5346872606,6092761.876960147],[693972.6739686658,6092770.08134795],[693968.5721148809,6092778.299662748],[693961.726701448,6092785.553773088],[693956.9646978565,6092788.967786774],[693949.7536211486,6092785.253252713],[693950.978667024,6092780.510721059],[693949.2472230858,6092776.250393448],[693952.4958547904,6092768.431832753],[693959.87950228,6092754.645361254],[693958.6085314549,6092752.644845209],[693955.1340203974,6092753.863763181],[693949.5411086164,6092756.9421709515],[693944.5973616249,6092766.797156202],[693940.3367943828,6092775.083986124],[693938.6320046019,6092787.306438919],[693936.0296924978,6092802.124886412],[693935.2351137843,6092820.141579896]]]]},"properties":null,"id":""},{"type":"Feature","geometry":{"type":"MultiPolygon","coordinates":[[[[694059.1988980448,6092869.891378476],[694059.2711515308,6092873.247890592],[694060.3772462952,6092875.382173568],[694071.370888212,6092874.81993825],[694079.4754910463,6092873.26874646],[694082.8296475367,6092868.229199469],[694080.5425817794,6092864.734326856],[694070.8581314691,6092866.235811587],[694062.444157369,6092868.29597055],[694059.1988980448,6092869.891378476]]]]},"properties":null,"id":""},{"type":"Feature","geometry":{"type":"MultiPolygon","coordinates":[[[[694035.8477264559,6093033.376514247],[694037.2933451335,6093041.717310416],[694040.462357878,6093048.979176298],[694044.2034412299,6093054.470627364],[694048.1307920817,6093058.339498651],[694054.6499562513,6093062.496759895],[694061.3580077689,6093064.798828457],[694067.9192672174,6093065.950588764],[694074.920550477,6093065.93010666],[694080.7843842239,6093064.445765572],[694089.2218995555,6093060.636295386],[694096.8511051812,6093056.834917015],[694103.3516270097,6093052.685747293],[694108.2237439458,6093047.650722502],[694111.8161079381,6093042.336278914],[694114.0284291124,6093036.335283935],[694115.5472490618,6093029.298079912],[694115.3342956295,6093022.595831312],[694114.330876254,6093016.3757089265],[694111.2765492992,6093009.48348125],[694107.7310171531,6093004.573879774],[694103.1482672534,6093000.0214853585],[694098.155601183,6092996.622075877],[694091.3228252904,6092993.839011675],[694084.0339899503,6092992.191317955],[694077.9459713555,6092992.47121425],[694070.6435344261,6092994.088848587],[694065.2595759695,6092996.604694191],[694058.1602768549,6092999.864421234],[694049.693278407,6093004.42797219],[694045.7198120852,6093007.983189464],[694042.2139630481,6093012.002748297],[694039.5366599372,6093016.246327848],[694037.7878106307,6093020.748987099],[694036.4002117609,6093026.443844529],[694035.8477264559,6093033.376514247]]]]},"properties":null,"id":""},{"type":"Feature","geometry":{"type":"MultiPolygon","coordinates":[[[[694402.5354320263,6094742.706588599],[694407.2958032897,6094744.836505595],[694407.8344080813,6094743.6342264265],[694403.058787188,6094741.504638389],[694402.5354320263,6094742.706588599]]]]},"properties":null,"id":""},{"type":"Feature","geometry":{"type":"MultiPolygon","coordinates":[[[[694190.5333556863,6094670.59568295],[694190.5493875146,6094670.986026315],[694190.6191945296,6094671.393816222],[694190.8411008242,6094671.77972752],[694191.1362544951,6094672.024530329],[694191.5144823116,6094672.230336275],[694191.7672326878,6094673.694627969],[694200.7693890522,6094672.300852061],[694200.4899589851,6094670.660394868],[694200.8202535799,6094670.411429109],[694201.0267469167,6094670.081409707],[694201.048439181,6094669.671649944],[694201.0223798307,6094669.169897159],[694200.8841477223,6094668.7728825435],[694200.6774909981,6094668.38664316],[694200.4108353382,6094668.048206035],[694200.0635077157,6094667.860339422],[694199.8661326239,6094666.487876766],[694190.8639820485,6094667.881652026],[694191.1375867984,6094669.605953785],[694190.822341789,6094669.845293079],[694190.585748508,6094670.194564431],[694190.5333556863,6094670.59568295]]]]},"properties":null,"id":""},{"type":"Feature","geometry":{"type":"MultiPolygon","coordinates":[[[[694242.9429230319,6095035.94239896],[694243.6129323595,6095040.132524306],[694249.892806443,6095039.132212868],[694249.2153691135,6095034.951549839],[694242.9429230319,6095035.94239896]]]]},"properties":null,"id":""},{"type":"Feature","geometry":{"type":"MultiPolygon","coordinates":[[[[694435.8545596091,6094791.429245492],[694439.7838389168,6094793.223580306],[694439.1202175921,6094794.642504851],[694443.1805285057,6094796.499128833],[694445.4252414895,6094791.632244267],[694440.8333898447,6094789.535921415],[694441.3727951404,6094788.370831456],[694437.9752599467,6094786.8254953325],[694435.8545596091,6094791.429245492]]]]},"properties":null,"id":""},{"type":"Feature","geometry":{"type":"MultiPolygon","coordinates":[[[[694383.062517364,6094772.2232548315],[694391.6394089195,6094775.517423159],[694392.8793019595,6094774.99769165],[694394.0940157353,6094771.1855524145],[694394.214068982,6094769.322541457],[694392.7137334375,6094769.43859243],[694392.4229452795,6094770.458789794],[694384.6356129736,6094768.403394448],[694383.062517364,6094772.2232548315]]]]},"properties":null,"id":""},{"type":"Feature","geometry":{"type":"MultiPolygon","coordinates":[[[[694527.592987915,6094827.34828651],[694531.4368226196,6094829.070009094],[694534.880494398,6094821.433117129],[694536.5461848527,6094821.201851552],[694537.1215004018,6094819.933657441],[694531.9683655334,6094817.635533998],[694527.592987915,6094827.34828651]]]]},"properties":null,"id":""},{"type":"Feature","geometry":{"type":"MultiPolygon","coordinates":[[[[694496.7018690095,6094844.209376085],[694507.1762971667,6094849.174120229],[694509.5337654853,6094844.2303705625],[694499.0669664851,6094839.26546491],[694496.7018690095,6094844.209376085]]]]},"properties":null,"id":""},{"type":"Feature","geometry":{"type":"MultiPolygon","coordinates":[[[[694489.4793585136,6094792.989460552],[694491.991385228,6094794.860840216],[694496.3299797396,6094789.102302367],[694493.8027033686,6094787.231252728],[694489.4793585136,6094792.989460552]]]]},"properties":null,"id":""},{"type":"Feature","geometry":{"type":"MultiPolygon","coordinates":[[[[694421.2728175693,6094588.110776894],[694421.3251236212,6094590.537503769],[694425.0863670381,6094592.326159482],[694429.883099435,6094582.343910756],[694426.8771167796,6094580.911062692],[694423.7663849172,6094587.3593705],[694421.2728175693,6094588.110776894]]]]},"properties":null,"id":""},{"type":"Feature","geometry":{"type":"MultiPolygon","coordinates":[[[[694343.1139791436,6094302.154909894],[694346.6044139724,6094310.144639587],[694350.5869577546,6094308.40304536],[694347.1045452165,6094300.431748383],[694343.1139791436,6094302.154909894]]]]},"properties":null,"id":""},{"type":"Feature","geometry":{"type":"MultiPolygon","coordinates":[[[[694323.338098302,6094571.086690355],[694326.6510583148,6094572.605979336],[694329.9751740574,6094565.436848676],[694326.6543907258,6094563.908427457],[694323.338098302,6094571.086690355]]]]},"properties":null,"id":""},{"type":"Feature","geometry":{"type":"MultiPolygon","coordinates":[[[[694529.009955914,6093542.0507541485],[694531.9134929706,6093545.8205984775],[694540.1073523606,6093539.541612294],[694537.2114375349,6093535.771606019],[694529.009955914,6093542.0507541485]]]]},"properties":null,"id":""},{"type":"Feature","geometry":{"type":"MultiPolygon","coordinates":[[[[694640.1054899984,6093176.338985853],[694640.6829019698,6093177.64742705],[694641.8663950551,6093178.412560595],[694643.2767858155,6093178.382111922],[694647.94628303,6093174.923221501],[694648.5064075465,6093173.311157102],[694647.9976081894,6093172.001235025],[694646.6526119043,6093171.174473921],[694644.9828188604,6093171.554703402],[694640.7350324765,6093174.762632042],[694640.1054899984,6093176.338985853]]]]},"properties":null,"id":""},{"type":"Feature","geometry":{"type":"MultiPolygon","coordinates":[[[[694621.2437902384,6093224.773206251],[694625.9220332752,6093230.904665887],[694628.9013050729,6093228.645043688],[694624.2230609527,6093222.513585539],[694621.2437902384,6093224.773206251]]]]},"properties":null,"id":""},{"type":"Feature","geometry":{"type":"MultiPolygon","coordinates":[[[[694197.9056014474,6093572.554726181],[694199.9362848819,6093575.469067333],[694202.6449244276,6093577.98741975],[694205.0147607254,6093578.941009308],[694208.9453409099,6093579.40517918],[694212.9955460284,6093578.694703055],[694215.3186776207,6093573.584310094],[694208.9930316126,6093570.995030912],[694208.9692011772,6093569.888591271],[694207.6259955104,6093569.145444674],[694206.468513069,6093569.94245061],[694199.8286845749,6093567.285515083],[694197.9056014474,6093572.554726181]]]]},"properties":null,"id":""},{"type":"Feature","geometry":{"type":"MultiPolygon","coordinates":[[[[693930.2728554814,6093200.369970068],[693948.4651879016,6093204.332029117],[693954.467035247,6093176.994233412],[693936.2747534509,6093173.032188563],[693930.2728554814,6093200.369970068]]]]},"properties":null,"id":""},{"type":"Feature","geometry":{"type":"MultiPolygon","coordinates":[[[[692609.8437886048,6093415.683119711],[692610.0776989679,6093419.491951885],[692626.269348477,6093418.364684537],[692634.5891686424,6093418.289261567],[692634.5063194026,6093420.123530202],[692641.2128618755,6093420.222098334],[692641.3875934274,6093418.404470507],[692648.7629736358,6093418.749199704],[692655.993228078,6093419.441198721],[692665.5631420189,6093420.399467455],[692666.3415184005,6093416.84806544],[692653.9609361232,6093415.354523312],[692640.2885978484,6093414.446684616],[692624.7010570812,6093414.575057415],[692609.8437886048,6093415.683119711]]]]},"properties":null,"id":""},{"type":"Feature","geometry":{"type":"MultiPolygon","coordinates":[[[[691847.3975111168,6093384.265483972],[691860.2692396219,6093385.554327767],[691871.4976109038,6093391.696546875],[691917.5724531395,6093454.694941947],[691921.3390527074,6093461.442420123],[691921.2033239594,6093467.965994127],[691920.447807154,6093472.605157228],[691918.4955463399,6093476.56284252],[691893.6586857244,6093502.978846952],[691882.6134634754,6093517.994736776],[691881.5312917354,6093521.980406037],[691879.5577539708,6093529.240733685],[691882.4334698843,6093534.267716603],[691890.7455580251,6093538.844136728],[691900.6081275969,6093534.559979428],[691902.2332242565,6093533.864953287],[691910.4766979283,6093525.540978215],[691920.4372238594,6093524.426686196],[691929.173251661,6093532.435779145],[691941.0870419553,6093553.567422372],[691946.8513465159,6093562.430426298],[691955.0291544602,6093575.027952861],[691958.3972940545,6093592.43466454],[691969.8944021895,6093599.361726994],[691977.983352348,6093612.798305877],[691977.4374265929,6093621.191010199],[691977.8584657204,6093629.14453848],[691983.922979505,6093635.266350212],[692015.1431395911,6093663.605162488],[692022.0731794059,6093669.8945603045],[692045.5763447082,6093682.202860556],[692097.965757159,6093702.062925076],[692165.8220573671,6093730.774169246],[692187.5988842627,6093736.505195794],[692231.9645264216,6093746.69401808],[692248.4948802895,6093753.913438112],[692266.6652028726,6093763.637307698],[692279.4428901509,6093776.582996115],[692291.6742510288,6093785.726500332],[692308.8011038213,6093800.523526348],[692326.4040087993,6093819.756724664],[692343.8221313516,6093845.700574523],[692352.490809411,6093869.114842961],[692362.5188577281,6093899.755666978],[692377.6749426312,6093915.478308728],[692393.5316311019,6093925.781519429],[692414.5484161796,6093935.9001917085],[692436.0089897345,6093939.6467785],[692458.7578187904,6093936.919533827],[692479.9884684961,6093928.820169624],[692499.6485626646,6093920.400801951],[692507.3349078353,6093915.641534293],[692513.3577164968,6093911.922389034],[692516.3437826028,6093910.305207902],[692523.424770119,6093906.489049356],[692540.3028274196,6093900.31495225],[692555.5412842217,6093896.659468504],[692574.0973170731,6093895.4818651695],[692602.30786787,6093899.558313746],[692623.1152306406,6093909.504246835],[692641.0929348761,6093927.314972987],[692642.3761677998,6093928.468916992],[692649.7738832603,6093938.766352247],[692655.1038525049,6093946.177820666],[692661.0791762315,6093951.3058071695],[692664.6544433376,6093949.062055606],[692666.4592151019,6093944.279469257],[692659.0185084697,6093929.471486388],[692657.9465684602,6093928.210708464],[692651.5771206068,6093920.700522082],[692650.072936133,6093918.844346213],[692644.6513406168,6093912.141786377],[692637.6942818426,6093903.546506172],[692627.5005308555,6093894.118063292],[692616.0395940406,6093886.428246999],[692605.016918494,6093880.329003426],[692586.062494661,6093871.422496234],[692568.3116659891,6093866.369189108],[692559.0958287909,6093864.510234803],[692554.2412126439,6093865.423169039],[692549.7787645331,6093867.555592503],[692546.3245387673,6093870.466459496],[692543.6789152616,6093874.0949192345],[692536.2093167958,6093889.360865039],[692527.4922534737,6093896.2165130265],[692508.5854984246,6093903.47571812],[692505.6121839209,6093904.618222177],[692499.722079365,6093904.548612852],[692472.8592918913,6093907.149826359],[692452.4974974999,6093906.635583358],[692447.3271063387,6093922.419798364],[692442.8057106517,6093925.009221482],[692435.2863791817,6093922.583721708],[692430.725895064,6093925.843716813],[692428.1355660646,6093924.559501436],[692426.5810370313,6093920.34165702],[692423.211958948,6093916.878784781],[692418.7866687451,6093921.112599246],[692416.8038190879,6093920.057271006],[692415.2467170733,6093915.7185538765],[692423.7002866068,6093911.16623788],[692427.9442602714,6093904.154990751],[692431.0122199802,6093904.945309807],[692433.0234973012,6093913.767200394],[692439.8234995198,6093912.152378373],[692444.0542524847,6093904.164694684],[692451.9762220494,6093898.293508275],[692463.3591850859,6093896.618069934],[692466.9370641748,6093890.2070441395],[692463.7546918296,6093883.69844615],[692453.788339499,6093879.911283507],[692439.1668504096,6093883.525523109],[692430.8285285461,6093884.540635651],[692417.750226062,6093878.6152639035],[692399.1588570673,6093870.984306171],[692385.8454227598,6093861.901227223],[692373.8424048311,6093850.241427935],[692338.775565388,6093811.865223348],[692322.4520983114,6093791.823393594],[692302.6744506515,6093767.539073962],[692282.6457374941,6093752.580669541],[692269.4010477534,6093744.919175163],[692217.3560632612,6093721.927255262],[692199.0409176701,6093711.843603756],[692147.4920038197,6093690.636013865],[692098.8893404136,6093657.337914186],[692076.1786254324,6093632.817971591],[692074.2278597141,6093630.757276653],[692050.7226976572,6093609.398270016],[692027.7972851702,6093579.4411338065],[691978.0546663989,6093501.507922037],[691950.3138414333,6093439.161333781],[691949.0453213679,6093416.8356851805],[691920.1892260276,6093374.456207149],[691915.6501854269,6093367.250770677],[691914.0731845692,6093356.587063957],[691914.9878174164,6093350.465498918],[691917.791096913,6093341.699179191],[691923.9129723668,6093334.043569075],[691899.1765465142,6093354.048421558],[691847.3975111168,6093384.265483972]]]]},"properties":null,"id":""},{"type":"Feature","geometry":{"type":"MultiPolygon","coordinates":[[[[692742.4944617819,6094127.439355329],[692749.4113123906,6094140.5655121375],[692757.1742583701,6094149.022571079],[692766.9890413496,6094155.333511852],[692777.904259749,6094159.239603404],[692787.8544801322,6094159.752468295],[692799.0484976079,6094164.2106969],[692814.688067567,6094169.308731155],[692840.1047969647,6094180.7370140385],[692841.850929122,6094182.13219019],[692848.8656048535,6094176.280057376],[692841.4259942323,6094170.820711238],[692834.9283234002,6094170.885226512],[692828.6968015602,6094163.418708674],[692815.6900704466,6094163.371221956],[692807.82215548,6094160.711613888],[692796.8999238189,6094154.694148292],[692773.5843782318,6094142.709228327],[692764.0493967915,6094135.927213715],[692747.6235031267,6094122.585708652],[692742.4944617819,6094127.439355329]]]]},"properties":null,"id":""},{"type":"Feature","geometry":{"type":"MultiPolygon","coordinates":[[[[692721.296946736,6094106.404689351],[692742.4944617819,6094127.439355329],[692747.6235031267,6094122.585708652],[692729.1140604572,6094100.265743885],[692721.296946736,6094106.404689351]]]]},"properties":null,"id":""},{"type":"Feature","geometry":{"type":"MultiPolygon","coordinates":[[[[692862.3001450415,6094190.624866163],[692892.4681809556,6094208.779093771],[692908.8313346931,6094221.665899925],[692935.6919676055,6094240.672107212],[692949.2505223323,6094252.958398345],[692993.8907016813,6094282.579066001],[692998.9453143538,6094276.387374617],[692941.4043599742,6094234.2059204625],[692918.4193867055,6094216.298187479],[692870.0365526082,6094185.706089574],[692862.3001450415,6094190.624866163]]]]},"properties":null,"id":""},{"type":"Feature","geometry":{"type":"MultiPolygon","coordinates":[[[[692558.7404492662,6095023.063654941],[692561.1137987463,6095032.752183817],[692562.0529233641,6095033.504203741],[692563.2102864904,6095033.758559568],[692564.4821953585,6095033.303518696],[692565.2283291358,6095032.1620509485],[692565.4600002792,6095030.864128655],[692563.5575500227,6095023.937543433],[692564.1064509315,6095023.563049224],[692564.5081746737,6095022.726596817],[692564.4853513237,6095021.657354653],[692563.9037353408,6095021.213971717],[692563.0233467465,6095020.711852153],[692562.0787811428,6095020.06227047],[692560.6845574507,6095020.147842169],[692559.8307626917,6095020.891621858],[692559.0146969542,6095021.615992151],[692558.7404492662,6095023.063654941]]]]},"properties":null,"id":""},{"type":"Feature","geometry":{"type":"MultiPolygon","coordinates":[[[[692795.7789158627,6094891.679719059],[692796.9561679958,6094894.649806572],[692802.7206041459,6094892.377842383],[692801.5357251912,6094889.407918511],[692795.7789158627,6094891.679719059]]]]},"properties":null,"id":""},{"type":"Feature","geometry":{"type":"MultiPolygon","coordinates":[[[[692783.4773667309,6094839.72112814],[692802.881347168,6094844.21788924],[692803.6507513956,6094840.955042265],[692801.2811870337,6094838.9499421865],[692798.9518442482,6094841.325229784],[692783.7897704993,6094837.919163566],[692783.4773667309,6094839.72112814]]]]},"properties":null,"id":""},{"type":"Feature","geometry":{"type":"MultiPolygon","coordinates":[[[[692684.4110094608,6094973.916875023],[692689.0540591809,6094985.9289110415],[692691.70242062,6094984.914236892],[692687.0744194607,6094972.892578594],[692684.4110094608,6094973.916875023]]]]},"properties":null,"id":""},{"type":"Feature","geometry":{"type":"MultiPolygon","coordinates":[[[[692808.1917142483,6095023.437871475],[692809.3407235187,6095030.082855765],[692821.0536482149,6095028.074434534],[692819.912454312,6095021.438586142],[692808.1917142483,6095023.437871475]]]]},"properties":null,"id":""},{"type":"Feature","geometry":{"type":"MultiPolygon","coordinates":[[[[692892.1298552819,6094782.590974402],[692892.9309176933,6094785.448168997],[692898.8913846866,6094783.785878556],[692898.097945487,6094780.9285213575],[692892.1298552819,6094782.590974402]]]]},"properties":null,"id":""},{"type":"Feature","geometry":{"type":"MultiPolygon","coordinates":[[[[693028.925483561,6094847.523081525],[693029.0423859067,6094849.064716607],[693029.7917034231,6094849.857959043],[693035.8218849824,6094848.95685412],[693039.8046973811,6094848.276296025],[693040.2624659969,6094847.9223250635],[693040.2817540602,6094846.684742553],[693040.0409933421,6094845.415516789],[693039.4673856715,6094844.990596242],[693038.5269137014,6094844.889795206],[693032.791128999,6094845.645072071],[693031.8135959746,6094846.30782966],[693031.2559699356,6094846.273251796],[693029.8790775066,6094846.098070259],[693029.167427472,6094846.708627999],[693028.925483561,6094847.523081525]]]]},"properties":null,"id":""},{"type":"Feature","geometry":{"type":"MultiPolygon","coordinates":[[[[692962.1707502105,6094945.022542169],[692962.8203317785,6094948.999214908],[692971.6386791782,6094947.554813147],[692970.9818663468,6094943.596899519],[692962.1707502105,6094945.022542169]]]]},"properties":null,"id":""},{"type":"Feature","geometry":{"type":"MultiPolygon","coordinates":[[[[692909.6278095028,6094989.409965075],[692909.711616753,6094989.761649617],[692909.9057556464,6094990.278411166],[692910.306769163,6094990.837259015],[692910.6689313594,6094991.006252905],[692911.1121173623,6094991.396762595],[692912.1356142357,6094991.812070938],[692912.7082998612,6094991.837032634],[692913.3661255366,6094991.562509077],[692914.148807809,6094991.062067071],[692915.0087361704,6094990.606483219],[692916.2915598117,6094990.662768869],[692917.125689443,6094990.784461616],[692918.3554051848,6094990.497707996],[692919.227531634,6094990.255809289],[692919.7845094672,6094989.546247005],[692920.0344908016,6094988.750229621],[692919.8823943052,6094987.702354146],[692919.6834828957,6094986.962446404],[692919.1861945593,6094986.182409335],[692918.4313693902,6094985.845074478],[692917.3735246107,6094985.60723973],[692916.4015453759,6094985.460588843],[692915.084175369,6094985.5724783335],[692913.983363111,6094985.465790283],[692913.1949153976,6094985.696597083],[692912.1054361598,6094986.119881464],[692911.3169883483,6094986.350688095],[692910.4455874821,6094986.983255275],[692910.1125934117,6094987.464778883],[692909.8168600607,6094988.261774296],[692909.6451880722,6094988.795660298],[692909.6278095028,6094989.409965075]]]]},"properties":null,"id":""},{"type":"Feature","geometry":{"type":"MultiPolygon","coordinates":[[[[692888.8815246818,6094992.439536475],[692890.0929717376,6095000.218025332],[692893.9935717685,6094999.6137105925],[692892.781922553,6094991.825924344],[692888.8815246818,6094992.439536475]]]]},"properties":null,"id":""},{"type":"Feature","geometry":{"type":"MultiPolygon","coordinates":[[[[693083.265133834,6094966.62610388],[693088.3289605577,6094970.471082849],[693089.4940754647,6094968.948518172],[693084.4453003726,6094965.093915682],[693083.265133834,6094966.62610388]]]]},"properties":null,"id":""},{"type":"Feature","geometry":{"type":"MultiPolygon","coordinates":[[[[693000.4126384638,6094289.704394704],[693026.2292671978,6094305.532796134],[693034.2294090095,6094310.4404883655],[693057.0430622268,6094317.114759991],[693067.7172350923,6094317.583926456],[693075.0803557201,6094310.905578425],[693080.1885527828,6094307.931197812],[693088.2079691441,6094309.461791247],[693097.7781451555,6094317.154335667],[693101.8451152367,6094323.978679137],[693102.4579060653,6094329.797938639],[693120.7981304795,6094347.7116752695],[693144.7351897075,6094367.654299983],[693147.6103516442,6094373.322788216],[693155.1167254223,6094392.212623239],[693175.3377533017,6094409.602278007],[693203.128979667,6094437.0991970105],[693207.0095023932,6094446.253005475],[693216.1993533822,6094461.106858583],[693218.6401118771,6094464.654465193],[693235.8526091563,6094479.755030165],[693247.2794774467,6094488.998306748],[693254.5281340439,6094490.86154723],[693260.7374692655,6094489.788999561],[693269.9430579805,6094491.842849146],[693275.1886802234,6094490.65141045],[693276.9013735156,6094485.852061614],[693273.4562315035,6094480.288841968],[693273.3187790723,6094472.450159673],[693271.1760653963,6094464.3009676095],[693263.4055906652,6094455.528198022],[693237.150331446,6094434.221613072],[693217.2950182627,6094425.01005272],[693191.0952675828,6094399.16275848],[693189.5759870876,6094397.679066811],[693171.7006152975,6094373.699869404],[693154.6638410533,6094366.790536364],[693149.6806459081,6094362.4229695145],[693139.715057374,6094350.162337166],[693130.4365008357,6094343.979821464],[693117.8613355894,6094331.682025628],[693115.1347346159,6094319.768679034],[693114.6976412944,6094317.88042137],[693109.2242110951,6094299.877237134],[693106.1091661449,6094295.116173061],[693099.3294144047,6094287.354594074],[693093.4321917297,6094282.690299962],[693090.584394585,6094280.435060613],[693076.8099236368,6094277.316098226],[693065.1976631114,6094278.634413714],[693051.0981367708,6094281.354748668],[693038.2825115512,6094283.117378021],[693037.1644799224,6094283.271535817],[693022.6772509312,6094282.846733272],[693008.9053294206,6094280.202017883],[693000.4126384638,6094289.704394704]]]]},"properties":null,"id":""},{"type":"Feature","geometry":{"type":"MultiPolygon","coordinates":[[[[694001.4868373248,6095068.746601613],[694001.7259935688,6095069.225167348],[694002.4236681426,6095069.740383411],[694002.8063332418,6095069.797269077],[694003.0043364106,6095070.490667788],[694006.1893442369,6095069.9570712205],[694009.2216456118,6095069.41745538],[694009.1326229798,6095068.470556742],[694009.8016506768,6095068.363148344],[694010.3617517597,6095067.802280024],[694010.3640055703,6095067.197595765],[694010.0682725348,6095066.571413502],[694009.5766537525,6095066.414548233],[694008.9152515061,6095066.521792633],[694008.6883735412,6095065.549952306],[694002.3255863315,6095066.598386663],[694002.4092097935,6095067.294245039],[694001.9117377975,6095067.574703389],[694001.6691000153,6095067.998515117],[694001.4868373248,6095068.746601613]]]]},"properties":null,"id":""},{"type":"Feature","geometry":{"type":"MultiPolygon","coordinates":[[[[694248.8421259213,6095192.648857147],[694250.3470450526,6095202.309246393],[694254.6514278252,6095201.677046495],[694253.0788762531,6095192.06462439],[694248.8421259213,6095192.648857147]]]]},"properties":null,"id":""}],"crs":{"type":"name","properties":{"name":"urn:ogc:def:crs:EPSG::28355"}}}